email,target,email_spaced
What to think no one saying clearly. Ok leave no need to ask her. I will go if she come or not,ham,What to think no one saying clearly. Ok leave no need to ask her. I will go if she come or not
"FREE RING TONE just text \POLYS\"" to 87131. Then every week get a new tone. 0870737910216yrs only 1.50/wk.""",spam,"F REE RING TO NE j ust t e x t \P O L Y S\"" to 87131. T h e n e v e r y w eek g e t a n e w t one. 0870737910216yrs o nly 1.50/wk."""
"Trust me. Even if isn't there, its there.",ham,"Trust me. Even if isn't there, its there."
Hi dear we saw dear. We both are happy. Where you my battery is low,ham,Hi dear we saw dear. We both are happy. Where you my battery is low
"URGENT, IMPORTANT INFORMATION FOR O2 USER. TODAY IS YOUR LUCKY DAY! 2 FIND OUT WHY LOG ONTO HTTP://WWW.URAWINNER.COM THERE IS A FANTASTIC SURPRISE AWAITING FOR YOU",spam,"U RGENT, IMPORT ANT IN FORMATION FOR O2 U S E R. TOD AY IS Y O U R L U C K Y DAY! 2 F IND O U T WHY L O G O N T O HTTP://WWW.URAWINNER.COM THE RE IS A FANTA STIC SURPRISE A W A I T I N G FOR Y O U"
"Yeah there's barely enough room for the two of us, x has too many fucking shoes. Sorry man, see you later",ham,"Yeah there's barely enough room for the two of us, x has too many fucking shoes. Sorry man, see you later"
Jus telling u dat i'll b leaving 4 shanghai on 21st instead so we'll haf more time 2 meet up cya...,ham,Jus telling u dat i'll b leaving 4 shanghai on 21st instead so we'll haf more time 2 meet up cya...
Am slow in using biola's fne,ham,Am slow in using biola's fne
Your gonna be the death if me. I'm gonna leave a note that says its all robs fault. Avenge me.,ham,Your gonna be the death if me. I'm gonna leave a note that says its all robs fault. Avenge me.
"Good morning, my boytoy! How's those yummy lips ? Where's my sexy buns now ? What do you do ? Do you think of me ? Do you crave me ? Do you need me ?",ham,"Good morning, my boytoy! How's those yummy lips ? Where's my sexy buns now ? What do you do ? Do you think of me ? Do you crave me ? Do you need me ?"
"Lol, oh you got a friend for the dog ?",ham,"Lol, oh you got a friend for the dog ?"
"\SYMPTOMS\"" when U are in love: \""1.U like listening songs 2.U get stopped where u see the name of your beloved 3.U won't get angry when your""",ham,"\SYMPTOMS\"" when U are in love: \""1.U like listening songs 2.U get stopped where u see the name of your beloved 3.U won't get angry when your"""
By monday next week. Give me the full gist,ham,By monday next week. Give me the full gist
Convey my regards to him,ham,Convey my regards to him
"Yeah, that's fine! It's 6 to get in, is that ok?",ham,"Yeah, that's fine! It's 6 to get in, is that ok?"
U definitely need a module from e humanities dis sem izzit? U wan 2 take other modules 1st?,ham,U definitely need a module from e humanities dis sem izzit? U wan 2 take other modules 1st?
Hello darlin ive finished college now so txt me when u finish if u can love Kate xxx,ham,Hello darlin ive finished college now so txt me when u finish if u can love Kate xxx
Ok...,ham,Ok...
"I'm taking derek &amp; taylor to walmart, if I'm not back by the time you're done just leave the mouse on my desk and I'll text you when priscilla's ready",ham,"I'm taking derek &amp; taylor to walmart, if I'm not back by the time you're done just leave the mouse on my desk and I'll text you when priscilla's ready"
Dear U've been invited to XCHAT. This is our final attempt to contact u! Txt CHAT to 86688,spam,De ar U've b e e n invited to XCHAT. T h i s is o u r f i n a l a t t e m p t to c o n t a c t u! Txt C H A T to 8 6 6 8 8
Hey... Very inconvenient for your sis a not huh?,ham,Hey... Very inconvenient for your sis a not huh?
This is wishing you a great day. Moji told me about your offer and as always i was speechless. You offer so easily to go to great lengths on my behalf and its stunning. My exam is next friday. After that i will keep in touch more. Sorry.,ham,This is wishing you a great day. Moji told me about your offer and as always i was speechless. You offer so easily to go to great lengths on my behalf and its stunning. My exam is next friday. After that i will keep in touch more. Sorry.
U have a secret admirer. REVEAL who thinks U R So special. Call 09065174042. To opt out Reply REVEAL STOP. 1.50 per msg recd. Cust care 07821230901,spam,U ha ve a s e c r e t a d m i r e r. REVE AL who thin ks U R So sp ecial. Ca ll 09065174042. To o p t o u t R e p l y R EVEAL S T O P. 1.50 p e r msg recd. Cust care 07821230901
Is she replying. Has boye changed his phone number,ham,Is she replying. Has boye changed his phone number
Hope you are having a great new semester. Do wish you the very best. You are made for greatness.,ham,Hope you are having a great new semester. Do wish you the very best. You are made for greatness.
When can _ come out?,ham,When can _ come out?
Jay is snickering and tells me that x is totally fucking up the chords as we speak,ham,Jay is snickering and tells me that x is totally fucking up the chords as we speak
Shall i get my pouch?,ham,Shall i get my pouch?
It shall be fine. I have avalarr now. Will hollalater,ham,It shall be fine. I have avalarr now. Will hollalater
Yunny... I'm goin to be late,ham,Yunny... I'm goin to be late
Yo do you know anyone &lt;#&gt; or otherwise able to buy liquor? Our guy flaked and right now if we don't get a hold of somebody its just 4 loko all night,ham,Yo do you know anyone &lt;#&gt; or otherwise able to buy liquor? Our guy flaked and right now if we don't get a hold of somebody its just 4 loko all night
Gudnite....tc...practice going on,ham,Gudnite....tc...practice going on
Not planned yet :)going to join company on jan 5 only.don know what will happen after that.,ham,Not planned yet :)going to join company on jan 5 only.don know what will happen after that.
U have won a nokia 6230 plus a free digital camera. This is what u get when u win our FREE auction. To take part send NOKIA to 83383 now. POBOX114/14TCR/W1 16,spam,U h a v e won a n o k i a 6230 pl us a fr ee d i g i t a l c amera. T h i s is w h a t u g e t w hen u w i n o u r F REE a u c t i o n. To ta ke p a r t se nd N O K I A to 83383 n o w. POBOX114/14TCR/W1 16
IM GONNAMISSU SO MUCH!!I WOULD SAY IL SEND U A POSTCARD BUTTHERES ABOUTAS MUCH CHANCE OF MEREMEMBERIN ASTHERE IS OFSI NOT BREAKIN HIS CONTRACT!! LUV Yaxx,ham,IM GONNAMISSU SO MUCH!!I WOULD SAY IL SEND U A POSTCARD BUTTHERES ABOUTAS MUCH CHANCE OF MEREMEMBERIN ASTHERE IS OFSI NOT BREAKIN HIS CONTRACT!! LUV Yaxx
Gud ni8.swt drms.take care,ham,Gud ni8.swt drms.take care
PRIVATE! Your 2003 Account Statement for 07808 XXXXXX shows 800 un-redeemed S. I. M. points. Call 08719899217 Identifier Code: 41685 Expires 07/11/04,spam,PRIVA TE! Yo ur 2 0 0 3 A c c o u n t S t a t e m e n t for 07808 XXXXXX s h o w s 800 un-r e d e e m e d S. I. M. poi nts. C a l l 08719899217 Identi fier Co de: 41685 E x p i r e s 07/11/04
"How about clothes, jewelry, and trips?",ham,"How about clothes, jewelry, and trips?"
K do I need a login or anything,ham,K do I need a login or anything
Had your mobile 11mths ? Update for FREE to Oranges latest colour camera mobiles & unlimited weekend calls. Call Mobile Upd8 on freefone 08000839402 or 2StopTxt,spam,Had yo ur mo bile 11mths ? U p d a t e for F R E E to Oranges l a t e s t c o l o u r c a m era m o b i l e s & u n l i m i t e d wee kend c a l l s. C a l l M obile Upd8 on freefone 080 00839402 or 2StopTxt
"Hello.How u doing?What u been up 2?When will u b moving out of the flat, cos I will need to arrange to pick up the lamp, etc. Take care. Hello caroline!",ham,"Hello.How u doing?What u been up 2?When will u b moving out of the flat, cos I will need to arrange to pick up the lamp, etc. Take care. Hello caroline!"
"I got another job! The one at the hospital doing data analysis or something, starts on monday! Not sure when my thesis will got finished",ham,"I got another job! The one at the hospital doing data analysis or something, starts on monday! Not sure when my thesis will got finished"
Genius what's up. How your brother. Pls send his number to my skype.,ham,Genius what's up. How your brother. Pls send his number to my skype.
"Sunshine Hols. To claim ur med holiday send a stamped self address envelope to Drinks on Us UK, PO Box 113, Bray, Wicklow, Eire. Quiz Starts Saturday! Unsub Stop",spam,"S u n s h i n e Hols. To cla im ur m e d h oliday s end a stamped self address envelope to Drinks on Us UK, PO Box 113, Bray, Wicklow, Eire. Q u i z Starts S a t u r d a y! Un sub S t o p"
"Ok omw now, you at castor?",ham,"Ok omw now, you at castor?"
Have you bookedthe hut? And also your time off? How are you by the way?,ham,Have you bookedthe hut? And also your time off? How are you by the way?
My drive can only be read. I need to write,ham,My drive can only be read. I need to write
But pls dont play in others life.,ham,But pls dont play in others life.
I am on the way to tirupur.,ham,I am on the way to tirupur.
So what about you. What do you remember,ham,So what about you. What do you remember
"Each Moment in a day,has its own value-Morning brings hope,afternoon brings faith,Evening brings luv,Night brings rest,Wish u find them all today.Good Morning",ham,"Each Moment in a day,has its own value-Morning brings hope,afternoon brings faith,Evening brings luv,Night brings rest,Wish u find them all today.Good Morning"
Then we gotta do it after that,ham,Then we gotta do it after that
You will recieve your tone within the next 24hrs. For Terms and conditions please see Channel U Teletext Pg 750,spam,Y o u w i l l recieve y o u r t one wi thin the ne xt 24hrs. For Te rms and conditions p lease s e e Channel U Teletext Pg 750
HI BABE U R MOST LIKELY TO BE IN BED BUT IM SO SORRY ABOUT TONIGHT! I REALLY WANNA SEE U TOMORROW SO CALL ME AT 9. LOVE ME XXX,ham,HI BABE U R MOST LIKELY TO BE IN BED BUT IM SO SORRY ABOUT TONIGHT! I REALLY WANNA SEE U TOMORROW SO CALL ME AT 9. LOVE ME XXX
UR GOING 2 BAHAMAS! CallFREEFONE 08081560665 and speak to a live operator to claim either Bahamas cruise of2000 CASH 18+only. To opt out txt X to 07786200117,spam,UR GOING 2 BAHAMAS! CallFREEFONE 08081560665 and s peak to a li ve o p e r a t o r to c l a i m e i t h e r Bahamas cruise of2000 C A S H 18+on ly. To o p t o u t txt X to 07786200117
Free entry in 2 a weekly comp for a chance to win an ipod. Txt POD to 80182 to get entry (std txt rate) T&C's apply 08452810073 for details 18+,spam,F r e e e n t r y in 2 a w e e k l y c o m p for a c h a n c e to w i n an i pod. Txt POD to 80182 to g e t en t r y (std txt r a t e) T&C's a pply 08452810073 for deta ils 18+
Hi dis is yijue i would be happy to work wif _ all for gek1510...,ham,Hi dis is yijue i would be happy to work wif _ all for gek1510...
Ee msg na poortiyagi odalebeku: Hanumanji 7 name 1-Hanuman 2-Bajarangabali 3-Maruti 4-Pavanaputra 5-Sankatmochan 6-Ramaduth 7-Mahaveer ee 7 name &lt;#&gt; janarige ivatte kalisidare next saturday olage ondu good news keluviri...! Maretare inde 1 dodda problum nalli siguviri idu matra &lt;#&gt; % true.. Don't neglet.,ham,Ee msg na poortiyagi odalebeku: Hanumanji 7 name 1-Hanuman 2-Bajarangabali 3-Maruti 4-Pavanaputra 5-Sankatmochan 6-Ramaduth 7-Mahaveer ee 7 name &lt;#&gt; janarige ivatte kalisidare next saturday olage ondu good news keluviri...! Maretare inde 1 dodda problum nalli siguviri idu matra &lt;#&gt; % true.. Don't neglet.
I've reached home n i bathe liao... U can call me now...,ham,I've reached home n i bathe liao... U can call me now...
Ok... But they said i've got wisdom teeth hidden inside n mayb need 2 remove.,ham,Ok... But they said i've got wisdom teeth hidden inside n mayb need 2 remove.
Sexy Singles are waiting for you! Text your AGE followed by your GENDER as wither M or F E.G.23F. For gay men text your AGE followed by a G. e.g.23G.,spam,S e x y Singles are wait ing for y o u! T e x t y our A G E followed by y o u r GENDER as wither M or F E.G.23F. For gay m e n t ext y o u r A G E followed by a G. e.g.23G.
No message..no responce..what happend?,ham,No message..no responce..what happend?
"Sir, I am waiting for your mail.",ham,"Sir, I am waiting for your mail."
Cool. So how come you havent been wined and dined before?,ham,Cool. So how come you havent been wined and dined before?
Wife.how she knew the time of murder exactly,ham,Wife.how she knew the time of murder exactly
Jesus armand really is trying to tell everybody he can find,ham,Jesus armand really is trying to tell everybody he can find
Great comedy..cant stop laughing da:),ham,Great comedy..cant stop laughing da:)
This is my number by vivek..,ham,This is my number by vivek..
The hair cream has not been shipped.,ham,The hair cream has not been shipped.
I not busy juz dun wan 2 go so early.. Hee..,ham,I not busy juz dun wan 2 go so early.. Hee..
"\Gimme a few\"" was &lt;#&gt; minutes ago""",ham,"\Gimme a few\"" was &lt;#&gt; minutes ago"""
Did u find a sitter for kaitlyn? I was sick and slept all day yesterday.,ham,Did u find a sitter for kaitlyn? I was sick and slept all day yesterday.
Oooh I got plenty of those!,ham,Oooh I got plenty of those!
Send a logo 2 ur lover - 2 names joined by a heart. Txt LOVE NAME1 NAME2 MOBNO eg LOVE ADAM EVE 07123456789 to 87077 Yahoo! POBox36504W45WQ TxtNO 4 no ads 150p.,spam,Se nd a logo 2 ur lover - 2 names joined by a heart. Txt L O V E NAME1 NAME2 MOBNO eg L OVE ADAM EVE 07123456789 to 8 7077 Yahoo! POBox36504W45WQ TxtNO 4 no a d s 1 5 0 p.
Buy one egg for me da..please:),ham,Buy one egg for me da..please:)
No other Valentines huh? The proof is on your fb page. Ugh I'm so glad I really DIDN'T watch your rupaul show you TOOL!,ham,No other Valentines huh? The proof is on your fb page. Ugh I'm so glad I really DIDN'T watch your rupaul show you TOOL!
"Yes obviously, but you are the eggs-pert and the potato head_ Speak soon!",ham,"Yes obviously, but you are the eggs-pert and the potato head_ Speak soon!"
I'll pick you up at about 5.15pm to go to taunton if you still want to come.,ham,I'll pick you up at about 5.15pm to go to taunton if you still want to come.
"Hmmm.. Thk sure got time to hop ard... Ya, can go 4 free abt... Muz call u to discuss liao...",ham,"Hmmm.. Thk sure got time to hop ard... Ya, can go 4 free abt... Muz call u to discuss liao..."
Monthly password for wap. mobsi.com is 391784. Use your wap phone not PC.,spam,Monthly password for wap. mobsi.com is 391784. Use y our wap p hone not PC.
"This weeks SavaMob member offers are now accessible. Just call 08709501522 for details! SavaMob, POBOX 139, LA3 2WU. Only 1.50/week. SavaMob - offers mobile!",spam,"T h i s wee ks S a v a M o b mem ber offe rs are n o w accessible. Ju st ca ll 08709501522 for de tails! S avaMob, P O B O X 139, LA3 2WU. O n l y 1.50/w eek. S a v a M o b - of fers m o b i l e!"
But that's on ebay it might be less elsewhere.,ham,But that's on ebay it might be less elsewhere.
I want to be there so i can kiss you and feel you next to me,ham,I want to be there so i can kiss you and feel you next to me
Thanks. It was only from tescos but quite nice. All gone now. Speak soon,ham,Thanks. It was only from tescos but quite nice. All gone now. Speak soon
Oh and by the way you do have more food in your fridge! Want to go out for a meal tonight?,ham,Oh and by the way you do have more food in your fridge! Want to go out for a meal tonight?
You have 1 new message. Please call 08712400200.,spam,Y o u h ave 1 n e w mess age. P l e a s e c a l l 08712400200.
ALSO TELL HIM I SAID HAPPY BIRTHDAY,ham,ALSO TELL HIM I SAID HAPPY BIRTHDAY
Ok then i will come to ur home after half an hour,ham,Ok then i will come to ur home after half an hour
"Aldrine, rakhesh ex RTM here.pls call.urgent.",ham,"Aldrine, rakhesh ex RTM here.pls call.urgent."
I emailed yifeng my part oredi.. Can _ get it fr him..,ham,I emailed yifeng my part oredi.. Can _ get it fr him..
Don no da:)whats you plan?,ham,Don no da:)whats you plan?
You give us back my id proof and &lt;#&gt; rs. We wont allow you to work. We will come to your home within days,ham,You give us back my id proof and &lt;#&gt; rs. We wont allow you to work. We will come to your home within days
Alex knows a guy who sells mids but he's down in south tampa and I don't think I could set it up before like 8,ham,Alex knows a guy who sells mids but he's down in south tampa and I don't think I could set it up before like 8
I'm reading the text i just sent you. Its meant to be a joke. So read it in that light,ham,I'm reading the text i just sent you. Its meant to be a joke. So read it in that light
Ya i knw u vl giv..its ok thanks kano..anyway enjoy wit ur family wit 1st salary..:-);-),ham,Ya i knw u vl giv..its ok thanks kano..anyway enjoy wit ur family wit 1st salary..:-);-)
If you're thinking of lifting me one then no.,ham,If you're thinking of lifting me one then no.
"Sir, I need AXIS BANK account no and bank address.",ham,"Sir, I need AXIS BANK account no and bank address."
"REMINDER FROM O2: To get 2.50 pounds free call credit and details of great offers pls reply 2 this text with your valid name, house no and postcode",spam,"REMINDER F R O M O2: To g e t 2.50 p ounds f r e e ca ll c r e d i t and detai ls of g r e a t of fers pls re ply 2 th is t ext w i t h yo ur v a l i d n ame, house no and postcode"
Just do what ever is easier for you,ham,Just do what ever is easier for you
Just forced myself to eat a slice. I'm really not hungry tho. This sucks. Mark is getting worried. He knows I'm sick when I turn down pizza. Lol,ham,Just forced myself to eat a slice. I'm really not hungry tho. This sucks. Mark is getting worried. He knows I'm sick when I turn down pizza. Lol
I think just yourself _Thanks and see you tomo,ham,I think just yourself _Thanks and see you tomo
She's borderline but yeah whatever.,ham,She's borderline but yeah whatever.
I love to give massages. I use lots of baby oil... What is your fave position?,ham,I love to give massages. I use lots of baby oil... What is your fave position?
Is xy in ur car when u picking me up?,ham,Is xy in ur car when u picking me up?
"He will, you guys close?",ham,"He will, you guys close?"
"That's the trouble with classes that go well - you're due a dodgey one _ Expecting mine tomo! See you for recovery, same time, same place",ham,"That's the trouble with classes that go well - you're due a dodgey one _ Expecting mine tomo! See you for recovery, same time, same place"
"Yes, i'm small kid.. And boost is the secret of my energy..",ham,"Yes, i'm small kid.. And boost is the secret of my energy.."
what is your account number?,ham,what is your account number?
Have you had a good day? Mine was really busy are you up to much tomorrow night?,ham,Have you had a good day? Mine was really busy are you up to much tomorrow night?
Am new 2 club & dont fink we met yet Will B gr8 2 C U Please leave msg 2day wiv ur area 09099726553 reply promised CARLIE x Calls1/minMobsmore LKPOBOX177HP51FL,spam,Am n e w 2 c l u b & d o n t fink we met yet W i l l B gr8 2 C U P lease leave msg 2day wiv ur area 09099726553 r eply promised CARLIE x Calls1/minMobsmore LKPOBOX177HP51FL
When you came to hostel.,ham,When you came to hostel.
"You know, wot people wear. T shirts, jumpers, hat, belt, is all we know. We r at Cribbs",ham,"You know, wot people wear. T shirts, jumpers, hat, belt, is all we know. We r at Cribbs"
"(I should add that I don't really care and if you can't I can at least get this dude to fuck off but hey, your money if you want it)",ham,"(I should add that I don't really care and if you can't I can at least get this dude to fuck off but hey, your money if you want it)"
Dont show yourself. How far. Put new pictures up on facebook.,ham,Dont show yourself. How far. Put new pictures up on facebook.
You are gorgeous! keep those pix cumming :) thank you!,ham,You are gorgeous! keep those pix cumming :) thank you!
"Open rebtel with firefox. When it loads just put plus sign in the user name place, and it will show you two numbers. The lower number is my number. Once you pick that number the pin will display okay!",ham,"Open rebtel with firefox. When it loads just put plus sign in the user name place, and it will show you two numbers. The lower number is my number. Once you pick that number the pin will display okay!"
Misplaced your number and was sending texts to your old number. Wondering why i've not heard from you this year. All the best in your mcat. Got this number from my atlanta friends,ham,Misplaced your number and was sending texts to your old number. Wondering why i've not heard from you this year. All the best in your mcat. Got this number from my atlanta friends
Ya:)going for restaurant..,ham,Ya:)going for restaurant..
You please give us connection today itself before &lt;DECIMAL&gt; or refund the bill,ham,You please give us connection today itself before &lt;DECIMAL&gt; or refund the bill
At WHAT TIME should i come tomorrow,ham,At WHAT TIME should i come tomorrow
"Tell you what, if you make a little spreadsheet and track whose idea it was to smoke to determine who \smokes too much\"" for the entire month of february",ham,"Tell you what, if you make a little spreadsheet and track whose idea it was to smoke to determine who \smokes too much\"" for the entire month of february"
Thats cool princess! I will cover your face in hot sticky cum :),ham,Thats cool princess! I will cover your face in hot sticky cum :)
Lol grr my mom is taking forever with my prescription. Pharmacy is like 2 minutes away. Ugh.,ham,Lol grr my mom is taking forever with my prescription. Pharmacy is like 2 minutes away. Ugh.
Have a good evening! Ttyl,ham,Have a good evening! Ttyl
Good Morning plz call me sir,ham,Good Morning plz call me sir
Later i guess. I needa do mcat study too.,ham,Later i guess. I needa do mcat study too.
"Sorry, went to bed early, nightnight",ham,"Sorry, went to bed early, nightnight"
"Please protect yourself from e-threats. SIB never asks for sensitive information like Passwords,ATM/SMS PIN thru email. Never share your password with anybody.",ham,"Please protect yourself from e-threats. SIB never asks for sensitive information like Passwords,ATM/SMS PIN thru email. Never share your password with anybody."
Do _ all wan 2 meet up n combine all the parts? How's da rest of da project going?,ham,Do _ all wan 2 meet up n combine all the parts? How's da rest of da project going?
Its a valentine game. . . Send dis msg to all ur friends. .. If 5 answers r d same then someone really loves u. Ques- which colour suits me the best?rply me,ham,Its a valentine game. . . Send dis msg to all ur friends. .. If 5 answers r d same then someone really loves u. Ques- which colour suits me the best?rply me
For The First Time In The History 'Need' 'Comfort' And 'Luxury' Are Sold At Same Price In India..!! Onion-Rs. &lt;#&gt; Petrol-Rs. &lt;#&gt; Beer-Rs. &lt;#&gt; SHESIL &lt;#&gt;,ham,For The First Time In The History 'Need' 'Comfort' And 'Luxury' Are Sold At Same Price In India..!! Onion-Rs. &lt;#&gt; Petrol-Rs. &lt;#&gt; Beer-Rs. &lt;#&gt; SHESIL &lt;#&gt;
Ok...,ham,Ok...
"Xmas & New Years Eve tickets are now on sale from the club, during the day from 10am till 8pm, and on Thurs, Fri & Sat night this week. They're selling fast!",spam,"X m a s & N e w Years Eve tickets are n o w on sa le f r o m the c l u b, during the day f r o m 1 0am till 8pm, and on Thurs, Fri & Sat n i g h t th is w e e k. Th ey're selling f a s t!"
It's justbeen overa week since we broke up and already our brains are going to mush!,ham,It's justbeen overa week since we broke up and already our brains are going to mush!
You are right though. I can't give you the space you want and need. This is really starting to become an issue. I was going to suggest setting a definite move out--if i'm still there-- after greece. But maybe you are ready and should do it now.,ham,You are right though. I can't give you the space you want and need. This is really starting to become an issue. I was going to suggest setting a definite move out--if i'm still there-- after greece. But maybe you are ready and should do it now.
"Yeah, don't go to bed, I'll be back before midnight",ham,"Yeah, don't go to bed, I'll be back before midnight"
How's it feel? Mr. Your not my real Valentine just my yo Valentine even tho u hardly play!!,ham,How's it feel? Mr. Your not my real Valentine just my yo Valentine even tho u hardly play!!
Dude we should go sup again,ham,Dude we should go sup again
Then why no one talking to me,ham,Then why no one talking to me
"Aight I'll grab something to eat too, text me when you're back at mu",ham,"Aight I'll grab something to eat too, text me when you're back at mu"
Come to medical college at 7pm ......forward it da,ham,Come to medical college at 7pm ......forward it da
But i dint slept in afternoon.,ham,But i dint slept in afternoon.
I sent you &lt;#&gt; bucks,ham,I sent you &lt;#&gt; bucks
What's up my own oga. Left my phone at home and just saw ur messages. Hope you are good. Have a great weekend.,ham,What's up my own oga. Left my phone at home and just saw ur messages. Hope you are good. Have a great weekend.
Finish already... Yar they keep saying i mushy... I so embarrassed ok...,ham,Finish already... Yar they keep saying i mushy... I so embarrassed ok...
Good. No swimsuit allowed :),ham,Good. No swimsuit allowed :)
"Goal! Arsenal 4 (Henry, 7 v Liverpool 2 Henry scores with a simple shot from 6 yards from a pass by Bergkamp to give Arsenal a 2 goal margin after 78 mins.",spam,"Goal! Arsenal 4 (Henry, 7 v Liverpool 2 Henry scores wi th a simple shot f r o m 6 yards f r o m a pa ss by Bergkamp to g i v e Arsenal a 2 goal margin after 78 m i n s."
Draw va?i dont think so:),ham,Draw va?i dont think so:)
I'm in chennai velachery:),ham,I'm in chennai velachery:)
Watching tv lor... Y she so funny we bluff her 4 wat. Izzit because she thk it's impossible between us?,ham,Watching tv lor... Y she so funny we bluff her 4 wat. Izzit because she thk it's impossible between us?
Dude just saw a parked car with its sunroof popped up. Sux,ham,Dude just saw a parked car with its sunroof popped up. Sux
Do u noe wat time e place dat sells 4d closes?,ham,Do u noe wat time e place dat sells 4d closes?
What you did in leave.,ham,What you did in leave.
No need for the drug anymore.,ham,No need for the drug anymore.
In life when you face choices Just toss a coin not becoz its settle the question But while the coin in the air U will know what your heart is hoping for. Gudni8,ham,In life when you face choices Just toss a coin not becoz its settle the question But while the coin in the air U will know what your heart is hoping for. Gudni8
Already one guy loving you:-.,ham,Already one guy loving you:-.
I can do that! I want to please you both inside and outside the bedroom...,ham,I can do that! I want to please you both inside and outside the bedroom...
Big brothers really scraped the barrel with this shower of social misfits,ham,Big brothers really scraped the barrel with this shower of social misfits
"YOU VE WON! Your 4* Costa Del Sol Holiday or 5000 await collection. Call 09050090044 Now toClaim. SAE, TC s, POBox334, Stockport, SK38xh, Cost1.50/pm, Max10mins",spam,"Y O U VE WON! Y our 4* C o s t a Del Sol H o l i d a y or 50 00 a wait co llection. C a l l 0 9050090044 N o w to C l a i m. SAE, TC s, P O B o x 3 3 4, S t o c k p o r t, S K38xh, C o s t 1.50/pm, Max10m ins"
"No dude, its not fake..my frnds got money, thts y i'm reffering u..if u member wit my mail link, u vl be credited &lt;#&gt; rs and il be getiing &lt;#&gt; rs..i can draw my acc wen it is &lt;#&gt; rs..",ham,"No dude, its not fake..my frnds got money, thts y i'm reffering u..if u member wit my mail link, u vl be credited &lt;#&gt; rs and il be getiing &lt;#&gt; rs..i can draw my acc wen it is &lt;#&gt; rs.."
"Hi, my love! How goes that day? Fuck, this morning I woke and dropped my cell on the way down the stairs but it seems alright ... *phews* I miss you !",ham,"Hi, my love! How goes that day? Fuck, this morning I woke and dropped my cell on the way down the stairs but it seems alright ... *phews* I miss you !"
K I'll be sure to get up before noon and see what's what,ham,K I'll be sure to get up before noon and see what's what
"How long has it been since you screamed, princess?",ham,"How long has it been since you screamed, princess?"
Text BANNEDUK to 89555 to see! cost 150p textoperator g696ga 18+ XXX,spam,T e x t BANNEDUK to 89555 to s e e! c o s t 1 50p textoperator g696ga 18+ XXX
"Thank You for calling.Forgot to say Happy Onam to you Sirji.I am fine here and remembered you when i met an insurance person.Meet You in Qatar Insha Allah.Rakhesh, ex Tata AIG who joined TISSCO,Tayseer.",ham,"Thank You for calling.Forgot to say Happy Onam to you Sirji.I am fine here and remembered you when i met an insurance person.Meet You in Qatar Insha Allah.Rakhesh, ex Tata AIG who joined TISSCO,Tayseer."
I'm in school now n i'll be in da lab doing some stuff give me a call when _ r done.,ham,I'm in school now n i'll be in da lab doing some stuff give me a call when _ r done.
Midnight at the earliest,ham,Midnight at the earliest
Natalie (20/F) is inviting you to be her friend. Reply YES-165 or NO-165 See her:  STOP? Send STOP FRND to 62468,spam,Natalie (20/F) is inviting y o u to be h e r frie nd. Re ply Y E S-165 or NO-165 S e e h e r:  ST OP? S end S T O P FRND to 62468
I am getting threats from your sales executive Shifad as i raised complaint against him. Its an official message.,ham,I am getting threats from your sales executive Shifad as i raised complaint against him. Its an official message.
"The house is on the water with a dock, a boat rolled up with a newscaster who dabbles in jazz flute behind the wheel",ham,"The house is on the water with a dock, a boat rolled up with a newscaster who dabbles in jazz flute behind the wheel"
URGENT! We are trying to contact U. Todays draw shows that you have won a 800 prize GUARANTEED. Call 09050001808 from land line. Claim M95. Valid12hrs only,spam,U RGENT! We are tr ying to con tact U. T o d a y s d r a w sho ws t hat y o u h ave won a 800 p rize G U A R A N T E E D. Ca ll 09050001808 f r o m l a n d l i n e. C l a i m M95. Valid12hrs o nly
He fucking chickened out. He messaged me he would be late and woould buzz me and then I didn't hear a word from him,ham,He fucking chickened out. He messaged me he would be late and woould buzz me and then I didn't hear a word from him
Hey i'm bored... So i'm thinking of u... So wat r u doing?,ham,Hey i'm bored... So i'm thinking of u... So wat r u doing?
I have no money 4 steve mate! !,ham,I have no money 4 steve mate! !
Noice. Text me when you're here,ham,Noice. Text me when you're here
Going thru a very different feeling.wavering decisions and coping up with the same is the same individual.time will heal everything i believe.,ham,Going thru a very different feeling.wavering decisions and coping up with the same is the same individual.time will heal everything i believe.
Cos daddy arranging time c wat time fetch _ mah...,ham,Cos daddy arranging time c wat time fetch _ mah...
Hey i've booked the 2 lessons on sun liao...,ham,Hey i've booked the 2 lessons on sun liao...
I just cooked a rather nice salmon a la you,ham,I just cooked a rather nice salmon a la you
Did you catch the bus ? Are you frying an egg ? Did you make a tea? Are you eating your mom's left over dinner ? Do you feel my Love ?,ham,Did you catch the bus ? Are you frying an egg ? Did you make a tea? Are you eating your mom's left over dinner ? Do you feel my Love ?
Okay name ur price as long as its legal! Wen can I pick them up? Y u ave x ams xx,ham,Okay name ur price as long as its legal! Wen can I pick them up? Y u ave x ams xx
Went to ganesh dress shop,ham,Went to ganesh dress shop
EASTENDERS TV Quiz. What FLOWER does DOT compare herself to? D= VIOLET E= TULIP F= LILY txt D E or F to 84025 NOW 4 chance 2 WIN 100 Cash WKENT/150P16+,spam,EASTENDERS TV Q u i z. W h a t FLOWER does DOT compare herself to? D= VIOLET E= TULIP F= LILY txt D E or F to 84025 N O W 4 c h a n c e 2 W I N 100 C a s h WKENT/150P16+
Ok lor. Msg me b4 u call.,ham,Ok lor. Msg me b4 u call.
"I dont knw pa, i just drink milk..",ham,"I dont knw pa, i just drink milk.."
"Hmm ok, i'll stay for like an hour cos my eye is really sore!",ham,"Hmm ok, i'll stay for like an hour cos my eye is really sore!"
"You are everywhere dirt, on the floor, the windows, even on my shirt. And sometimes when i open my mouth, you are all that comes flowing out. I dream of my world without you, then half my chores are out too. A time of joy for me, lots of tv shows i.ll see. But i guess like all things you just must exist, like rain, hail and mist, and when my time here is done, you and i become one.",ham,"You are everywhere dirt, on the floor, the windows, even on my shirt. And sometimes when i open my mouth, you are all that comes flowing out. I dream of my world without you, then half my chores are out too. A time of joy for me, lots of tv shows i.ll see. But i guess like all things you just must exist, like rain, hail and mist, and when my time here is done, you and i become one."
I wonder if you'll get this text?,ham,I wonder if you'll get this text?
On the way to office da..,ham,On the way to office da..
K..k:)how much does it cost?,ham,K..k:)how much does it cost?
You have 1 new message. Please call 08718738034.,spam,Y o u h a v e 1 n e w m essage. Plea se c a l l 08718738034.
Sorry i cant take your call right now. It so happens that there r 2waxsto do wat you want. She can come and ill get her medical insurance. And she'll be able to deliver and have basic care. I'm currently shopping for the right medical insurance for her. So just give me til friday morning. Thats when i.ll see the major person that can guide me to the right insurance.,ham,Sorry i cant take your call right now. It so happens that there r 2waxsto do wat you want. She can come and ill get her medical insurance. And she'll be able to deliver and have basic care. I'm currently shopping for the right medical insurance for her. So just give me til friday morning. Thats when i.ll see the major person that can guide me to the right insurance.
Nothing but we jus tot u would ask cos u ba gua... But we went mt faber yest... Yest jus went out already mah so today not going out... Jus call lor...,ham,Nothing but we jus tot u would ask cos u ba gua... But we went mt faber yest... Yest jus went out already mah so today not going out... Jus call lor...
Meeting u is my work. . . Tel me when shall i do my work tomorrow,ham,Meeting u is my work. . . Tel me when shall i do my work tomorrow
URGENT! Your Mobile number has been awarded with a 2000 prize GUARANTEED. Call 09061790121 from land line. Claim 3030. Valid 12hrs only 150ppm,spam,U R G E N T! Y our M o b i l e n u m b e r has b e e n aw ard ed w i t h a 20 00 p r i z e G U A R A N T E E D. C a l l 09061790121 f r o m l a n d l ine. C laim 30 30. Val id 12h rs o n l y 1 5 0 p p m
I accidentally deleted the message. Resend please.,ham,I accidentally deleted the message. Resend please.
Dont gimme that lip caveboy,ham,Dont gimme that lip caveboy
Please sen :)my kind advice :-)please come here and try:-),ham,Please sen :)my kind advice :-)please come here and try:-)
Tomarrow i want to got to court. At &lt;DECIMAL&gt; . So you come to bus stand at 9.,ham,Tomarrow i want to got to court. At &lt;DECIMAL&gt; . So you come to bus stand at 9.
Don know..he is watching film in computer..,ham,Don know..he is watching film in computer..
I'm in inside office..still filling forms.don know when they leave me.,ham,I'm in inside office..still filling forms.don know when they leave me.
Have you started in skye,ham,Have you started in skye
Text & meet someone sexy today. U can find a date or even flirt its up to U. Join 4 just 10p. REPLY with NAME & AGE eg Sam 25. 18 -msg recd@thirtyeight pence,spam,T e x t & m eet s o m e o n e se xy tod ay. U can f ind a d a t e or even flirt i t s up to U. J o i n 4 j ust 10p. R E P L Y w i t h N A M E & A G E eg Sam 25. 18 -msg recd@thirtyeight pence
I love u 2 my little pocy bell I am sorry but I love u,ham,I love u 2 my little pocy bell I am sorry but I love u
"\ALRITE HUNNY!WOT U UP 2 2NITE? DIDNT END UP GOIN DOWN TOWN JUS DA PUB INSTEAD! JUS CHILLIN AT DA MO IN ME BEDROOM!LOVE JEN XXX.\""""",ham,"\ALRITE HUNNY!WOT U UP 2 2NITE? DIDNT END UP GOIN DOWN TOWN JUS DA PUB INSTEAD! JUS CHILLIN AT DA MO IN ME BEDROOM!LOVE JEN XXX.\"""""
"Babe, I'm answering you, can't you see me ? Maybe you'd better reboot YM ... I got the photo ... It's great !",ham,"Babe, I'm answering you, can't you see me ? Maybe you'd better reboot YM ... I got the photo ... It's great !"
"Alright we'll bring it to you, see you in like &lt;#&gt; mins",ham,"Alright we'll bring it to you, see you in like &lt;#&gt; mins"
Don't fret. I'll buy the ovulation test strips and send them to you. You wont get them til like march. Can you send me your postal address.u'll be alright.Okay.,ham,Don't fret. I'll buy the ovulation test strips and send them to you. You wont get them til like march. Can you send me your postal address.u'll be alright.Okay.
His bday real is in april .,ham,His bday real is in april .
"Evry Emotion dsn't hav Words.Evry Wish dsn't hav Prayrs.. If u Smile,D World is wit u.Othrwise even d Drop of Tear dsn't lik 2 Stay wit u.So b happy.. Good morning, keep smiling:-)",ham,"Evry Emotion dsn't hav Words.Evry Wish dsn't hav Prayrs.. If u Smile,D World is wit u.Othrwise even d Drop of Tear dsn't lik 2 Stay wit u.So b happy.. Good morning, keep smiling:-)"
Just finished eating. Got u a plate. NOT leftovers this time.,ham,Just finished eating. Got u a plate. NOT leftovers this time.
Is xy going 4 e lunch?,ham,Is xy going 4 e lunch?
He also knows about lunch menu only da. . I know,ham,He also knows about lunch menu only da. . I know
"\BOO BABE! U ENJOYIN YOURJOB? U SEEMED 2 B GETTIN ON WELL HUNNY!HOPE URE OK?TAKE CARE & ILLSPEAK 2U SOONLOTS OF LOVEME XXXX.\""""",ham,"\BOO BABE! U ENJOYIN YOURJOB? U SEEMED 2 B GETTIN ON WELL HUNNY!HOPE URE OK?TAKE CARE & ILLSPEAK 2U SOONLOTS OF LOVEME XXXX.\"""""
Watching telugu movie..wat abt u?,ham,Watching telugu movie..wat abt u?
I'm in class. Did you get my text.,ham,I'm in class. Did you get my text.
excellent. I spent &lt;#&gt; years in the Air Force. Iraq and afghanistan. I am stable and honest. do you like traveling?,ham,excellent. I spent &lt;#&gt; years in the Air Force. Iraq and afghanistan. I am stable and honest. do you like traveling?
Are you happy baby ? Are you alright ? Did you take that job ? I hope your fine. I send you a kiss to make you smile from across the sea ... *kiss* *kiss*,ham,Are you happy baby ? Are you alright ? Did you take that job ? I hope your fine. I send you a kiss to make you smile from across the sea ... *kiss* *kiss*
Well obviously not because all the people in my cool college life went home ;_;,ham,Well obviously not because all the people in my cool college life went home ;_;
U havent lost me ill always b here 4u.i didnt intend 2 hurt u but I never knew how u felt about me when Iwas+marine&thats what itried2tell urmom.i careabout u,ham,U havent lost me ill always b here 4u.i didnt intend 2 hurt u but I never knew how u felt about me when Iwas+marine&thats what itried2tell urmom.i careabout u
"If you can make it any time tonight or whenever you can it's cool, just text me whenever you're around",ham,"If you can make it any time tonight or whenever you can it's cool, just text me whenever you're around"
is your hamster dead? Hey so tmr i meet you at 1pm orchard mrt?,ham,is your hamster dead? Hey so tmr i meet you at 1pm orchard mrt?
Why i come in between you people,ham,Why i come in between you people
PRIVATE! Your 2003 Account Statement for shows 800 un-redeemed S. I. M. points. Call 08719899230 Identifier Code: 41685 Expires 07/11/04,spam,P R I V A T E! Y o u r 2 0 0 3 A c c o u n t S t a t e m e n t for s h o w s 800 un-red eemed S. I. M. p o i n t s. Ca ll 08719899230 I d e n t i f i e r C o d e: 41685 E xpires 07/11/04
I'm not coming home 4 dinner.,ham,I'm not coming home 4 dinner.
Was playng 9 doors game and gt racing on phone lol,ham,Was playng 9 doors game and gt racing on phone lol
Just normal only here :),ham,Just normal only here :)
says the &lt;#&gt; year old with a man and money. I'm down to my last &lt;#&gt; . Still waiting for that check.,ham,says the &lt;#&gt; year old with a man and money. I'm down to my last &lt;#&gt; . Still waiting for that check.
I dont thnk its a wrong calling between us,ham,I dont thnk its a wrong calling between us
I hope your pee burns tonite.,ham,I hope your pee burns tonite.
Yep get with the program. You're slacking.,ham,Yep get with the program. You're slacking.
"&lt;#&gt; %of pple marry with their lovers... becz they hav gud undrstndng dat avoids problems. i sent dis 2 u, u wil get gud news on friday by d person you like. And tomorrow will be the best day of your life. Dont break this chain. If you break you will suffer. send this to &lt;#&gt; frnds in &lt;#&gt; mins whn u read...",ham,"&lt;#&gt; %of pple marry with their lovers... becz they hav gud undrstndng dat avoids problems. i sent dis 2 u, u wil get gud news on friday by d person you like. And tomorrow will be the best day of your life. Dont break this chain. If you break you will suffer. send this to &lt;#&gt; frnds in &lt;#&gt; mins whn u read..."
"I have 2 sleeping bags, 1 blanket and paper and phone details. Anything else?",ham,"I have 2 sleeping bags, 1 blanket and paper and phone details. Anything else?"
Oh ic. I thought you meant mary jane.,ham,Oh ic. I thought you meant mary jane.
Ok i'm coming home now.,ham,Ok i'm coming home now.
Ok ill tell the company,ham,Ok ill tell the company
"The guy (kadeem) hasn't been selling since the break, I know one other guy but he's paranoid as fuck and doesn't like selling without me there and I can't be up there til late tonight",ham,"The guy (kadeem) hasn't been selling since the break, I know one other guy but he's paranoid as fuck and doesn't like selling without me there and I can't be up there til late tonight"
Yup ok...,ham,Yup ok...
OK i'm waliking ard now... Do u wan me 2 buy anything go ur house?,ham,OK i'm waliking ard now... Do u wan me 2 buy anything go ur house?
Tell them no need to investigate about me anywhere.,ham,Tell them no need to investigate about me anywhere.
Did he just say somebody is named tampa,ham,Did he just say somebody is named tampa
So when do you wanna gym?,ham,So when do you wanna gym?
Wrong phone! This phone! I answer this one but assume the other is people i don't well,ham,Wrong phone! This phone! I answer this one but assume the other is people i don't well
Holy living christ what is taking you so long,ham,Holy living christ what is taking you so long
"Wait that's still not all that clear, were you not sure about me being sarcastic or that that's why x doesn't want to live with us",ham,"Wait that's still not all that clear, were you not sure about me being sarcastic or that that's why x doesn't want to live with us"
Ok lor thanx...  in school?,ham,Ok lor thanx...  in school?
Sorry de i went to shop.,ham,Sorry de i went to shop.
Dunno cos i was v late n when i reach they inside already... But we ate spageddies lor... It's e gals who r laughing at me lor...,ham,Dunno cos i was v late n when i reach they inside already... But we ate spageddies lor... It's e gals who r laughing at me lor...
I don't know jack shit about anything or i'd say/ask something helpful but if you want you can pretend that I did and just text me whatever in response to the hypotheticalhuagauahahuagahyuhagga,ham,I don't know jack shit about anything or i'd say/ask something helpful but if you want you can pretend that I did and just text me whatever in response to the hypotheticalhuagauahahuagahyuhagga
Tell them u have a headache and just want to use 1 hour of sick time.,ham,Tell them u have a headache and just want to use 1 hour of sick time.
cud u tell ppl im gona b a bit l8 cos 2 buses hav gon past cos they were full & im still waitin 4 1. Pete x,ham,cud u tell ppl im gona b a bit l8 cos 2 buses hav gon past cos they were full & im still waitin 4 1. Pete x
"Send ur birthdate with month and year, I will tel u ur LIFE PARTNER'S name. and the method of calculation. Reply must.",ham,"Send ur birthdate with month and year, I will tel u ur LIFE PARTNER'S name. and the method of calculation. Reply must."
"Today's Offer! Claim ur 150 worth of discount vouchers! Text YES to 85023 now! SavaMob, member offers mobile! T Cs 08717898035. 3.00 Sub. 16 . Unsub reply X",spam,"T oday's O f f e r! Cl a i m ur 150 w o r t h of d iscount vouc hers! T ext Y E S to 8 5 0 2 3 n o w! S a v a M o b, m ember offe rs mo bile! T Cs 08717898035. 3.00 Sub. 16 . U n s u b r e p l y X"
"Yeah that's what I thought, lemme know if anything's goin on later",ham,"Yeah that's what I thought, lemme know if anything's goin on later"
I'm meeting Darren...,ham,I'm meeting Darren...
"Win the newest Harry Potter and the Order of the Phoenix (Book 5) reply HARRY, answer 5 questions - chance to be the first among readers!",spam,"W i n the newest Harry Potter and the O r d e r of the Phoenix (B o o k 5) r e p l y HARRY, answer 5 questions - c h a n c e to be the f irst among readers!"
Oh oh... Den muz change plan liao... Go back have to yan jiu again...,ham,Oh oh... Den muz change plan liao... Go back have to yan jiu again...
Haha... They cant what... At the most tmr forfeit... haha so how?,ham,Haha... They cant what... At the most tmr forfeit... haha so how?
Enjoy the jamster videosound gold club with your credits for 2 new videosounds+2 logos+musicnews! get more fun from jamster.co.uk! 16+only Help? call: 09701213186,spam,E n j o y the jamster videosound g old c l u b w ith y o u r c r e d i t s for 2 n e w videosounds+2 logos+musicnews! g e t mo re f u n f r o m jamster.co.uk! 16+o nly H elp? c a l l: 09701213186
Howz that persons story,ham,Howz that persons story
Also that chat was awesome but don't make it regular unless you can see her in person,ham,Also that chat was awesome but don't make it regular unless you can see her in person
"Whenevr ur sad, Whenevr ur gray, Remembr im here 2 listn 2 watevr u wanna say, Jus walk wid me a little while,&amp; I promise I'll bring back ur smile.:-)",ham,"Whenevr ur sad, Whenevr ur gray, Remembr im here 2 listn 2 watevr u wanna say, Jus walk wid me a little while,&amp; I promise I'll bring back ur smile.:-)"
Well if I'm that desperate I'll just call armand again,ham,Well if I'm that desperate I'll just call armand again
I forgot 2 ask _ all smth.. There's a card on da present lei... How?  all want 2 write smth or sign on it?,ham,I forgot 2 ask _ all smth.. There's a card on da present lei... How?  all want 2 write smth or sign on it?
Been running but only managed 5 minutes and then needed oxygen! Might have to resort to the roller option!,ham,Been running but only managed 5 minutes and then needed oxygen! Might have to resort to the roller option!
That's ok. I popped in to ask bout something and she said you'd been in. Are you around tonght wen this girl comes?,ham,That's ok. I popped in to ask bout something and she said you'd been in. Are you around tonght wen this girl comes?
"We are hoping to get away by 7, from Langport. You still up for town tonight?",ham,"We are hoping to get away by 7, from Langport. You still up for town tonight?"
Thanx a lot...,ham,Thanx a lot...
"Not yet chikku..going to room nw, i'm in bus..",ham,"Not yet chikku..going to room nw, i'm in bus.."
S:-)kallis wont play in first two odi:-),ham,S:-)kallis wont play in first two odi:-)
Can you do a mag meeting this avo at some point?,ham,Can you do a mag meeting this avo at some point?
I would but I'm still cozy. And exhausted from last night.nobody went to school or work. Everything is closed.,ham,I would but I'm still cozy. And exhausted from last night.nobody went to school or work. Everything is closed.
A bloo bloo bloo I'll miss the first bowl,ham,A bloo bloo bloo I'll miss the first bowl
Ok lor...,ham,Ok lor...
"\URGENT! This is the 2nd attempt to contact U!U have WON 1000CALL 09071512432 b4 300603t&csBCM4235WC1N3XX.callcost150ppmmobilesvary. max7. 50\""""",spam,"\U R G E N T! T h i s is the 2nd a t t e m p t to c ontact U!U h a v e WON 1000CALL 09071512432 b4 300603t&csBCM4235WC1N3XX.callcost150ppmmobilesvary. max7. 50\"""""
Have you got Xmas radio times. If not i will get it now,ham,Have you got Xmas radio times. If not i will get it now
K.then any other special?,ham,K.then any other special?
"As I entered my cabin my PA said, '' Happy B'day Boss !!''. I felt special. She askd me 4 lunch. After lunch she invited me to her apartment. We went there.",ham,"As I entered my cabin my PA said, '' Happy B'day Boss !!''. I felt special. She askd me 4 lunch. After lunch she invited me to her apartment. We went there."
No probably &lt;#&gt; %.,ham,No probably &lt;#&gt; %.
I am hot n horny and willing I live local to you - text a reply to hear strt back from me 150p per msg Netcollex LtdHelpDesk: 02085076972 reply Stop to end,spam,I am h o t n horny and willing I l i v e local to y o u - t e x t a re ply to hear strt b ack f r o m me 1 5 0 p p e r msg Netcollex LtdHelpDesk: 02085076972 re ply S t o p to end
Ok..  finishing soon?,ham,Ok..  finishing soon?
When are you going to ride your bike?,ham,When are you going to ride your bike?
I only work from mon to thurs but Sat i cant leh... Booked liao... Which other day u free?,ham,I only work from mon to thurs but Sat i cant leh... Booked liao... Which other day u free?
Meanwhile in the shit suite: xavier decided to give us &lt;#&gt; seconds of warning that samantha was coming over and is playing jay's guitar to impress her or some shit. Also I don't think doug realizes I don't live here anymore,ham,Meanwhile in the shit suite: xavier decided to give us &lt;#&gt; seconds of warning that samantha was coming over and is playing jay's guitar to impress her or some shit. Also I don't think doug realizes I don't live here anymore
Lol where do u come up with these ideas?,ham,Lol where do u come up with these ideas?
Where are you lover ? I need you ...,ham,Where are you lover ? I need you ...
Also remember the beads don't come off. Ever.,ham,Also remember the beads don't come off. Ever.
How will I creep on you now? ;_;,ham,How will I creep on you now? ;_;
Probably gonna swing by in a wee bit,ham,Probably gonna swing by in a wee bit
"As usual..iam fine, happy &amp; doing well..:)",ham,"As usual..iam fine, happy &amp; doing well..:)"
Are u awake? Is there snow there?,ham,Are u awake? Is there snow there?
staff.science.nus.edu.sg/~phyhcmk/teaching/pc1323,ham,staff.science.nus.edu.sg/~phyhcmk/teaching/pc1323
K..i deleted my contact that why?,ham,K..i deleted my contact that why?
TBS/PERSOLVO. been chasing us since Sept for38 definitely not paying now thanks to your information. We will ignore them. Kath. Manchester.,spam,TBS/PERSOLVO. b een chasing us since Sept for38 definitely not paying n o w th anks to y our i n f o r m a t i o n. We w i l l ignore them. Kath. Manchester.
Oops I was in the shower when u called. Hey a parking garage collapsed at university hospital. See I'm not crazy. Stuff like that DOES happen.,ham,Oops I was in the shower when u called. Hey a parking garage collapsed at university hospital. See I'm not crazy. Stuff like that DOES happen.
Don't b floppy... b snappy & happy! Only gay chat service with photo upload call 08718730666 (10p/min). 2 stop our texts call 08712460324,spam,Don't b floppy... b snappy & happy! O n l y gay c h a t se rvice w i t h photo upload c a l l 08718730666 (10p/min). 2 st op o u r tex ts c a l l 0 8 7 1 2 4 6 0 3 2 4
"7 wonders in My WORLD 7th You 6th Ur style 5th Ur smile 4th Ur Personality 3rd Ur Nature 2nd Ur SMS and 1st \Ur Lovely Friendship\""... good morning dear""",ham,"7 wonders in My WORLD 7th You 6th Ur style 5th Ur smile 4th Ur Personality 3rd Ur Nature 2nd Ur SMS and 1st \Ur Lovely Friendship\""... good morning dear"""
You also didnt get na hi hi hi hi hi,ham,You also didnt get na hi hi hi hi hi
A guy who gets used but is too dumb to realize it.,ham,A guy who gets used but is too dumb to realize it.
FREEMSG: Our records indicate you may be entitled to 3750 pounds for the Accident you had. To claim for free reply with YES to this msg. To opt out text STOP,spam,F REEMSG: O u r records indicate y o u may be entitled to 3750 p ounds for the Accident y o u had. To cl a i m for f r e e re ply wi th Y E S to t h i s msg. To o p t o u t te xt S T O P
My trip was ok but quite tiring lor. Uni starts today but it's ok 4 me cos i'm not taking any modules but jus concentrating on my final yr project.,ham,My trip was ok but quite tiring lor. Uni starts today but it's ok 4 me cos i'm not taking any modules but jus concentrating on my final yr project.
So _ pay first lar... Then when is da stock comin...,ham,So _ pay first lar... Then when is da stock comin...
INTERFLORA - It's not too late to order Interflora flowers for christmas call 0800 505060 to place your order before Midnight tomorrow.,spam,INTERFLORA - It's not too late to o r d e r Interflora flowers for christmas c a l l 08 00 505060 to place yo ur o r d e r b e f o r e Midnight tomorrow.
what number do u live at? Is it 11?,ham,what number do u live at? Is it 11?
U ned to convince him tht its not possible witot hurting his feeling its the main,ham,U ned to convince him tht its not possible witot hurting his feeling its the main
"The word \Checkmate\"" in chess comes from the Persian phrase \""Shah Maat\"" which means; \""the king is dead..\"" Goodmorning.. Have a good day..:)""",ham,"The word \Checkmate\"" in chess comes from the Persian phrase \""Shah Maat\"" which means; \""the king is dead..\"" Goodmorning.. Have a good day..:)"""
get ready to moan and scream :),ham,get ready to moan and scream :)
Sometimes Heart Remembrs someone Very much... Forgets someone soon... Bcoz Heart will not like everyone. But liked ones will be Remembered Everytime... BSLVYL,ham,Sometimes Heart Remembrs someone Very much... Forgets someone soon... Bcoz Heart will not like everyone. But liked ones will be Remembered Everytime... BSLVYL
What can i do? Might accidant tookplace between somewhere ghodbandar rd. Traffic moves slovely. So plz slip &amp; don't worry.,ham,What can i do? Might accidant tookplace between somewhere ghodbandar rd. Traffic moves slovely. So plz slip &amp; don't worry.
"No, I was trying it all weekend ;V",ham,"No, I was trying it all weekend ;V"
"K, wat s tht incident?",ham,"K, wat s tht incident?"
Yeah I can still give you a ride,ham,Yeah I can still give you a ride
So lets make it saturday or monday as per convenience.,ham,So lets make it saturday or monday as per convenience.
Just buy a pizza. Meat lovers or supreme. U get to pick.,ham,Just buy a pizza. Meat lovers or supreme. U get to pick.
Sorry . I will be able to get to you. See you in the morning.,ham,Sorry . I will be able to get to you. See you in the morning.
I wish that I was with you. Holding you tightly. Making you see how important you are. How much you mean to me ... How much I need you ... In my life ...,ham,I wish that I was with you. Holding you tightly. Making you see how important you are. How much you mean to me ... How much I need you ... In my life ...
I got to video tape pple type in message lor. U so free wan 2 help me? Hee... Cos i noe u wan 2 watch infernal affairs so ask u along. Asking shuhui oso.,ham,I got to video tape pple type in message lor. U so free wan 2 help me? Hee... Cos i noe u wan 2 watch infernal affairs so ask u along. Asking shuhui oso.
So when you gonna get rimac access,ham,So when you gonna get rimac access
"URGENT! You have won a 1 week FREE membership in our 100,000 Prize Jackpot! Txt the word: CLAIM to No: 81010 T&C  LCCLTD POBOX 4403LDNW1A7RW18",spam,"U R G E N T! Y o u h a v e won a 1 w e e k F R E E membership in o u r 100,000 Pr ize Jackpot! Txt the w ord: C L A I M to No: 81010 T&C  LCCLTD P OBOX 4403LDNW1A7RW18"
"Dear,shall mail tonite.busy in the street,shall update you tonite.things are looking ok.varunnathu edukkukayee raksha ollu.but a good one in real sense.",ham,"Dear,shall mail tonite.busy in the street,shall update you tonite.things are looking ok.varunnathu edukkukayee raksha ollu.but a good one in real sense."
Hi :)finally i completed the course:),ham,Hi :)finally i completed the course:)
Ok lor. I'm in town now lei.,ham,Ok lor. I'm in town now lei.
The whole car appreciated the last two! Dad and are having a map reading semi argument but apart from that things are going ok. P.,ham,The whole car appreciated the last two! Dad and are having a map reading semi argument but apart from that things are going ok. P.
XMAS Prize draws! We are trying to contact U. Todays draw shows that you have won a 2000 prize GUARANTEED. Call 09058094565 from land line. Valid 12hrs only,spam,XM AS Pr ize draws! We are tryi ng to co ntact U. T o d a y s d r a w s h o w s t h a t y o u h a v e won a 2 000 p r i z e GU ARANTEED. C a l l 09058094565 fr om l a n d l i n e. Va lid 12 hrs o n l y
"Em, its olowoyey@ usc.edu have a great time in argentina. Not sad about secretary, everything is a blessing",ham,"Em, its olowoyey@ usc.edu have a great time in argentina. Not sad about secretary, everything is a blessing"
You've always been the brainy one.,ham,You've always been the brainy one.
I gotta collect da car at 6 lei.,ham,I gotta collect da car at 6 lei.
Jus finish my lunch on my way home lor... I tot u dun wan 2 stay in sch today...,ham,Jus finish my lunch on my way home lor... I tot u dun wan 2 stay in sch today...
"Just looked it up and addie goes back Monday, sucks to be her",ham,"Just looked it up and addie goes back Monday, sucks to be her"
HI DARLIN IVE JUST GOT BACK AND I HAD A REALLY NICE NIGHT AND THANKS SO MUCH FOR THE LIFT SEE U TOMORROW XXX,ham,HI DARLIN IVE JUST GOT BACK AND I HAD A REALLY NICE NIGHT AND THANKS SO MUCH FOR THE LIFT SEE U TOMORROW XXX
Hi..i got the money da:),ham,Hi..i got the money da:)
Lol enjoy role playing much?,ham,Lol enjoy role playing much?
"Think ur smart ? Win 200 this week in our weekly quiz, text PLAY to 85222 now!T&Cs WinnersClub PO BOX 84, M26 3UZ. 16+. GBP1.50/week",spam,"Think ur smart ? W i n 200 t h i s w e e k in o u r wee kly q u i z, t ext P L A Y to 85222 n o w!T&Cs WinnersClub PO BOX 84, M26 3UZ. 16+. GBP1.50/w e e k"
G wants to know where the fuck you are,ham,G wants to know where the fuck you are
Probably a couple hours tops,ham,Probably a couple hours tops
Horrible bf... I now v hungry...,ham,Horrible bf... I now v hungry...
aathi..where are you dear..,ham,aathi..where are you dear..
If i said anything wrong sorry de:-),ham,If i said anything wrong sorry de:-)
The guy did some bitching but I acted like i'd be interested in buying something else next week and he gave it to us for free,ham,The guy did some bitching but I acted like i'd be interested in buying something else next week and he gave it to us for free
"Tick, tick, tick .... Where are you ? I could die of loneliness you know ! *pouts* *stomps feet* I need you ...",ham,"Tick, tick, tick .... Where are you ? I could die of loneliness you know ! *pouts* *stomps feet* I need you ..."
Valentines Day Special! Win over 1000 in our quiz and take your partner on the trip of a lifetime! Send GO to 83600 now. 150p/msg rcvd. CustCare:08718720201,spam,Valentines Day S p e c i a l! W i n o v e r 1 0 0 0 in o u r qu iz and t a k e y o u r partner on the trip of a lifetime! Se nd GO to 83600 n o w. 15 0p/msg rcvd. Cus tCare:08718720201
LIFE has never been this much fun and great until you came in. You made it truly special for me. I won't forget you! enjoy @ one gbp/sms,spam,LIFE has never b e e n th is much f u n and gre at until y o u came in. Y o u made it truly s p e c i a l for me. I won't forget y o u! enj oy @ one gbp/s m s
Din i tell u jus now 420,ham,Din i tell u jus now 420
Had your mobile 11 months or more? U R entitled to Update to the latest colour mobiles with camera for Free! Call The Mobile Update Co FREE on 08002986030,spam,Had yo ur mob ile 11 months or mo re? U R entitled to U pdate to the l atest co lour mob iles w ith ca mera for Fr ee! Ca ll The M obile U p d a t e Co F R E E on 08002986030
U are subscribed to the best Mobile Content Service in the UK for 3 per ten days until you send STOP to 83435. Helpline 08706091795.,spam,U are subscribed to the b est M o b i l e Con tent S e r v i c e in the UK for 3 p e r ten da ys until y o u se nd S T O P to 83435. Helpline 08706091795.
U have a secret admirer who is looking 2 make contact with U-find out who they R*reveal who thinks UR so special-call on 09058094594,spam,U ha ve a se cret a d m i r e r who is l o o k i n g 2 m a k e cont a c t w i t h U-f ind o u t who t h e y R*re veal who th inks UR so s p e c i a l-c a l l on 09058094594
I wish! I don't think its gonna snow that much. But it will be more than those flurries we usually get that melt before they hit the ground. Eek! We haven't had snow since &lt;#&gt; before I was even born!,ham,I wish! I don't think its gonna snow that much. But it will be more than those flurries we usually get that melt before they hit the ground. Eek! We haven't had snow since &lt;#&gt; before I was even born!
Hey darlin.. i can pick u up at college if u tell me wen & where 2 mt.. love Pete xx,ham,Hey darlin.. i can pick u up at college if u tell me wen & where 2 mt.. love Pete xx
"\Hi darlin i cantdo anythingtomorrow as myparents aretaking me outfor a meal. when are u free? Katexxx\""""",ham,"\Hi darlin i cantdo anythingtomorrow as myparents aretaking me outfor a meal. when are u free? Katexxx\"""""
You flippin your shit yet?,ham,You flippin your shit yet?
"Huh... Hyde park not in mel ah, opps, got confused... Anyway, if tt's e best choice den we juz have to take it...",ham,"Huh... Hyde park not in mel ah, opps, got confused... Anyway, if tt's e best choice den we juz have to take it..."
Don't necessarily expect it to be done before you get back though because I'm just now headin out,ham,Don't necessarily expect it to be done before you get back though because I'm just now headin out
"Thk shld b can... Ya, i wana go 4 lessons... Haha, can go for one whole stretch...",ham,"Thk shld b can... Ya, i wana go 4 lessons... Haha, can go for one whole stretch..."
It's ok i noe u're busy but i'm really too bored so i msg u. I oso dunno wat colour she choose 4 me one.,ham,It's ok i noe u're busy but i'm really too bored so i msg u. I oso dunno wat colour she choose 4 me one.
Bloomberg -Message center +447797706009 Why wait? Apply for your future  bloomberg.com,spam,Bloomberg -M e s s a g e center +447797706009 Why wait? A p p l y for yo ur future  bloomberg.com
Yes..gauti and sehwag out of odi series.,ham,Yes..gauti and sehwag out of odi series.
Only if you promise your getting out as SOON as you can. And you'll text me in the morning to let me know you made it in ok.,ham,Only if you promise your getting out as SOON as you can. And you'll text me in the morning to let me know you made it in ok.
Lemme know when you're here,ham,Lemme know when you're here
What happen to her tell the truth,ham,What happen to her tell the truth
Gd luck 4 ur exams :-),ham,Gd luck 4 ur exams :-)
"Come around &lt;DECIMAL&gt; pm vikky..i'm otside nw, il come by tht time",ham,"Come around &lt;DECIMAL&gt; pm vikky..i'm otside nw, il come by tht time"
Jus finish bathing...,ham,Jus finish bathing...
am up to my eyes in philosophy,ham,am up to my eyes in philosophy
Hi! You just spoke to MANEESHA V. We'd like to know if you were satisfied with the experience. Reply Toll Free with Yes or No.,ham,Hi! You just spoke to MANEESHA V. We'd like to know if you were satisfied with the experience. Reply Toll Free with Yes or No.
Are you still getting the goods.,ham,Are you still getting the goods.
I donno its in your genes or something,ham,I donno its in your genes or something
Ok...,ham,Ok...
Nooooooo I'm gonna be bored to death all day. Cable and internet outage.,ham,Nooooooo I'm gonna be bored to death all day. Cable and internet outage.
"Good stuff, will do.",ham,"Good stuff, will do."
Yeah so basically any time next week you can get away from your mom &amp; get up before 3,ham,Yeah so basically any time next week you can get away from your mom &amp; get up before 3
Our records indicate u maybe entitled to 5000 pounds in compensation for the Accident you had. To claim 4 free reply with CLAIM to this msg. 2 stop txt STOP,spam,O u r records indicate u maybe entitled to 5 000 p o u n d s in compensation for the Accident y o u had. To c l a i m 4 f r e e r e p l y wi th C LAIM to t h i s msg. 2 s t o p txt ST OP
Yup... Hey then one day on fri we can ask miwa and jiayin take leave go karaoke,ham,Yup... Hey then one day on fri we can ask miwa and jiayin take leave go karaoke
Do you hide anythiing or keeping distance from me,ham,Do you hide anythiing or keeping distance from me
Will _ b going to esplanade fr home?,ham,Will _ b going to esplanade fr home?
Well. You know what i mean. Texting,ham,Well. You know what i mean. Texting
Glad to see your reply.,ham,Glad to see your reply.
Where are you?when wil you reach here?,ham,Where are you?when wil you reach here?
"Oh my god! I've found your number again! I'm so glad, text me back xafter this msgs cst std ntwk chg 1.50",spam,"Oh my g o d! I've found y our num ber again! I'm so glad, te xt me b a c k xafter t his m s g s cst std ntwk chg 1.50"
Hope you enjoyed your new content. text stop to 61610 to unsubscribe. help:08712400602450p Provided by tones2you.co.uk,spam,Hope y o u enjoyed yo ur n e w c o n t e n t. t ext st op to 61610 to unsubs cribe. h elp:08712400602450p Provided by tones2you.co.uk
She just broke down a list of reasons why nobody's in town and I can't tell if she's being sarcastic or just faggy,ham,She just broke down a list of reasons why nobody's in town and I can't tell if she's being sarcastic or just faggy
Then its most likely called Mittelschmertz. Google it. If you dont have paracetamol dont worry it will go.,ham,Then its most likely called Mittelschmertz. Google it. If you dont have paracetamol dont worry it will go.
Thank you baby! I cant wait to taste the real thing...,ham,Thank you baby! I cant wait to taste the real thing...
LOL what happens in Vegas stays in vegas,ham,LOL what happens in Vegas stays in vegas
So wats ur opinion abt him and how abt is character?,ham,So wats ur opinion abt him and how abt is character?
The fact that you're cleaning shows you know why i'm upset. Your priority is constantly \what i want to do,ham,The fact that you're cleaning shows you know why i'm upset. Your priority is constantly \what i want to do
Hi its Kate how is your evening? I hope i can see you tomorrow for a bit but i have to bloody babyjontet! Txt back if u can. :) xxx,ham,Hi its Kate how is your evening? I hope i can see you tomorrow for a bit but i have to bloody babyjontet! Txt back if u can. :) xxx
Hmm .. Bits and pieces lol ... *sighs* ...,ham,Hmm .. Bits and pieces lol ... *sighs* ...
Send me yetty's number pls.,ham,Send me yetty's number pls.
Are you wet right now?,ham,Are you wet right now?
His frens go then he in lor. Not alone wif my mum n sis lor.,ham,His frens go then he in lor. Not alone wif my mum n sis lor.
i am seeking a lady in the street and a freak in the sheets. Is that you?,ham,i am seeking a lady in the street and a freak in the sheets. Is that you?
Wat makes some people dearer is not just de happiness dat u feel when u meet them but de pain u feel when u miss dem!!!,ham,Wat makes some people dearer is not just de happiness dat u feel when u meet them but de pain u feel when u miss dem!!!
How are you holding up?,ham,How are you holding up?
Do you want a New Nokia 3510i colour phone DeliveredTomorrow? With 300 free minutes to any mobile + 100 free texts + Free Camcorder reply or call 08000930705.,spam,Do y o u wa nt a N e w Nok ia 3510i c olour pho ne DeliveredTomorrow? W i t h 300 f r e e minutes to any m o b i l e + 100 f r e e t e x t s + Fr ee Ca mcorder r e p l y or c a l l 0 8 0 0 0 9 3 0 7 0 5.
"This is the 2nd time we have tried 2 contact u. U have won the 750 Pound prize. 2 claim is easy, call 087187272008 NOW1! Only 10p per minute. BT-national-rate.",spam,"T h i s is the 2nd t i m e we h ave t ried 2 c ontact u. U h a v e won the 750 P o u n d pri ze. 2 c laim is e a s y, c a l l 087187272008 NOW1! On ly 10p p e r minute. BT-nation al-ra te."
Well there's a pattern emerging of my friends telling me to drive up and come smoke with them and then telling me that I'm a weed fiend/make them smoke too much/impede their doing other things so you see how I'm hesitant,ham,Well there's a pattern emerging of my friends telling me to drive up and come smoke with them and then telling me that I'm a weed fiend/make them smoke too much/impede their doing other things so you see how I'm hesitant
Sorry to be a pain. Is it ok if we meet another night? I spent late afternoon in casualty and that means i haven't done any of y stuff42moro and that includes all my time sheets and that. Sorry.,ham,Sorry to be a pain. Is it ok if we meet another night? I spent late afternoon in casualty and that means i haven't done any of y stuff42moro and that includes all my time sheets and that. Sorry.
"awesome, how do I deal with the gate? Charles told me last night but, uh, yeah",ham,"awesome, how do I deal with the gate? Charles told me last night but, uh, yeah"
How are you doing. How's the queen. Are you going for the royal wedding,ham,How are you doing. How's the queen. Are you going for the royal wedding
Joy's father is John. Then John is the NAME of Joy's father. Mandan,ham,Joy's father is John. Then John is the NAME of Joy's father. Mandan
"What do u reckon as need 2 arrange transport if u can't do it, thanks",ham,"What do u reckon as need 2 arrange transport if u can't do it, thanks"
Yar else i'll thk of all sorts of funny things.,ham,Yar else i'll thk of all sorts of funny things.
I just made some payments so dont have that much. Sorry. Would you want it fedex or the other way.,ham,I just made some payments so dont have that much. Sorry. Would you want it fedex or the other way.
Do u knw dis no. &lt;#&gt; ?,ham,Do u knw dis no. &lt;#&gt; ?
I cant pick the phone right now. Pls send a message,ham,I cant pick the phone right now. Pls send a message
"Tee hee. Off to lecture, cheery bye bye.",ham,"Tee hee. Off to lecture, cheery bye bye."
Indeed and by the way it was either or - not both !,ham,Indeed and by the way it was either or - not both !
:-) :-),ham,:-) :-)
Tension ah?what machi?any problem?,ham,Tension ah?what machi?any problem?
Love it! The girls at the office may wonder why you are smiling but sore...,ham,Love it! The girls at the office may wonder why you are smiling but sore...
Unless it's a situation where YOU GO GURL would be more appropriate,ham,Unless it's a situation where YOU GO GURL would be more appropriate
Now project pa. After that only i can come.,ham,Now project pa. After that only i can come.
That means from february to april i'll be getting a place to stay down there so i don't have to hustle back and forth during audition season as i have since my sister moved away from harlem.,ham,That means from february to april i'll be getting a place to stay down there so i don't have to hustle back and forth during audition season as i have since my sister moved away from harlem.
Your daily text from me  a favour this time,ham,Your daily text from me  a favour this time
"I prefer my free days... Tues, wed, fri oso can...  ask those workin lor...",ham,"I prefer my free days... Tues, wed, fri oso can...  ask those workin lor..."
Ard 6 like dat lor.,ham,Ard 6 like dat lor.
Wanna do some art?! :D,ham,Wanna do some art?! :D
"FREE RINGTONE text FIRST to 87131 for a poly or text GET to 87131 for a true tone! Help? 0845 2814032 16 after 1st free, tones are 3x150pw to end txt stop",spam,"F R E E R I N G T O N E t e x t F I R S T to 87131 for a p o l y or t e x t G E T to 87131 for a true t o n e! H e l p? 0845 2814032 16 after 1st f ree, t ones are 3x150pw to end txt s t o p"
Someone U know has asked our dating service 2 contact you! Cant Guess who? CALL 09058091854 NOW all will be revealed. PO BOX385 M6 6WU,spam,S omeone U k n o w has asked o u r d a t i n g se rvice 2 c o n t a c t y o u! Cant Guess who? C A L L 09058091854 N O W a l l w i l l be revealed. PO BOX385 M6 6WU
"Hi hope u r both ok, he said he would text and he hasn't, have u seen him, let me down gently please",ham,"Hi hope u r both ok, he said he would text and he hasn't, have u seen him, let me down gently please"
Dont forget you can place as many FREE Requests with 1stchoice.co.uk as you wish. For more Information call 08707808226.,spam,D o n t forget y o u can place as many F R E E Requests w i t h 1stchoice.co.uk as y o u wish. For mo re I n f o r m a t i o n ca ll 08707808226.
Hard LIVE 121 chat just 60p/min. Choose your girl and connect LIVE. Call 09094646899 now! Cheap Chat UK's biggest live service. VU BCM1896WC1N3XX,spam,Hard L IVE 121 ch at ju st 60p/min. C h o o s e y our girl and connect L I V E. C a l l 09094646899 n o w! Ch eap C h a t UK's biggest l i v e s e r v i c e. VU BCM1896WC1N3XX
"Sorry pa, i dont knw who ru pa?",ham,"Sorry pa, i dont knw who ru pa?"
Huh y lei...,ham,Huh y lei...
He dint tell anything. He is angry on me that why you told to abi.,ham,He dint tell anything. He is angry on me that why you told to abi.
"Good evening Sir, hope you are having a nice day. I wanted to bring it to your notice that I have been late in paying rent for the past few months and have had to pay a $ &lt;#&gt; charge. I felt it would be inconsiderate of me to nag about something you give at great cost to yourself and that's why i didnt speak up. I however am in a recession and wont be able to pay the charge this month hence my askin well ahead of month's end. Can you please help. Thank you for everything.",ham,"Good evening Sir, hope you are having a nice day. I wanted to bring it to your notice that I have been late in paying rent for the past few months and have had to pay a $ &lt;#&gt; charge. I felt it would be inconsiderate of me to nag about something you give at great cost to yourself and that's why i didnt speak up. I however am in a recession and wont be able to pay the charge this month hence my askin well ahead of month's end. Can you please help. Thank you for everything."
\alright babe,ham,\alright babe
Prepare to be pounded every night...,ham,Prepare to be pounded every night...
would u fuckin believe it they didnt know i had thurs pre booked off so they re cancelled me AGAIN! that needs to b sacked,ham,would u fuckin believe it they didnt know i had thurs pre booked off so they re cancelled me AGAIN! that needs to b sacked
Thank you princess! I want to see your nice juicy booty...,ham,Thank you princess! I want to see your nice juicy booty...
Whats the staff name who is taking class for us?,ham,Whats the staff name who is taking class for us?
"Whats that coming over the hill..... Is it a monster! Hope you have a great day. Things r going fine here, busy though!",ham,"Whats that coming over the hill..... Is it a monster! Hope you have a great day. Things r going fine here, busy though!"
Haven't left yet so probably gonna be here til dinner,ham,Haven't left yet so probably gonna be here til dinner
"44 7732584351, Do you want a New Nokia 3510i colour phone DeliveredTomorrow? With 300 free minutes to any mobile + 100 free texts + Free Camcorder reply or call 08000930705.",spam,"44 7732584351, Do y o u w a n t a N e w No kia 3510i co lour p h o n e DeliveredTomorrow? W ith 300 f r e e minutes to any m obile + 100 f r e e te xts + F ree C a m c o r d e r r e p l y or c a l l 0 8 0 0 0 9 3 0 7 0 5."
Its on in engalnd! But telly has decided it won't let me watch it and mia and elliot were kissing! Damn it!,ham,Its on in engalnd! But telly has decided it won't let me watch it and mia and elliot were kissing! Damn it!
I dont know why she.s not getting your messages,ham,I dont know why she.s not getting your messages
Hey loverboy! I love you !! I had to tell ... I look at your picture and ache to feel you between my legs ... Fuck I want you ... I need you ... I crave you .,ham,Hey loverboy! I love you !! I had to tell ... I look at your picture and ache to feel you between my legs ... Fuck I want you ... I need you ... I crave you .
"No I'm good for the movie, is it ok if I leave in an hourish?",ham,"No I'm good for the movie, is it ok if I leave in an hourish?"
Carlos says we can pick up from him later so yeah we're set,ham,Carlos says we can pick up from him later so yeah we're set
U having lunch alone? I now so bored...,ham,U having lunch alone? I now so bored...
Call Germany for only 1 pence per minute! Call from a fixed line via access number 0844 861 85 85. No prepayment. Direct access!,spam,C a l l Germany for o n l y 1 pence p e r minute! Ca ll f r o m a fixed li ne v i a a c c e s s n u m b e r 0844 861 85 85. No prepayment. Dir ect a c c e s s!
"K, fyi I'm back in my parents' place in south tampa so I might need to do the deal somewhere else",ham,"K, fyi I'm back in my parents' place in south tampa so I might need to do the deal somewhere else"
Really dun bluff me leh... U sleep early too. Nite...,ham,Really dun bluff me leh... U sleep early too. Nite...
Where in abj are you serving. Are you staying with dad or alone.,ham,Where in abj are you serving. Are you staying with dad or alone.
Huh so early.. Then _ having dinner outside izzit?,ham,Huh so early.. Then _ having dinner outside izzit?
"I'm tired of arguing with you about this week after week. Do what you want and from now on, i'll do the same.",ham,"I'm tired of arguing with you about this week after week. Do what you want and from now on, i'll do the same."
I am taking you for italian food. How about a pretty dress with no panties? :),ham,I am taking you for italian food. How about a pretty dress with no panties? :)
"LookAtMe!: Thanks for your purchase of a video clip from LookAtMe!, you've been charged 35p. Think you can do better? Why not send a video in a MMSto 32323.",spam,"LookAtMe!: Than ks for y o u r purchase of a vid eo clip f r o m LookAtMe!, y o u've b een ch arged 35p. Think y o u can do better? Why not se nd a v i d e o in a MMSto 32323."
I havent lei.. Next mon can?,ham,I havent lei.. Next mon can?
Mm that time you dont like fun,ham,Mm that time you dont like fun
"(And my man carlos is definitely coming by mu tonight, no excuses)",ham,"(And my man carlos is definitely coming by mu tonight, no excuses)"
Yes.mum lookin strong:),ham,Yes.mum lookin strong:)
You still around? Looking to pick up later,ham,You still around? Looking to pick up later
Lol no. I just need to cash in my nitros. Hurry come on before I crash out!,ham,Lol no. I just need to cash in my nitros. Hurry come on before I crash out!
"No we put party 7 days a week and study lightly, I think we need to draw in some custom checkboxes so they know we're hardcore",ham,"No we put party 7 days a week and study lightly, I think we need to draw in some custom checkboxes so they know we're hardcore"
U don't know how stubborn I am. I didn't even want to go to the hospital. I kept telling Mark I'm not a weak sucker. Hospitals are for weak suckers.,ham,U don't know how stubborn I am. I didn't even want to go to the hospital. I kept telling Mark I'm not a weak sucker. Hospitals are for weak suckers.
"Just got part Nottingham - 3 hrs 63miles. Good thing i love my man so much, but only doing 40mph. Hey ho",ham,"Just got part Nottingham - 3 hrs 63miles. Good thing i love my man so much, but only doing 40mph. Hey ho"
U reach orchard already? U wan 2 go buy tickets first?,ham,U reach orchard already? U wan 2 go buy tickets first?
Gr8 new service - live sex video chat on your mob - see the sexiest dirtiest girls live on ur phone - 4 details text horny to 89070 to cancel send STOP to 89070,spam,Gr8 n e w s ervice - l ive s e x vid eo c hat on y our mob - s e e the sexiest dirtiest girls l ive on ur ph one - 4 deta ils t ext horny to 89070 to cancel se nd S T O P to 89070
U have a secret admirer who is looking 2 make contact with U-find out who they R*reveal who thinks UR so special-call on 09058094599,spam,U h a v e a s e c r e t adm irer who is lo oking 2 ma ke con tact w ith U-f ind o u t who t h e y R*rev eal who t hinks UR so s pecial-ca ll on 09058094599
Black shirt n blue jeans... I thk i c _...,ham,Black shirt n blue jeans... I thk i c _...
"Anyway I don't think I can secure anything up here, lemme know if you want me to drive down south and chill",ham,"Anyway I don't think I can secure anything up here, lemme know if you want me to drive down south and chill"
Yup i shd haf ard 10 pages if i add figures...  all got how many pages?,ham,Yup i shd haf ard 10 pages if i add figures...  all got how many pages?
i can call in &lt;#&gt; min if thats ok,ham,i can call in &lt;#&gt; min if thats ok
Normally i use to drink more water daily:),ham,Normally i use to drink more water daily:)
"We're all getting worried over here, derek and taylor have already assumed the worst",ham,"We're all getting worried over here, derek and taylor have already assumed the worst"
U 447801259231 have a secret admirer who is looking 2 make contact with U-find out who they R*reveal who thinks UR so special-call on 09058094597,spam,U 447801259231 h ave a s e c r e t admir er who is lo oking 2 m ake c o n t a c t w i t h U-fi nd o u t who t h e y R*re veal who t h i n k s UR so speci al-c a l l on 09058094597
Surly ill give it to you:-) while coming to review.,ham,Surly ill give it to you:-) while coming to review.
You are awarded a SiPix Digital Camera! call 09061221061 from landline. Delivery within 28days. T Cs Box177. M221BP. 2yr warranty. 150ppm. 16 . p p3.99,spam,Y o u are a w a r d ed a S i P i x Digit al C a m e r a! ca ll 09061221061 fr om l a n d l i n e. Deli very w i t h i n 28days. T Cs Box177. M221BP. 2yr warranty. 1 5 0 p p m. 16 . p p3.99
Have you laid your airtel line to rest?,ham,Have you laid your airtel line to rest?
Then wat r u doing now? Busy wif work?,ham,Then wat r u doing now? Busy wif work?
Your account has been refilled successfully by INR &lt;DECIMAL&gt; . Your KeralaCircle prepaid account balance is Rs &lt;DECIMAL&gt; . Your Transaction ID is KR &lt;#&gt; .,ham,Your account has been refilled successfully by INR &lt;DECIMAL&gt; . Your KeralaCircle prepaid account balance is Rs &lt;DECIMAL&gt; . Your Transaction ID is KR &lt;#&gt; .
R u over scratching it?,ham,R u over scratching it?
"Hello my boytoy ... Geeee I miss you already and I just woke up. I wish you were here in bed with me, cuddling me. I love you ...",ham,"Hello my boytoy ... Geeee I miss you already and I just woke up. I wish you were here in bed with me, cuddling me. I love you ..."
I'm now but have to wait till 2 for the bus to pick me.,ham,I'm now but have to wait till 2 for the bus to pick me.
"Sorry, I'll call later",ham,"Sorry, I'll call later"
4mths half price Orange line rental & latest camera phones 4 FREE. Had your phone 11mths+? Call MobilesDirect free on 08000938767 to update now! or2stoptxt T&Cs,spam,4mths h alf p r i c e O r a n g e l ine r ental & l a t e s t c a m e r a p h o n e s 4 FR EE. Had y our ph one 11mths+? C a l l MobilesDirect f ree on 08000938767 to u p d a t e n o w! or2stoptxt T&Cs
Oh dang! I didn't mean o send that to you! Lol!,ham,Oh dang! I didn't mean o send that to you! Lol!
How much is blackberry bold2 in nigeria.,ham,How much is blackberry bold2 in nigeria.
Heart is empty without love.. Mind is empty without wisdom.. Eyes r empty without dreams &amp; Life is empty without frnds.. So Alwys Be In Touch. Good night &amp; sweet dreams,ham,Heart is empty without love.. Mind is empty without wisdom.. Eyes r empty without dreams &amp; Life is empty without frnds.. So Alwys Be In Touch. Good night &amp; sweet dreams
Also fuck you and your family for going to rhode island or wherever the fuck and leaving me all alone the week I have a new bong &gt;:(,ham,Also fuck you and your family for going to rhode island or wherever the fuck and leaving me all alone the week I have a new bong &gt;:(
Staff of placement training in Amrita college.,ham,Staff of placement training in Amrita college.
Wat u doing there?,ham,Wat u doing there?
if you aren't here in the next &lt;#&gt; hours imma flip my shit,ham,if you aren't here in the next &lt;#&gt; hours imma flip my shit
"Sorry, I'll call later",ham,"Sorry, I'll call later"
"Sorry, I'll call later",ham,"Sorry, I'll call later"
Lmao you know me so well...,ham,Lmao you know me so well...
Ok lor... Or u wan me go look 4 u?,ham,Ok lor... Or u wan me go look 4 u?
Great News! Call FREEFONE 08006344447 to claim your guaranteed 1000 CASH or 2000 gift. Speak to a live operator NOW!,spam,G r e a t N e w s! Ca ll FREEFONE 08006344447 to cla im y o u r g uaranteed 1 000 C ASH or 2 0 0 0 g ift. S p e a k to a l i v e o p e r a t o r N O W!
"No, its true..k,Do u knw dis no. &lt;#&gt; ?",ham,"No, its true..k,Do u knw dis no. &lt;#&gt; ?"
"FREE GAME. Get Rayman Golf 4 FREE from the O2 Games Arcade. 1st get UR games settings. Reply POST, then save & activ8. Press 0 key for Arcade. Termsapply",spam,"F R E E GAME. G e t Rayman Golf 4 F REE f rom the O2 G ames Arcade. 1st g e t UR g a m e s settings. R eply POST, t h e n s a v e & activ8. Press 0 key for Arcade. Termsapply"
Ard 530 like dat lor. We juz meet in mrt station then _ dun haf to come out.,ham,Ard 530 like dat lor. We juz meet in mrt station then _ dun haf to come out.
Yes:)sura in sun tv.:)lol.,ham,Yes:)sura in sun tv.:)lol.
Im just wondering what your doing right now?,ham,Im just wondering what your doing right now?
Jesus christ bitch I'm trying to give you drugs answer your fucking phone,ham,Jesus christ bitch I'm trying to give you drugs answer your fucking phone
PRIVATE! Your 2003 Account Statement for 07753741225 shows 800 un-redeemed S. I. M. points. Call 08715203677 Identifier Code: 42478 Expires 24/10/04,spam,PRI VATE! Y o u r 2 0 0 3 Ac count State ment for 07753741225 s h o w s 800 un-redeem ed S. I. M. p o i n t s. C a l l 08715203677 I dentifier C ode: 42478 Exp ires 24/10/04
We can go 4 e normal pilates after our intro...,ham,We can go 4 e normal pilates after our intro...
Aiya we discuss later lar... Pick _ up at 4 is it?,ham,Aiya we discuss later lar... Pick _ up at 4 is it?
Pls she needs to dat slowly or she will vomit more.,ham,Pls she needs to dat slowly or she will vomit more.
Hey you still want to go for yogasana? Coz if we end at cine then can go bathe and hav the steam bath,ham,Hey you still want to go for yogasana? Coz if we end at cine then can go bathe and hav the steam bath
"Hi there, 2nights ur lucky night! Uve been invited 2 XCHAT, the Uks wildest chat! Txt CHAT to 86688 now! 150p/MsgrcvdHG/Suite342/2Lands/Row/W1J6HL LDN 18yrs",spam,"Hi the re, 2nights ur l u c k y n i g h t! Uve b e e n invited 2 XCHAT, the Uks wildest c h a t! Txt C H A T to 86 688 n o w! 1 5 0 p/MsgrcvdHG/Suite3 42/2 L a n d s/Row/W1J6HL LDN 18yrs"
Hello! How r u? Im bored. Inever thought id get bored with the tv but I am. Tell me something exciting has happened there? Anything! =/,ham,Hello! How r u? Im bored. Inever thought id get bored with the tv but I am. Tell me something exciting has happened there? Anything! =/
"My painful personal thought- \I always try to keep everybody happy all the time. But nobody recognises me when i am alone\""""",ham,"My painful personal thought- \I always try to keep everybody happy all the time. But nobody recognises me when i am alone\"""""
Btw regarding that we should really try to see if anyone else can be our 4th guy before we commit to a random dude,ham,Btw regarding that we should really try to see if anyone else can be our 4th guy before we commit to a random dude
"I had been hoping i would not have to send you this message. My rent is due and i dont have enough for it. My reserves are completely gone. Its a loan i need and was hoping you could her. The balance is &lt;#&gt; . Is there a way i could get that from you, till mid march when i hope to pay back.",ham,"I had been hoping i would not have to send you this message. My rent is due and i dont have enough for it. My reserves are completely gone. Its a loan i need and was hoping you could her. The balance is &lt;#&gt; . Is there a way i could get that from you, till mid march when i hope to pay back."
So that takes away some money worries,ham,So that takes away some money worries
URGENT! We are trying to contact U. Todays draw shows that you have won a 2000 prize GUARANTEED. Call 09058094507 from land line. Claim 3030. Valid 12hrs only,spam,URG ENT! We are t r y ing to c o n t a c t U. T o d a y s d r a w sh ows t hat y o u h a v e won a 20 00 pr ize GUA RANTEED. Ca ll 09058094507 f r o m l a n d l i n e. C l a i m 3 030. V a l i d 1 2 h r s o nly
I am joining today formally.Pls keep praying.will talk later.,ham,I am joining today formally.Pls keep praying.will talk later.
Ummmmmaah Many many happy returns of d day my dear sweet heart.. HAPPY BIRTHDAY dear,ham,Ummmmmaah Many many happy returns of d day my dear sweet heart.. HAPPY BIRTHDAY dear
", ow u dey.i paid 60,400thousad.i told u would call .",ham,", ow u dey.i paid 60,400thousad.i told u would call ."
18 days to Euro2004 kickoff! U will be kept informed of all the latest news and results daily. Unsubscribe send GET EURO STOP to 83222.,spam,18 d a y s to Euro2004 kickoff! U w i l l be kept informed of a l l the l atest ne ws and results daily. U n s u b s c r i b e s e n d G E T EURO S T O P to 83222.
Ok..,ham,Ok..
"My life Means a lot to me, Not because I love my life, But because I love the people in my life, The world calls them friends, I call them my World:-).. Ge:-)..",ham,"My life Means a lot to me, Not because I love my life, But because I love the people in my life, The world calls them friends, I call them my World:-).. Ge:-).."
I sent your maga that money yesterday oh.,ham,I sent your maga that money yesterday oh.
"Hi this is Amy, we will be sending you a free phone number in a couple of days, which will give you an access to all the adult parties...",spam,"Hi t h i s is Amy, we w i l l be sending y o u a f r e e p hone n u m b e r in a couple of da ys, w h i c h w ill g ive y o u an acc ess to a l l the adult parties..."
No I don't have cancer. Moms making a big deal out of a regular checkup aka pap smear,ham,No I don't have cancer. Moms making a big deal out of a regular checkup aka pap smear
I can send you a pic if you like :),ham,I can send you a pic if you like :)
Haha mayb u're rite... U know me well. Da feeling of being liked by someone is gd lor. U faster go find one then all gals in our group attached liao.,ham,Haha mayb u're rite... U know me well. Da feeling of being liked by someone is gd lor. U faster go find one then all gals in our group attached liao.
"K, jason says he's gonna be around so I'll be up there around &lt;#&gt;",ham,"K, jason says he's gonna be around so I'll be up there around &lt;#&gt;"
FREE for 1st week! No1 Nokia tone 4 ur mob every week just txt NOKIA to 8007 Get txting and tell ur mates  POBox 36504 W45WQ norm150p/tone 16+,spam,F R E E for 1st w e e k! No1 N o k i a t one 4 ur mob e very w eek j ust txt N O K I A to 8 0 0 7 G e t t x t i n g and t ell ur mat es  P O B o x 36504 W45WQ norm150p/to ne 16+
"Spook up your mob with a Halloween collection of a logo & pic message plus a free eerie tone, txt CARD SPOOK to 8007 zed 08701417012150p per logo/pic",spam,"Spook up y our mob wi th a Halloween collect ion of a logo & pic m e s s a g e p lus a f r e e eerie to ne, txt CARD SPOOK to 80 07 zed 08701417012150p p e r logo/pic"
We'll you pay over like &lt;#&gt; yrs so its not too difficult,ham,We'll you pay over like &lt;#&gt; yrs so its not too difficult
As a Registered Subscriber yr draw 4 a 100 gift voucher will b entered on receipt of a correct ans. When are the next olympics. Txt ans to 80062,spam,As a Registered Subscriber yr d r a w 4 a 100 g i f t v o u c h e r wi ll b ente red on receipt of a correct ans. W h e n are the n e x t olympics. Txt ans to 8 0 0 6 2
here is my new address -apples&pairs&all that malarky,ham,here is my new address -apples&pairs&all that malarky
Den wat will e schedule b lk on sun?,ham,Den wat will e schedule b lk on sun?
Happy New year my dear brother. I really do miss you. Just got your number and decided to send you this text wishing you only happiness. Abiola,ham,Happy New year my dear brother. I really do miss you. Just got your number and decided to send you this text wishing you only happiness. Abiola
"WIN: We have a winner! Mr. T. Foley won an iPod! More exciting prizes soon, so keep an eye on ur mobile or visit ",spam,"W I N: We h ave a wi nner! Mr. T. Foley won an i P o d! M ore exciting prizes soon, so ke ep an eye on ur m o b i l e or vi sit "
And by when you're done I mean now,ham,And by when you're done I mean now
"Get 3 Lions England tone, reply lionm 4 mono or lionp 4 poly. 4 more go 2  the original n best. Tones 3GBP network operator rates apply",spam,"G e t 3 Lions E ngland to ne, r e p l y lionm 4 mono or lionp 4 po ly. 4 m o r e go 2  the original n b est. T ones 3GBP ne twork o p e r a t o r r a t e s a p p l y"
83039 62735=450 UK Break AccommodationVouchers terms & conditions apply. 2 claim you mustprovide your claim number which is 15541,spam,83039 62735=450 UK Break AccommodationVouchers ter ms & conditions a p p ly. 2 c l a i m y o u mustprovide yo ur c l a i m numb er wh ich is 15541
"The sign of maturity is not when we start saying big things.. But actually it is, when we start understanding small things... *HAVE A NICE EVENING* BSLVYL",ham,"The sign of maturity is not when we start saying big things.. But actually it is, when we start understanding small things... *HAVE A NICE EVENING* BSLVYL"
Life style garments account no please.,ham,Life style garments account no please.
Yes. that will be fine. Love you. Be safe.,ham,Yes. that will be fine. Love you. Be safe.
Nationwide auto centre (or something like that) on Newport road. I liked them there,ham,Nationwide auto centre (or something like that) on Newport road. I liked them there
Huh but i cant go 2 ur house empty handed right?,ham,Huh but i cant go 2 ur house empty handed right?
Weightloss! No more girl friends. Make loads of money on ebay or something. And give thanks to God.,ham,Weightloss! No more girl friends. Make loads of money on ebay or something. And give thanks to God.
FREE>Ringtone! Reply REAL or POLY eg REAL1 1. PushButton 2. DontCha 3. BabyGoodbye 4. GoldDigger 5. WeBeBurnin 1st tone FREE and 6 more when u join for 3/wk,spam,F REE>R i n g t o n e! R e p l y RE AL or P O L Y eg REAL1 1. PushButton 2. DontCha 3. BabyGoodbye 4. GoldDigger 5. WeBeBurnin 1st t o n e F R E E and 6 mo re wh en u jo in for 3/wk
I'm at home. Please call,ham,I'm at home. Please call
Pick you up bout 7.30ish? What time are and that going?,ham,Pick you up bout 7.30ish? What time are and that going?
Just trying to figure out when I'm suppose to see a couple different people this week. We said we'd get together but I didn't set dates,ham,Just trying to figure out when I'm suppose to see a couple different people this week. We said we'd get together but I didn't set dates
I have a sore throat. It's scratches when I talk,ham,I have a sore throat. It's scratches when I talk
In other news after hassling me to get him weed for a week andres has no money. HAUGHAIGHGTUJHYGUJ,ham,In other news after hassling me to get him weed for a week andres has no money. HAUGHAIGHGTUJHYGUJ
I did. One slice and one breadstick. Lol,ham,I did. One slice and one breadstick. Lol
Ok.ok ok..then..whats ur todays plan,ham,Ok.ok ok..then..whats ur todays plan
Thts wat Wright Brother did to fly..,ham,Thts wat Wright Brother did to fly..
"FRAN I DECIDED 2 GO N E WAY IM COMPLETELY BROKE AN KNACKERED I GOT UP BOUT 3 C U 2MRW LOVE JANX P.S THIS IS MY DADS FONE, -NO CREDIT",ham,"FRAN I DECIDED 2 GO N E WAY IM COMPLETELY BROKE AN KNACKERED I GOT UP BOUT 3 C U 2MRW LOVE JANX P.S THIS IS MY DADS FONE, -NO CREDIT"
And pls pls drink plenty plenty water,ham,And pls pls drink plenty plenty water
Did u see what I posted on your Facebook?,ham,Did u see what I posted on your Facebook?
* Will be september by then!,ham,* Will be september by then!
I'm stuck in da middle of da row on da right hand side of da lt...,ham,I'm stuck in da middle of da row on da right hand side of da lt...
Come by our room at some point so we can iron out the plan for this weekend,ham,Come by our room at some point so we can iron out the plan for this weekend
"Happy new year to u and ur family...may this new year bring happiness , stability and tranquility to ur vibrant colourful life:):)",ham,"Happy new year to u and ur family...may this new year bring happiness , stability and tranquility to ur vibrant colourful life:):)"
Who u talking about?,ham,Who u talking about?
I told her I had a Dr appt next week. She thinks I'm gonna die. I told her its just a check. Nothing to be worried about. But she didn't listen.,ham,I told her I had a Dr appt next week. She thinks I'm gonna die. I told her its just a check. Nothing to be worried about. But she didn't listen.
"Damn, can you make it tonight or do you want to just wait til tomorrow",ham,"Damn, can you make it tonight or do you want to just wait til tomorrow"
I'm not. She lip synced with shangela.,ham,I'm not. She lip synced with shangela.
Please call our customer service representative on FREEPHONE 0808 145 4742 between 9am-11pm as you have WON a guaranteed 1000 cash or 5000 prize!,spam,P lease ca ll o u r cu stomer s e r v i c e represent ative on F REEPHONE 0808 145 4742 bet ween 9am-11pm as y o u h ave WON a g u a r a n t e e d 1 0 0 0 c ash or 5 000 p rize!
Mode men or have you left.,ham,Mode men or have you left.
I bought the test yesterday. Its something that lets you know the exact day u ovulate.when will get 2u in about 2 to 3wks. But pls pls dont fret. I know u r worried. Pls relax. Also is there anything in ur past history u need to tell me?,ham,I bought the test yesterday. Its something that lets you know the exact day u ovulate.when will get 2u in about 2 to 3wks. But pls pls dont fret. I know u r worried. Pls relax. Also is there anything in ur past history u need to tell me?
"Got what it takes 2 take part in the WRC Rally in Oz? U can with Lucozade Energy! Text RALLY LE to 61200 (25p), see packs or lucozade.co.uk/wrc & itcould be u!",spam,"Got wh at it takes 2 t a k e pa rt in the WRC Rally in Oz? U can w i t h Lucozade Energy! T e x t RALLY LE to 61200 (25p), s e e packs or lucozade.co.uk/wrc & itcould be u!"
Its not that time of the month nor mid of the time?,ham,Its not that time of the month nor mid of the time?
Yes! I am a one woman man! Please tell me your likes and dislikes in bed...,ham,Yes! I am a one woman man! Please tell me your likes and dislikes in bed...
Hey mr and I are going to the sea view and having a couple of gays I mean games! Give me a bell when ya finish,ham,Hey mr and I are going to the sea view and having a couple of gays I mean games! Give me a bell when ya finish
"Ur balance is now 600. Next question: Complete the landmark, Big, A. Bob, B. Barry or C. Ben ?. Text A, B or C to 83738. Good luck!",spam,"Ur balance is n o w 600. N e x t q u e s t i o n: Complete the landmark, B i g, A. Bob, B. Barry or C. Ben ?. Te xt A, B or C to 83738. Go od luck!"
Bbq this sat at mine from 6ish. Ur welcome 2 come,ham,Bbq this sat at mine from 6ish. Ur welcome 2 come
Its sunny in california. The weather's just cool,ham,Its sunny in california. The weather's just cool
"_ we r stayin here an extra week, back next wed. How did we do in the rugby this weekend? Hi to and and , c u soon \"" ham""",ham,"_ we r stayin here an extra week, back next wed. How did we do in the rugby this weekend? Hi to and and , c u soon \"" ham"""
Imagine Life WITHOUT ME... see.. How fast u are searching me?Don't worry.. l'm always there To disturb U.. Goodnoon..:),ham,Imagine Life WITHOUT ME... see.. How fast u are searching me?Don't worry.. l'm always there To disturb U.. Goodnoon..:)
Are you up for the challenge? I know i am :),ham,Are you up for the challenge? I know i am :)
"I know you are thinkin malaria. But relax, children cant handle malaria. She would have been worse and its gastroenteritis. If she takes enough to replace her loss her temp will reduce. And if you give her malaria meds now she will just vomit. Its a self limiting illness she has which means in a few days it will completely stop",ham,"I know you are thinkin malaria. But relax, children cant handle malaria. She would have been worse and its gastroenteritis. If she takes enough to replace her loss her temp will reduce. And if you give her malaria meds now she will just vomit. Its a self limiting illness she has which means in a few days it will completely stop"
"Dear,Me at cherthala.in case u r coming cochin pls call bfore u start.i shall also reach accordingly.or tell me which day u r coming.tmorow i am engaged ans its holiday.",ham,"Dear,Me at cherthala.in case u r coming cochin pls call bfore u start.i shall also reach accordingly.or tell me which day u r coming.tmorow i am engaged ans its holiday."
thesmszone.com lets you send free anonymous and masked messages..im sending this message from there..do you see the potential for abuse???,spam,thesmszone.com lets y o u s e n d f r e e anonymous and masked mes sages..im sending t his me ssage f r o m th ere..do y o u s e e the potential for abuse???
Do we have any spare power supplies,ham,Do we have any spare power supplies
"You have been selected to stay in 1 of 250 top British hotels - FOR NOTHING! Holiday Worth 350! To Claim, Call London 02072069400. Bx 526, SW73SS",spam,"Y o u ha ve b e e n s elected to stay in 1 of 250 t o p British hotels - FOR NOTHING! H o l i d a y Wor th 350! To C l a i m, C a l l London 02072069400. Bx 526, SW73SS"
Lol ok your forgiven :),ham,Lol ok your forgiven :)
Auntie huai juan never pick up her phone,ham,Auntie huai juan never pick up her phone
Love you aathi..love u lot..,ham,Love you aathi..love u lot..
"Mum, hope you are having a great day. Hoping this text meets you well and full of life. Have a great day. Abiola",ham,"Mum, hope you are having a great day. Hoping this text meets you well and full of life. Have a great day. Abiola"
"Sorry, I'll call later &lt;#&gt; mins",ham,"Sorry, I'll call later &lt;#&gt; mins"
If I get there before you after your ten billion calls and texts so help me god,ham,If I get there before you after your ten billion calls and texts so help me god
HI DARLIN HOW WAS WORK DID U GET INTO TROUBLE? IJUST TALKED TO YOUR MUM ALL MORNING! I HAD A REALLY GOOD TIME LAST NIGHT IM GOIN OUT SOON BUT CALL ME IF U CAN,ham,HI DARLIN HOW WAS WORK DID U GET INTO TROUBLE? IJUST TALKED TO YOUR MUM ALL MORNING! I HAD A REALLY GOOD TIME LAST NIGHT IM GOIN OUT SOON BUT CALL ME IF U CAN
"Pete,is this your phone still? Its Jenny from college and Leanne.what are you up to now?:)",ham,"Pete,is this your phone still? Its Jenny from college and Leanne.what are you up to now?:)"
Dont worry. I guess he's busy.,ham,Dont worry. I guess he's busy.
So do you have samus shoulders yet,ham,So do you have samus shoulders yet
"Living is very simple.. Loving is also simple.. Laughing is too simple.. Winning is tooo simple.. But, Being 'SIMPLE' is very difficult...;-) :-)",ham,"Living is very simple.. Loving is also simple.. Laughing is too simple.. Winning is tooo simple.. But, Being 'SIMPLE' is very difficult...;-) :-)"
Just hopeing that wasnt too pissed up to remember and has gone off to his sisters or something!,ham,Just hopeing that wasnt too pissed up to remember and has gone off to his sisters or something!
I'm on da bus going home...,ham,I'm on da bus going home...
Haha okay... Today weekend leh...,ham,Haha okay... Today weekend leh...
i am going to bed now prin,ham,i am going to bed now prin
Santa Calling! Would your little ones like a call from Santa Xmas eve? Call 09058094583 to book your time.,spam,Santa C a l l ing! Would yo ur little ones l i k e a ca ll f rom Santa Xm as eve? C a l l 09058094583 to b o o k y o u r t ime.
That depends. How would you like to be treated? :),ham,That depends. How would you like to be treated? :)
Ok lor then we go tog lor...,ham,Ok lor then we go tog lor...
Y so late but i need to go n get da laptop...,ham,Y so late but i need to go n get da laptop...
Have a nice day my dear.,ham,Have a nice day my dear.
"Oh, yes, I've just been a little under the weather so i've kind of been coccooning at home",ham,"Oh, yes, I've just been a little under the weather so i've kind of been coccooning at home"
You call times job today ok umma and ask them to speed up,ham,You call times job today ok umma and ask them to speed up
Have you seen who's back at Holby?!,ham,Have you seen who's back at Holby?!
"She said,'' do u mind if I go into the bedroom for a minute ? '' ''OK'', I sed in a sexy mood. She came out 5 minuts latr wid a cake...n My Wife,",ham,"She said,'' do u mind if I go into the bedroom for a minute ? '' ''OK'', I sed in a sexy mood. She came out 5 minuts latr wid a cake...n My Wife,"
I am great! How are you?,ham,I am great! How are you?
Depends on where u going lor.,ham,Depends on where u going lor.
"Good afternoon, my boytoy ... How are you feeling today ? Better I hope? Are you being my good boy? Are you my obedient, slave? Do you please your Queen?",ham,"Good afternoon, my boytoy ... How are you feeling today ? Better I hope? Are you being my good boy? Are you my obedient, slave? Do you please your Queen?"
I've been searching for the right words to thank you for this breather. I promise i wont take your help for granted and will fulfil my promise. You have been wonderful and a blessing at all times.,ham,I've been searching for the right words to thank you for this breather. I promise i wont take your help for granted and will fulfil my promise. You have been wonderful and a blessing at all times.
Why de. You looking good only:-)..,ham,Why de. You looking good only:-)..
Ya but it cant display internal subs so i gotta extract them,ham,Ya but it cant display internal subs so i gotta extract them
", how's things? Just a quick question.",ham,", how's things? Just a quick question."
Just checking in on you. Really do miss seeing Jeremiah. Do have a great month,ham,Just checking in on you. Really do miss seeing Jeremiah. Do have a great month
I want to see your pretty pussy...,ham,I want to see your pretty pussy...
Hmm ill have to think about it... ok you're forgiven! =D,ham,Hmm ill have to think about it... ok you're forgiven! =D
Can't take any major roles in community outreach. You rock mel,ham,Can't take any major roles in community outreach. You rock mel
"our mobile number has won 5000, to claim calls us back or ring the claims hot line on 09050005321.",spam,"o u r m o b i l e n u m b e r has won 50 00, to c laim c a l l s us b a c k or ring the claims h o t li ne on 09050005321."
"Wishing you and your family Merry \X\"" mas and HAPPY NEW Year in advance..""",ham,"Wishing you and your family Merry \X\"" mas and HAPPY NEW Year in advance.."""
Stupid.its not possible,ham,Stupid.its not possible
Hi da:)how is the todays class?,ham,Hi da:)how is the todays class?
"A famous quote : when you develop the ability to listen to 'anything' unconditionally without losing your temper or self confidence, it means you are ......... 'MARRIED'",ham,"A famous quote : when you develop the ability to listen to 'anything' unconditionally without losing your temper or self confidence, it means you are ......... 'MARRIED'"
I don't know but I'm raping dudes at poker,ham,I don't know but I'm raping dudes at poker
"For ur chance to win 250 cash every wk TXT: PLAY to 83370. T's&C's  custcare 08715705022, 1x150p/wk.",spam,"For ur cha nce to w i n 250 ca sh e v e r y wk TXT: P L A Y to 83370. T's&C's  cust care 08715705022, 1x150p/wk."
"Sorry, I'll call later",ham,"Sorry, I'll call later"
"Hi. Wk been ok - on hols now! Yes on for a bit of a run. Forgot that i have hairdressers appointment at four so need to get home n shower beforehand. Does that cause prob for u?\"" ham""",ham,"Hi. Wk been ok - on hols now! Yes on for a bit of a run. Forgot that i have hairdressers appointment at four so need to get home n shower beforehand. Does that cause prob for u?\"" ham"""
Will purchase d stuff today and mail to you. Do you have a po box number?,ham,Will purchase d stuff today and mail to you. Do you have a po box number?
Yeah just open chat and click friend lists. Then make the list. Easy as pie,ham,Yeah just open chat and click friend lists. Then make the list. Easy as pie
You best watch what you say cause I get drunk as a motherfucker,ham,You best watch what you say cause I get drunk as a motherfucker
K.k:)i'm going to tirunelvali this week to see my uncle ..i already spend the amount by taking dress .so only i want money.i will give it on feb 1,ham,K.k:)i'm going to tirunelvali this week to see my uncle ..i already spend the amount by taking dress .so only i want money.i will give it on feb 1
Hey you told your name to gautham ah?,ham,Hey you told your name to gautham ah?
A 400 XMAS REWARD IS WAITING FOR YOU! Our computer has randomly picked you from our loyal mobile customers to receive a 400 reward. Just call 09066380611,spam,A 400 XM AS REWARD IS W AITING FOR Y O U! O u r computer has randomly picked y o u f r o m o u r loyal m obile customers to r e c e i v e a 400 reward. J u s t ca ll 09066380611
"Fair enough, anything going on?",ham,"Fair enough, anything going on?"
tells u 2 call 09066358152 to claim 5000 prize. U have 2 enter all ur mobile & personal details @ the prompts. Careful!,spam,tells u 2 c a l l 09066358152 to c laim 5 0 0 0 pri ze. U ha ve 2 ent er a l l ur m obile & personal d e t a i l s @ the prompts. Careful!
If anyone calls for a treadmill say you'll buy it. Make sure its working. I found an ad on Craigslist selling for $ &lt;#&gt; .,ham,If anyone calls for a treadmill say you'll buy it. Make sure its working. I found an ad on Craigslist selling for $ &lt;#&gt; .
"I've got ten bucks, jay is being noncomittal",ham,"I've got ten bucks, jay is being noncomittal"
"Free msg. Sorry, a service you ordered from 81303 could not be delivered as you do not have sufficient credit. Please top up to receive the service.",spam,"F ree msg. Sorry, a s e r v i c e y o u ordered f r o m 81303 could not be delivered as y o u do not h ave sufficient cred it. P l e a s e t o p up to r e c e i v e the servi ce."
Was the farm open?,ham,Was the farm open?
Great! So what attracts you to the brothas?,ham,Great! So what attracts you to the brothas?
"Awesome question with a cute answer: Someone asked a boy \how is ur life?\"" . . He smiled &amp; answered: . . \""She is fine!\"" Gudnite""",ham,"Awesome question with a cute answer: Someone asked a boy \how is ur life?\"" . . He smiled &amp; answered: . . \""She is fine!\"" Gudnite"""
S now only i took tablets . Reaction morning only.,ham,S now only i took tablets . Reaction morning only.
It means u could not keep ur words.,ham,It means u could not keep ur words.
Dun need to use dial up juz open da browser n surf...,ham,Dun need to use dial up juz open da browser n surf...
"Yes, princess. Toledo.",ham,"Yes, princess. Toledo."
"Dear, will call Tmorrow.pls accomodate.",ham,"Dear, will call Tmorrow.pls accomodate."
"Helloooo... Wake up..! \Sweet\"" \""morning\"" \""welcomes\"" \""You\"" \""Enjoy\"" \""This Day\"" \""with full of joy\"".. \""GUD MRNG\"".""",ham,"Helloooo... Wake up..! \Sweet\"" \""morning\"" \""welcomes\"" \""You\"" \""Enjoy\"" \""This Day\"" \""with full of joy\"".. \""GUD MRNG\""."""
Went to pay rent. So i had to go to the bank to authorise the payment.,ham,Went to pay rent. So i had to go to the bank to authorise the payment.
Yes! How is a pretty lady like you single?,ham,Yes! How is a pretty lady like you single?
"\Aww you must be nearly dead!Well Jez isComing over toDo some workAnd that whillTake forever!\""""",ham,"\Aww you must be nearly dead!Well Jez isComing over toDo some workAnd that whillTake forever!\"""""
About &lt;#&gt; bucks. The banks fees are fixed. Better to call the bank and find out.,ham,About &lt;#&gt; bucks. The banks fees are fixed. Better to call the bank and find out.
Alright. I'm out--have a good night!,ham,Alright. I'm out--have a good night!
If you were/are free i can give. Otherwise nalla adi entey nattil kittum,ham,If you were/are free i can give. Otherwise nalla adi entey nattil kittum
Lol I know! They're so dramatic. Schools already closed for tomorrow. Apparently we can't drive in the inch of snow were supposed to get.,ham,Lol I know! They're so dramatic. Schools already closed for tomorrow. Apparently we can't drive in the inch of snow were supposed to get.
_ and dont worry well have finished by march _ ish!,ham,_ and dont worry well have finished by march _ ish!
I know you mood off today,ham,I know you mood off today
"Welcome to UK-mobile-date this msg is FREE giving you free calling to 08719839835. Future mgs billed at 150p daily. To cancel send \go stop\"" to 89123""",spam,"Welc ome to UK-m o b i l e-d ate th is msg is F R E E giving y o u f r e e ca lling to 08719839835. Future mgs billed at 1 50p daily. To cancel s e n d \go st op\"" to 89123"""
That is wondarfull song,ham,That is wondarfull song
ARE YOU IN TOWN? THIS IS V. IMPORTANT,ham,ARE YOU IN TOWN? THIS IS V. IMPORTANT
Yes i thought so. Thanks.,ham,Yes i thought so. Thanks.
Hey they r not watching movie tonight so i'll prob b home early...,ham,Hey they r not watching movie tonight so i'll prob b home early...
Miles and smiles r made frm same letters but do u know d difference..? smile on ur face keeps me happy even though I am miles away from u.. :-)keep smiling.. Good nyt,ham,Miles and smiles r made frm same letters but do u know d difference..? smile on ur face keeps me happy even though I am miles away from u.. :-)keep smiling.. Good nyt
"That's good, because I need drugs",ham,"That's good, because I need drugs"
I uploaded mine to Facebook,ham,I uploaded mine to Facebook
Give one miss from that number please,ham,Give one miss from that number please
Fyi I'm gonna call you sporadically starting at like &lt;#&gt; bc we are not not doin this shit,ham,Fyi I'm gonna call you sporadically starting at like &lt;#&gt; bc we are not not doin this shit
"Fantasy Football is back on your TV. Go to Sky Gamestar on Sky Active and play 250k Dream Team. Scoring starts on Saturday, so register now!SKY OPT OUT to 88088",spam,"Fantasy Football is b ack on y o u r TV. Go to S k y Gamestar on S k y Active and p lay 250k Dream Team. Scoring starts on Satu rday, so register n o w!S K Y O P T O U T to 88088"
Sitting in mu waiting for everyone to get out of my suite so I can take a shower,ham,Sitting in mu waiting for everyone to get out of my suite so I can take a shower
Should I tell my friend not to come round til like &lt;#&gt; ish?,ham,Should I tell my friend not to come round til like &lt;#&gt; ish?
See you there!,ham,See you there!
Who's there say hi to our drugdealer,ham,Who's there say hi to our drugdealer
"Sorry to trouble u again. Can buy 4d for my dad again? 1405, 1680, 1843. All 2 big 1 small, sat n sun. Thanx.",ham,"Sorry to trouble u again. Can buy 4d for my dad again? 1405, 1680, 1843. All 2 big 1 small, sat n sun. Thanx."
You were supposed to wake ME up &gt;:(,ham,You were supposed to wake ME up &gt;:(
Thanks love. But am i doing torch or bold.,ham,Thanks love. But am i doing torch or bold.
Hello hun how ru? Its here by the way. Im good. Been on 2 dates with that guy i met in walkabout so far. We have to meet up soon. Hows everyone else?,ham,Hello hun how ru? Its here by the way. Im good. Been on 2 dates with that guy i met in walkabout so far. We have to meet up soon. Hows everyone else?
I am late. I will be there at,ham,I am late. I will be there at
"Aight no rush, I'll ask jay",ham,"Aight no rush, I'll ask jay"
Ya had just now.onion roast.,ham,Ya had just now.onion roast.
Hard LIVE 121 chat just 60p/min. Choose your girl and connect LIVE. Call 09094646899 now! Cheap Chat UK's biggest live service. VU BCM1896WC1N3XX,spam,Hard LI VE 121 c h a t j ust 60p/min. C h o o s e yo ur girl and connect L I V E. Ca ll 09094646899 n o w! C h e a p C hat UK's biggest l i v e s e r v i c e. VU BCM1896WC1N3XX
"The world is running and i am still.maybe all are feeling the same,so be it.or i have to admit,i am mad.then where is the correction?or let me call this is life.and keep running with the world,may be u r also running.lets run.",ham,"The world is running and i am still.maybe all are feeling the same,so be it.or i have to admit,i am mad.then where is the correction?or let me call this is life.and keep running with the world,may be u r also running.lets run."
I'm going 2 orchard now laready me reaching soon. U reaching?,ham,I'm going 2 orchard now laready me reaching soon. U reaching?
Well I wasn't available as I washob nobbing with last night so they had to ask Nickey Platt instead of me!;,ham,Well I wasn't available as I washob nobbing with last night so they had to ask Nickey Platt instead of me!;
How stupid to say that i challenge god.You dont think at all on what i write instead you respond immed.,ham,How stupid to say that i challenge god.You dont think at all on what i write instead you respond immed.
Not heard from U4 a while. Call me now am here all night with just my knickers on. Make me beg for it like U did last time 01223585236 XX Luv Nikiyu4.net,spam,Not heard f r o m U4 a while. C a l l me n o w am here a l l ni ght w i t h j u s t my knickers on. M ake me beg for it l ike U did l a s t t i m e 01223585236 XX Luv Nikiyu4.n e t
Shuhui say change 2 suntec steamboat? U noe where? Where r u now?,ham,Shuhui say change 2 suntec steamboat? U noe where? Where r u now?
Ok i msg u b4 i leave my house.,ham,Ok i msg u b4 i leave my house.
Free Msg: Ringtone!From:  widelive.com/index. wml?id=1b6a5ecef91ff9*37819&first=true18:0430-JUL-05,spam,Fr ee Msg: Rin gtone!F r o m:  widelive.com/index. wml?id=1b6a5ecef91ff9*37819&fir st=true18:0430-JUL-05
Simply sitting and watching match in office..,ham,Simply sitting and watching match in office..
"Babe! How goes that day ? What are you up to ? I miss you already, my Love ... * loving kiss* ... I hope everything goes well.",ham,"Babe! How goes that day ? What are you up to ? I miss you already, my Love ... * loving kiss* ... I hope everything goes well."
Get ready to put on your excellent sub face :),ham,Get ready to put on your excellent sub face :)
You'll not rcv any more msgs from the chat svc. For FREE Hardcore services text GO to: 69988 If u get nothing u must Age Verify with yr network & try again,spam,Y o u'll not rcv any m o r e m sgs fr om the ch at svc. For FR EE Hardcore servi ces t e x t GO to: 69988 If u g e t nothing u m u s t A g e Verify w i t h yr n e t w o r k & t r y again
Anything lor. Juz both of us lor.,ham,Anything lor. Juz both of us lor.
Your next amazing xxx PICSFREE1 video will be sent to you enjoy! If one vid is not enough for 2day text back the keyword PICSFREE1 to get the next video.,spam,Y our n e x t amazing xxx PICSFREE1 vi deo w i l l be s ent to y o u e njoy! If one vid is not enough for 2day te xt b ack the keyword PICSFREE1 to g e t the ne xt v i d e o.
I dont thnk its a wrong calling between us,ham,I dont thnk its a wrong calling between us
"THATS ALRITE GIRL, U KNOW GAIL IS NEVA WRONG!!TAKE CARE SWEET AND DONT WORRY.C U L8TR HUN!LOVE Yaxxx",ham,"THATS ALRITE GIRL, U KNOW GAIL IS NEVA WRONG!!TAKE CARE SWEET AND DONT WORRY.C U L8TR HUN!LOVE Yaxxx"
"Men always needs a beautiful, intelligent, caring, loving, adjustable, cooperative wife. But the law allows only one wife....",ham,"Men always needs a beautiful, intelligent, caring, loving, adjustable, cooperative wife. But the law allows only one wife...."
But you dint in touch with me.,ham,But you dint in touch with me.
YOU ARE CHOSEN TO RECEIVE A 350 AWARD! Pls call claim number 09066364311 to collect your award which you are selected to receive as a valued mobile customer.,spam,Y O U ARE CHOSEN TO RECEI VE A 350 A WARD! Pls c a l l c laim n u m b e r 09066364311 to coll ect yo ur a ward w hich y o u are s e l e c t e d to r e c e i v e as a valu ed m o b i l e c u s t o m e r.
What i told before i tell. Stupid hear after i wont tell anything to you. You dad called to my brother and spoken. Not with me.,ham,What i told before i tell. Stupid hear after i wont tell anything to you. You dad called to my brother and spoken. Not with me.
This message is free. Welcome to the new & improved Sex & Dogging club! To unsubscribe from this service reply STOP. msgs@150p 18+only,spam,Th is mes sage is fr ee. W e l c o m e to the n e w & improved S e x & D o g g i n g c l u b! To u n s u b s c r i b e fr om t h i s s e r v i c e rep ly S T O P. m sgs@1 5 0 p 18+o n l y
I didn't get the second half of that message,ham,I didn't get the second half of that message
See? I thought it all through,ham,See? I thought it all through
"OH YEAH,AND HAV A GREAT TIME IN NEWQUAY-SEND ME A POSTCARD !1 LOOK AFTER ALL THE GIRLS WHILE IM GONE(U KNOW THE 1IM TALKIN BOUT!)xx",ham,"OH YEAH,AND HAV A GREAT TIME IN NEWQUAY-SEND ME A POSTCARD !1 LOOK AFTER ALL THE GIRLS WHILE IM GONE(U KNOW THE 1IM TALKIN BOUT!)xx"
Hey! Congrats 2u2. id luv 2 but ive had 2 go home!,ham,Hey! Congrats 2u2. id luv 2 but ive had 2 go home!
"Sorry da thangam, very very sorry i am held up with prasad.",ham,"Sorry da thangam, very very sorry i am held up with prasad."
Hows that watch resizing,ham,Hows that watch resizing
Except theres a chick with huge boobs.,ham,Except theres a chick with huge boobs.
The length is e same but e top shorter n i got a fringe now. I thk i'm not going liao. Too lazy. Dun wan 2 distract u also.,ham,The length is e same but e top shorter n i got a fringe now. I thk i'm not going liao. Too lazy. Dun wan 2 distract u also.
Jus finish watching tv... U?,ham,Jus finish watching tv... U?
I will reach office around &lt;DECIMAL&gt; . &amp; my mobile have problem. You cann't get my voice. So call you asa i'll free,ham,I will reach office around &lt;DECIMAL&gt; . &amp; my mobile have problem. You cann't get my voice. So call you asa i'll free
What time you think you'll have it? Need to know when I should be near campus,ham,What time you think you'll have it? Need to know when I should be near campus
Hey whats up? U sleeping all morning?,ham,Hey whats up? U sleeping all morning?
R u saying i should re order the slippers cos i had to pay for returning it.,ham,R u saying i should re order the slippers cos i had to pay for returning it.
K I'll take care of it,ham,K I'll take care of it
"Aight, call me once you're close",ham,"Aight, call me once you're close"
I know I'm lacking on most of this particular dramastorm's details but for the most part I'm not worried about that,ham,I know I'm lacking on most of this particular dramastorm's details but for the most part I'm not worried about that
"Me not waking up until 4 in the afternoon, sup",ham,"Me not waking up until 4 in the afternoon, sup"
Lol boo I was hoping for a laugh,ham,Lol boo I was hoping for a laugh
Are you planning to come chennai?,ham,Are you planning to come chennai?
"HEY THERE BABE, HOW U DOIN? WOT U UP 2 2NITE LOVE ANNIE X.",ham,"HEY THERE BABE, HOW U DOIN? WOT U UP 2 2NITE LOVE ANNIE X."
In fact when do you leave? I think addie goes back to school tues or wed,ham,In fact when do you leave? I think addie goes back to school tues or wed
Oh that was a forwarded message. I thought you send that to me,ham,Oh that was a forwarded message. I thought you send that to me
Oh really?? Did you make it on air? What's your talent?,ham,Oh really?? Did you make it on air? What's your talent?
Ok lar i double check wif da hair dresser already he said wun cut v short. He said will cut until i look nice.,ham,Ok lar i double check wif da hair dresser already he said wun cut v short. He said will cut until i look nice.
"Hello. No news on job, they are making me wait a fifth week! Yeah im up for some woozles and weasels... In exeter still, but be home about 3.",ham,"Hello. No news on job, they are making me wait a fifth week! Yeah im up for some woozles and weasels... In exeter still, but be home about 3."
"Whatever, juliana. Do whatever you want.",ham,"Whatever, juliana. Do whatever you want."
"Haha I heard that, text me when you're around",ham,"Haha I heard that, text me when you're around"
You have an important customer service announcement from PREMIER. Call FREEPHONE 0800 542 0578 now!,spam,Y o u ha ve an i m p o r t a n t custo mer servi ce announcement f r o m PREMIER. C a l l F REEPHONE 08 00 542 0578 n o w!
Hope this text meets you smiling. If not then let this text give you a reason to smile. Have a beautiful day.,ham,Hope this text meets you smiling. If not then let this text give you a reason to smile. Have a beautiful day.
"Carlos took a while (again), we leave in a minute",ham,"Carlos took a while (again), we leave in a minute"
"1.20 that call cost. Which i guess isnt bad. Miss ya, need ya, want ya, love ya",ham,"1.20 that call cost. Which i guess isnt bad. Miss ya, need ya, want ya, love ya"
"Greetings me, ! Consider yourself excused.",ham,"Greetings me, ! Consider yourself excused."
There is os called ubandu which will run without installing in hard disk...you can use that os to copy the important files in system and give it to repair shop..,ham,There is os called ubandu which will run without installing in hard disk...you can use that os to copy the important files in system and give it to repair shop..
Oic cos me n my sis got no lunch today my dad went out... So dunno whether 2 eat in sch or wat...,ham,Oic cos me n my sis got no lunch today my dad went out... So dunno whether 2 eat in sch or wat...
"Last Chance! Claim ur 150 worth of discount vouchers today! Text SHOP to 85023 now! SavaMob, offers mobile! T Cs SavaMob POBOX84, M263UZ. 3.00 Sub. 16",spam,"L ast C h a n c e! C l a i m ur 150 wo rth of disc ount v o u c h e r s t o d a y! Te xt S H O P to 8 5 0 2 3 n o w! S a v a M o b, o ffers m o b i l e! T Cs Sav aMob POBO X84, M263UZ. 3.00 Sub. 16"
Oh ho. Is this the first time u use these type of words,ham,Oh ho. Is this the first time u use these type of words
We are okay. Going to sleep now. Later,ham,We are okay. Going to sleep now. Later
HI ITS KATE CAN U GIVE ME A RING ASAP XXX,ham,HI ITS KATE CAN U GIVE ME A RING ASAP XXX
THIS IS A LONG FUCKIN SHOWR,ham,THIS IS A LONG FUCKIN SHOWR
1 in cbe. 2 in chennai.,ham,1 in cbe. 2 in chennai.
O was not into fps then.,ham,O was not into fps then.
"Wait, do you know if wesleys in town? I bet she does hella drugs!",ham,"Wait, do you know if wesleys in town? I bet she does hella drugs!"
Anything is valuable in only 2 situations: First- Before getting it... Second- After loosing it...,ham,Anything is valuable in only 2 situations: First- Before getting it... Second- After loosing it...
Sorry da:)i was thought of calling you lot of times:)lil busy.i will call you at noon..,ham,Sorry da:)i was thought of calling you lot of times:)lil busy.i will call you at noon..
85233 FREE>Ringtone!Reply REAL,spam,85233 F R E E>R i n g t o n e!Re ply R E A L
I like you peoples very much:) but am very shy pa.,ham,I like you peoples very much:) but am very shy pa.
R u still working now?,ham,R u still working now?
Good evening! How are you?,ham,Good evening! How are you?
Ok,ham,Ok
As in i want custom officer discount oh.,ham,As in i want custom officer discount oh.
Booked ticket for pongal?,ham,Booked ticket for pongal?
I'm gonna rip out my uterus.,ham,I'm gonna rip out my uterus.
K and you're sure I don't have to have consent forms to do it :V,ham,K and you're sure I don't have to have consent forms to do it :V
"Wat time liao, where still got.",ham,"Wat time liao, where still got."
I dont know oh. Hopefully this month.,ham,I dont know oh. Hopefully this month.
Same as u... Dun wan... Y u dun like me already ah... Wat u doing now? Still eating?,ham,Same as u... Dun wan... Y u dun like me already ah... Wat u doing now? Still eating?
I am going to sao mu today. Will be done only at 12,ham,I am going to sao mu today. Will be done only at 12
"Did he say how fantastic I am by any chance, or anything need a bigger life lift as losing the will 2 live, do you think I would be the first person 2 die from N V Q?",ham,"Did he say how fantastic I am by any chance, or anything need a bigger life lift as losing the will 2 live, do you think I would be the first person 2 die from N V Q?"
K..k.:)congratulation ..,ham,K..k.:)congratulation ..
"Somewhr someone is surely made 4 u. And God has decided a perfect time to make u meet dat person. . . . till den, . . . . . Enjoy ur crushes..!!!;-)",ham,"Somewhr someone is surely made 4 u. And God has decided a perfect time to make u meet dat person. . . . till den, . . . . . Enjoy ur crushes..!!!;-)"
Going on nothing great.bye,ham,Going on nothing great.bye
I'm working technical support :)voice process.,ham,I'm working technical support :)voice process.
I'll probably be by tomorrow (or even later tonight if something's going on),ham,I'll probably be by tomorrow (or even later tonight if something's going on)
FreeMsg Hi baby wow just got a new cam moby. Wanna C a hot pic? or Fancy a chat?Im w8in 4uTxt / rply CHAT to 82242 Hlp 08712317606 Msg150p 2rcv,spam,Fr eeMsg Hi baby w o w j ust got a n e w c a m moby. Wanna C a h o t pic? or F a n c y a ch at?Im w8in 4uTxt / rply C HAT to 82242 Hlp 08712317606 Msg150p 2rcv
"I keep seeing weird shit and bein all \woah\"" then realising it's actually reasonable and I'm all \""oh\""""",ham,"I keep seeing weird shit and bein all \woah\"" then realising it's actually reasonable and I'm all \""oh\"""""
"Sounds good, keep me posted",ham,"Sounds good, keep me posted"
"Sorry, I'll call later ok bye",ham,"Sorry, I'll call later ok bye"
Hmmm...k...but i want to change the field quickly da:-)i wanna get system administrator or network administrator..,ham,Hmmm...k...but i want to change the field quickly da:-)i wanna get system administrator or network administrator..
Wat time _ wan today?,ham,Wat time _ wan today?
You have won a guaranteed 32000 award or maybe even 1000 cash to claim ur award call free on 0800 ..... (18+). Its a legitimat efreefone number wat do u think???,spam,Y o u ha ve won a guara nteed 32000 a w a r d or maybe even 1 0 0 0 c ash to c l a i m ur awa rd c a l l f r e e on 08 00 ..... (18+). I t s a legitimat efreefone n u m b e r wat do u think???
Missing you too.pray inshah allah,ham,Missing you too.pray inshah allah
 all write or wat..,ham, all write or wat..
I know complain num only..bettr directly go to bsnl offc nd apply for it..,ham,I know complain num only..bettr directly go to bsnl offc nd apply for it..
"Had the money issue weigh me down but thanks to you, I can breathe easier now. I.ll make sure you dont regret it. Thanks.",ham,"Had the money issue weigh me down but thanks to you, I can breathe easier now. I.ll make sure you dont regret it. Thanks."
Sweet heart how are you?,ham,Sweet heart how are you?
Really? I crashed out cuddled on my sofa.,ham,Really? I crashed out cuddled on my sofa.
Sorry sent blank msg again. Yup but trying 2 do some serious studying now.,ham,Sorry sent blank msg again. Yup but trying 2 do some serious studying now.
Ok.ok ok..then..whats ur todays plan,ham,Ok.ok ok..then..whats ur todays plan
Where can download clear movies. Dvd copies.,ham,Where can download clear movies. Dvd copies.
"Forgot it takes me 3 years to shower, sorry. Where you at/your phone dead yet?",ham,"Forgot it takes me 3 years to shower, sorry. Where you at/your phone dead yet?"
"Shit that is really shocking and scary, cant imagine for a second. Def up for night out. Do u think there is somewhere i could crash for night, save on taxi?",ham,"Shit that is really shocking and scary, cant imagine for a second. Def up for night out. Do u think there is somewhere i could crash for night, save on taxi?"
Not a lot has happened here. Feels very quiet. Beth is at her aunts and charlie is working lots. Just me and helen in at the mo. How have you been?,ham,Not a lot has happened here. Feels very quiet. Beth is at her aunts and charlie is working lots. Just me and helen in at the mo. How have you been?
Many times we lose our best ones bcoz we are,ham,Many times we lose our best ones bcoz we are
Will do. Have a good day,ham,Will do. Have a good day
* Thought I didn't see you.,ham,* Thought I didn't see you.
Sounds like you have many talents! would you like to go on a dinner date next week?,ham,Sounds like you have many talents! would you like to go on a dinner date next week?
"Text me when you get off, don't call, my phones having problems",ham,"Text me when you get off, don't call, my phones having problems"
Probably money worries. Things are coming due and i have several outstanding invoices for work i did two and three months ago.,ham,Probably money worries. Things are coming due and i have several outstanding invoices for work i did two and three months ago.
Customer place i will call you,ham,Customer place i will call you
"Thanx 4 the time weve spent 2geva, its bin mint! Ur my Baby and all I want is u!xxxx",ham,"Thanx 4 the time weve spent 2geva, its bin mint! Ur my Baby and all I want is u!xxxx"
I told your number to gautham..,ham,I told your number to gautham..
You have won a Nokia 7250i. This is what you get when you win our FREE auction. To take part send Nokia to 86021 now. HG/Suite342/2Lands Row/W1JHL 16+,spam,Y o u h a v e won a No kia 7250i. T h i s is w hat y o u g e t wh en y o u w i n o u r F REE auc tion. To t ake p a r t se nd N o k i a to 860 21 n o w. HG/S u i t e 3 4 2/2 L a n d s Row/W1JHL 16+
 ready then call me...,ham, ready then call me...
Free Top ringtone -sub to weekly ringtone-get 1st week free-send SUBPOLY to 81618-?3 per week-stop sms-08718727870,spam,F ree T o p ri ngtone -sub to w e e k l y r i n g t o n e-g e t 1st w e e k f r e e-s end SUBPOLY to 81618-?3 p e r w e e k-s top s m s-08718727870
"Hey babe, how's it going ? Did you ever figure out where your going for New Years ?",ham,"Hey babe, how's it going ? Did you ever figure out where your going for New Years ?"
Wylie update: my weed dealer carlos went to freedom and had a class with lunsford,ham,Wylie update: my weed dealer carlos went to freedom and had a class with lunsford
"Lol ... Oh no babe, I wont be sliding into your place after midnight, but thanks for the invite",ham,"Lol ... Oh no babe, I wont be sliding into your place after midnight, but thanks for the invite"
I will see in half an hour,ham,I will see in half an hour
Ladies first and genus second k .,ham,Ladies first and genus second k .
What Today-sunday..sunday is holiday..so no work..,ham,What Today-sunday..sunday is holiday..so no work..
Then u going ikea str aft dat?,ham,Then u going ikea str aft dat?
I cant wait for cornwall. Hope tonight isnt too bad as well but its rock night shite. Anyway im going for a kip now have a good night. Speak to you soon.,ham,I cant wait for cornwall. Hope tonight isnt too bad as well but its rock night shite. Anyway im going for a kip now have a good night. Speak to you soon.
My darling sister. How are you doing. When's school resuming. Is there a minimum wait period before you reapply? Do take care,ham,My darling sister. How are you doing. When's school resuming. Is there a minimum wait period before you reapply? Do take care
She told to hr that he want posting in chennai:)because i'm working here:),ham,She told to hr that he want posting in chennai:)because i'm working here:)
URGENT! Your Mobile number has been awarded with a 2000 prize GUARANTEED. Call 09058094455 from land line. Claim 3030. Valid 12hrs only,spam,URGE NT! Yo ur M o b i l e n u m b e r has b e e n awar ded wi th a 2 0 0 0 pri ze GUAR ANTEED. C a l l 09058094455 f r o m la nd l i n e. Cl a i m 30 30. Va lid 1 2 h r s on ly
Bring tat cd don forget,ham,Bring tat cd don forget
Wat's my dear doing? Sleeping ah?,ham,Wat's my dear doing? Sleeping ah?
Do you want a New Nokia 3510i colour phone DeliveredTomorrow? With 300 free minutes to any mobile + 100 free texts + Free Camcorder reply or call 08000930705,spam,Do y o u w a n t a N e w Nok ia 3510i c olour pho ne DeliveredTomorrow? Wi th 300 f r e e minutes to any mobi le + 100 f r e e te xts + Fr ee C a m c o r d e r r eply or c a l l 080009 30705
Sir send to group mail check it.,ham,Sir send to group mail check it.
Yupz... I've oredi booked slots 4 my weekends liao...,ham,Yupz... I've oredi booked slots 4 my weekends liao...
Ok then i'll let him noe later n ask him call u tmr...,ham,Ok then i'll let him noe later n ask him call u tmr...
A pure hearted person can have a wonderful smile that makes even his/her enemies to feel guilty for being an enemy.. So catch the world with your smile..:) GOODMORNING &amp; HAVE A SMILEY SUNDAY..:),ham,A pure hearted person can have a wonderful smile that makes even his/her enemies to feel guilty for being an enemy.. So catch the world with your smile..:) GOODMORNING &amp; HAVE A SMILEY SUNDAY..:)
"Sweet, we may or may not go to 4U to meet carlos so gauge patty's interest in that",ham,"Sweet, we may or may not go to 4U to meet carlos so gauge patty's interest in that"
"Aight, tomorrow around &lt;#&gt; it is",ham,"Aight, tomorrow around &lt;#&gt; it is"
How is your schedule next week? I am out of town this weekend.,ham,How is your schedule next week? I am out of town this weekend.
I remain unconvinced that this isn't an elaborate test of my willpower,ham,I remain unconvinced that this isn't an elaborate test of my willpower
What's a feathery bowa? Is that something guys have that I don't know about?,ham,What's a feathery bowa? Is that something guys have that I don't know about?
i cant talk to you now.i will call when i can.dont keep calling.,ham,i cant talk to you now.i will call when i can.dont keep calling.
I cant pick the phone right now. Pls send a message,ham,I cant pick the phone right now. Pls send a message
And stop being an old man. You get to build snowman snow angels and snowball fights.,ham,And stop being an old man. You get to build snowman snow angels and snowball fights.
Hi Chachi tried calling u now unable to reach u .. Pl give me a missed cal once u c tiz msg Kanagu,ham,Hi Chachi tried calling u now unable to reach u .. Pl give me a missed cal once u c tiz msg Kanagu
Yes we are chatting too.,ham,Yes we are chatting too.
How come i din c _... Yup i cut my hair...,ham,How come i din c _... Yup i cut my hair...
Haha... dont be angry with yourself... Take it as a practice for the real thing. =),ham,Haha... dont be angry with yourself... Take it as a practice for the real thing. =)
Can you do online transaction?,ham,Can you do online transaction?
Yup i've finished c _ there...,ham,Yup i've finished c _ there...
"Dear Sir,Salam Alaikkum.Pride and Pleasure meeting you today at the Tea Shop.We are pleased to send you our contact number at Qatar.Rakhesh an Indian.Pls save our Number.Respectful Regards.",ham,"Dear Sir,Salam Alaikkum.Pride and Pleasure meeting you today at the Tea Shop.We are pleased to send you our contact number at Qatar.Rakhesh an Indian.Pls save our Number.Respectful Regards."
"Thanks for your ringtone order, reference number X29. Your mobile will be charged 4.50. Should your tone not arrive please call customer services 09065989180",spam,"Than ks for y o u r ring to ne o rder, reference n u m b e r X29. Y o u r m obile wi ll be c h a r g e d 4.50. Should y o u r t o n e not arrive p lease c a l l c u s t o m e r servi ces 09065989180"
"The last thing i ever wanted to do was hurt you. And i didn't think it would have. You'd laugh, be embarassed, delete the tag and keep going. But as far as i knew, it wasn't even up. The fact that you even felt like i would do it to hurt you shows you really don't know me at all. It was messy wednesday, but it wasn't bad. The problem i have with it is you HAVE the time to clean it, but you choose not to. You skype, you take pictures, you sleep, you want to go out. I don't mind a few things here and there, but when you don't make the bed, when you throw laundry on top of it, when i can't have a friend in the house because i'm embarassed that there's underwear and bras strewn on the bed, pillows on the floor, that's something else. You used to be good about at least making the bed.",ham,"The last thing i ever wanted to do was hurt you. And i didn't think it would have. You'd laugh, be embarassed, delete the tag and keep going. But as far as i knew, it wasn't even up. The fact that you even felt like i would do it to hurt you shows you really don't know me at all. It was messy wednesday, but it wasn't bad. The problem i have with it is you HAVE the time to clean it, but you choose not to. You skype, you take pictures, you sleep, you want to go out. I don't mind a few things here and there, but when you don't make the bed, when you throw laundry on top of it, when i can't have a friend in the house because i'm embarassed that there's underwear and bras strewn on the bed, pillows on the floor, that's something else. You used to be good about at least making the bed."
Oh yeah I forgot. U can only take 2 out shopping at once.,ham,Oh yeah I forgot. U can only take 2 out shopping at once.
I am on the way to ur home,ham,I am on the way to ur home
Mine here like all fr china then so noisy.,ham,Mine here like all fr china then so noisy.
"Yep, by the pretty sculpture",ham,"Yep, by the pretty sculpture"
"Good afternoon, my love ! Any job prospects ? Are you missing me ? What do you do ? Are you being lazy and bleak, hmmm ? Or happy and filled with my love ?",ham,"Good afternoon, my love ! Any job prospects ? Are you missing me ? What do you do ? Are you being lazy and bleak, hmmm ? Or happy and filled with my love ?"
Okie _ wan meet at bishan? Cos me at bishan now. I'm not driving today.,ham,Okie _ wan meet at bishan? Cos me at bishan now. I'm not driving today.
Really... I tot ur paper ended long ago... But wat u copied jus now got use? U happy lar... I still haf 2 study :-(,ham,Really... I tot ur paper ended long ago... But wat u copied jus now got use? U happy lar... I still haf 2 study :-(
A lot of this sickness thing going round. Take it easy. Hope u feel better soon. Lol,ham,A lot of this sickness thing going round. Take it easy. Hope u feel better soon. Lol
Am also doing in cbe only. But have to pay.,ham,Am also doing in cbe only. But have to pay.
Ok then i come n pick u at engin?,ham,Ok then i come n pick u at engin?
Please CALL 08712402972 immediately as there is an urgent message waiting for you,spam,P l e a s e C A L L 08712402972 immediately as t here is an urg ent m essage waiti ng for y o u
I'm coming back on Thursday. Yay. Is it gonna be ok to get the money. Cheers. Oh yeah and how are you. Everything alright. Hows school. Or do you call it work now,ham,I'm coming back on Thursday. Yay. Is it gonna be ok to get the money. Cheers. Oh yeah and how are you. Everything alright. Hows school. Or do you call it work now
Sorry da thangam.it's my mistake.,ham,Sorry da thangam.it's my mistake.
I want to tel u one thing u should not mistake me k THIS IS THE MESSAGE THAT YOU SENT:),ham,I want to tel u one thing u should not mistake me k THIS IS THE MESSAGE THAT YOU SENT:)
Join the UK's horniest Dogging service and u can have sex 2nite!. Just sign up and follow the instructions. Txt ENTRY to 69888 now! Nyt.EC2A.3LP.msg@150p,spam,J oin the UK's horniest Do gging servi ce and u can ha ve s e x 2nite!. J u s t sign up and follow the instructions. Txt E N T R Y to 69888 n o w! Nyt.EC2A.3LP.msg@1 5 0 p
"Fighting with the world is easy, u either win or lose bt fightng with some1 who is close to u is dificult if u lose - u lose if u win - u still lose.",ham,"Fighting with the world is easy, u either win or lose bt fightng with some1 who is close to u is dificult if u lose - u lose if u win - u still lose."
Mm you ask him to come its enough :-),ham,Mm you ask him to come its enough :-)
"Spoke with uncle john today. He strongly feels that you need to sacrifice to keep me here. He's going to call you. When he does, i beg you to just listen. Dont make any promises or make it clear things are not easy. And i need you to please let us work things out. As long as i keep expecting help, my creativity will be stifled so pls just keep him happy, no promises on your part.",ham,"Spoke with uncle john today. He strongly feels that you need to sacrifice to keep me here. He's going to call you. When he does, i beg you to just listen. Dont make any promises or make it clear things are not easy. And i need you to please let us work things out. As long as i keep expecting help, my creativity will be stifled so pls just keep him happy, no promises on your part."
"500 New Mobiles from 2004, MUST GO! Txt: NOKIA to No: 89545 & collect yours today!From ONLY 1  2optout 087187262701.50gbp/mtmsg18 TXTAUCTION",spam,"500 N e w M o b i l e s fr om 20 04, M UST GO! Txt: NOK IA to No: 89545 & coll ect yo urs t o d a y!F rom O NLY 1  2opto ut 087187262701.50gbp/mtmsg18 TXTAUCTION"
"Theoretically yeah, he could be able to come",ham,"Theoretically yeah, he could be able to come"
"Life is more strict than teacher... Bcoz Teacher teaches lesson &amp; then conducts exam, But Life first conducts Exam &amp; then teaches Lessons. Happy morning. . .",ham,"Life is more strict than teacher... Bcoz Teacher teaches lesson &amp; then conducts exam, But Life first conducts Exam &amp; then teaches Lessons. Happy morning. . ."
I'm in a movie. Call me 4 wat?,ham,I'm in a movie. Call me 4 wat?
"URGENT! Your mobile No 07xxxxxxxxx won a 2,000 bonus caller prize on 02/06/03! this is the 2nd attempt to reach YOU! call 09066362231 ASAP! BOX97N7QP, 150PPM",spam,"U R G E N T! Yo ur mobi le No 07xxxxxxxxx won a 2,000 b o n u s ca ller p r i z e on 02/06/03! t his is the 2nd a ttempt to reach Y O U! ca ll 09066362231 ASAP! BOX97N7QP, 1 5 0 P P M"
"Hiya , have u been paying money into my account? If so, thanks. Got a pleasant surprise when i checked my balance -u c, i don't get statements 4 that acc",ham,"Hiya , have u been paying money into my account? If so, thanks. Got a pleasant surprise when i checked my balance -u c, i don't get statements 4 that acc"
"Party's at my place at usf, no charge (but if you can contribute in any way it is greatly appreciated) and yeah, we got room for one more",ham,"Party's at my place at usf, no charge (but if you can contribute in any way it is greatly appreciated) and yeah, we got room for one more"
Which channel:-):-):):-).,ham,Which channel:-):-):):-).
Ranjith cal drpd Deeraj and deepak 5min hold,ham,Ranjith cal drpd Deeraj and deepak 5min hold
I reach home safe n sound liao...,ham,I reach home safe n sound liao...
Tmr timin still da same wat cos i got lesson until 6...,ham,Tmr timin still da same wat cos i got lesson until 6...
Tell me again what your address is,ham,Tell me again what your address is
"Urgent UR awarded a complimentary trip to EuroDisinc Trav, Aco&Entry41 Or 1000. To claim txt DIS to 87121 18+6*1.50(moreFrmMob. ShrAcomOrSglSuplt)10, LS1 3AJ",spam,"Urg ent UR a w a r d e d a c o m p l i m e n t a r y trip to EuroDisinc Trav, Aco&Entry41 Or 1 0 0 0. To c laim txt DIS to 87121 18+6*1.50(moreFrmMob. ShrAcomOrSglSuplt)10, LS1 3AJ"
"Ever green quote ever told by Jerry in cartoon \A Person Who Irritates u Always Is the one Who Loves u Vry Much But Fails to Express It...!..!! :-) :-) gud nyt""",ham,"Ever green quote ever told by Jerry in cartoon \A Person Who Irritates u Always Is the one Who Loves u Vry Much But Fails to Express It...!..!! :-) :-) gud nyt"""
Nah dub but je still buff,ham,Nah dub but je still buff
Got it! It looks scrumptious... daddy wants to eat you all night long!,ham,Got it! It looks scrumptious... daddy wants to eat you all night long!
Ron say fri leh. N he said ding tai feng cant make reservations. But he said wait lor.,ham,Ron say fri leh. N he said ding tai feng cant make reservations. But he said wait lor.
Omg it could snow here tonite!,ham,Omg it could snow here tonite!
Shopping lor. Them raining mah hard 2 leave orchard.,ham,Shopping lor. Them raining mah hard 2 leave orchard.
Two teams waiting for some players,ham,Two teams waiting for some players
Uve Bin Awarded 50 to Play 4 Instant Cash. Call 08715203028 To Claim. EVERY 9th Player Wins Min 50-500. OptOut 08718727870,spam,Uve Bin Awa rded 50 to Pl ay 4 Instant C a s h. C a l l 08715203028 To C l a i m. E V E R Y 9th P l a y e r Wins Min 50-500. OptOut 08718727870
"Kind of. Just missed train cos of asthma attack, nxt one in half hr so driving in. not sure where to park.",ham,"Kind of. Just missed train cos of asthma attack, nxt one in half hr so driving in. not sure where to park."
I pocked you up there before,ham,I pocked you up there before
So now my dad is gonna call after he gets out of work and ask all these crazy questions.,ham,So now my dad is gonna call after he gets out of work and ask all these crazy questions.
"Update_Now - Xmas Offer! Latest Motorola, SonyEricsson & Nokia & FREE Bluetooth! Double Mins & 1000 Txt on Orange. Call MobileUpd8 on 08000839402 or call2optout/F4Q=",spam,"Update_Now - X mas O ffer! L a t e s t M o t o r o l a, SonyEricsson & N o k i a & F R E E Bluetooth! Do uble M ins & 1 0 0 0 Txt on O r a n g e. C a l l M o b i l e U p d 8 on 08000839 402 or call2optout/F4Q="
I am back. Good journey! Let me know if you need any of the receipts. Shall i tell you like the pendent?,ham,I am back. Good journey! Let me know if you need any of the receipts. Shall i tell you like the pendent?
That one week leave i put know that time. Why.,ham,That one week leave i put know that time. Why.
Wat so late still early mah. Or we juz go 4 dinner lor. Aiya i dunno...,ham,Wat so late still early mah. Or we juz go 4 dinner lor. Aiya i dunno...
Beauty sleep can help ur pimples too.,ham,Beauty sleep can help ur pimples too.
Yes. I come to nyc for audiitions and am trying to relocate.,ham,Yes. I come to nyc for audiitions and am trying to relocate.
"Merry Christmas to you too babe, i love ya *kisses*",ham,"Merry Christmas to you too babe, i love ya *kisses*"
Happy birthday... May all ur dreams come true...,ham,Happy birthday... May all ur dreams come true...
Hi neva worry bout da truth coz the truth will lead me 2 ur heart. Its the least a unique person like u deserve. Sleep tight or morning,ham,Hi neva worry bout da truth coz the truth will lead me 2 ur heart. Its the least a unique person like u deserve. Sleep tight or morning
Would you like to see my XXX pics they are so hot they were nearly banned in the uk!,spam,Would y o u l i k e to s e e my XXX pi cs t h e y are so h o t th ey were nearly banned in the uk!
Yeah whatever lol,ham,Yeah whatever lol
Hey... Why dont we just go watch x men and have lunch... Haha,ham,Hey... Why dont we just go watch x men and have lunch... Haha
Hey r _ still online? I've finished the formatting...,ham,Hey r _ still online? I've finished the formatting...
I ask if u meeting da ge tmr nite...,ham,I ask if u meeting da ge tmr nite...
"Haha get used to driving to usf man, I know a lot of stoners",ham,"Haha get used to driving to usf man, I know a lot of stoners"
I'm in a movie... Collect car oredi...,ham,I'm in a movie... Collect car oredi...
This girl does not stay in bed. This girl doesn't need recovery time. Id rather pass out while having fun then be cooped up in bed,ham,This girl does not stay in bed. This girl doesn't need recovery time. Id rather pass out while having fun then be cooped up in bed
Ok going to sleep. Hope i can meet her.,ham,Ok going to sleep. Hope i can meet her.
Oh... Lk tt den we take e one tt ends at cine lor... Dun wan yogasana oso can...,ham,Oh... Lk tt den we take e one tt ends at cine lor... Dun wan yogasana oso can...
tap & spile at seven. * Is that pub on gas st off broad st by canal. Ok?,ham,tap & spile at seven. * Is that pub on gas st off broad st by canal. Ok?
"I'm done. I'm sorry. I hope your next space gives you everything you want. Remember all the furniture is yours. If i'm not around when you move it, just lock all the locks and leave the key with jenne.",ham,"I'm done. I'm sorry. I hope your next space gives you everything you want. Remember all the furniture is yours. If i'm not around when you move it, just lock all the locks and leave the key with jenne."
O i played smash bros &lt;#&gt; religiously.,ham,O i played smash bros &lt;#&gt; religiously.
No. I.ll meet you in the library,ham,No. I.ll meet you in the library
My uncles in Atlanta. Wish you guys a great semester.,ham,My uncles in Atlanta. Wish you guys a great semester.
Just come home. I don't want u to be miserable,ham,Just come home. I don't want u to be miserable
IM GONNA MISS U SO MUCH,ham,IM GONNA MISS U SO MUCH
Give me a sec to think think about it,ham,Give me a sec to think think about it
FREE entry into our 250 weekly competition just text the word WIN to 80086 NOW. 18 T&C ,spam,F R E E ent ry into o u r 250 w e e k l y competition j u s t t e x t the w o r d W I N to 80086 N O W. 18 T&C 
"Its ok, called mom instead have fun",ham,"Its ok, called mom instead have fun"
Sunshine Quiz Wkly Q! Win a top Sony DVD player if u know which country the Algarve is in? Txt ansr to 82277. 1.50 SP:Tyrone,spam,Sunsh ine Qu iz W kly Q! W i n a t o p So ny DVD pl ayer if u k now wh ich country the Algarve is in? Txt ansr to 82 277. 1.50 SP:Tyrone
"Fuck babe, I miss you sooooo much !! I wish you were here to sleep with me ... My bed is so lonely ... I go now, to sleep ... To dream of you, my love ...",ham,"Fuck babe, I miss you sooooo much !! I wish you were here to sleep with me ... My bed is so lonely ... I go now, to sleep ... To dream of you, my love ..."
No need lar. Jus testing e phone card. Dunno network not gd i thk. Me waiting 4 my sis 2 finish bathing so i can bathe. Dun disturb u liao u cleaning ur room.,ham,No need lar. Jus testing e phone card. Dunno network not gd i thk. Me waiting 4 my sis 2 finish bathing so i can bathe. Dun disturb u liao u cleaning ur room.
"Sorry, I'll call later in meeting",ham,"Sorry, I'll call later in meeting"
Doc prescribed me morphine cause the other pain meds aren't enough. Waiting for my mom to bring it. That med should kick in fast so I'm gonna try to be on later,ham,Doc prescribed me morphine cause the other pain meds aren't enough. Waiting for my mom to bring it. That med should kick in fast so I'm gonna try to be on later
"Yun ah.the ubi one say if _ wan call by tomorrow.call 67441233 look for irene.ere only got bus8,22,65,61,66,382. Ubi cres,ubi tech park.6ph for 1st 5wkg days.n",ham,"Yun ah.the ubi one say if _ wan call by tomorrow.call 67441233 look for irene.ere only got bus8,22,65,61,66,382. Ubi cres,ubi tech park.6ph for 1st 5wkg days.n"
"Free entry to the gr8prizes wkly comp 4 a chance to win the latest Nokia 8800, PSP or 250 cash every wk.TXT GREAT to 80878  08715705022",spam,"F r e e ent ry to the gr8prizes w k l y c o m p 4 a chan ce to w i n the l a t e s t N o k i a 8800, PSP or 250 c ash e very wk.TXT GR EAT to 80878  08715705022"
"Vikky, come around &lt;TIME&gt; ..",ham,"Vikky, come around &lt;TIME&gt; .."
Dunno i juz askin cos i got a card got 20% off 4 a salon called hair sense so i tot it's da one _ cut ur hair.,ham,Dunno i juz askin cos i got a card got 20% off 4 a salon called hair sense so i tot it's da one _ cut ur hair.
Excellent! Are you ready to moan and scream in ecstasy?,ham,Excellent! Are you ready to moan and scream in ecstasy?
My phone,ham,My phone
Boltblue tones for 150p Reply POLY# or MONO# eg POLY3 1. Cha Cha Slide 2. Yeah 3. Slow Jamz 6. Toxic 8. Come With Me or STOP 4 more tones txt MORE,spam,Boltblue t o n e s for 15 0p Re ply PO LY# or MONO# eg POLY3 1. Cha Cha Slide 2. Yeah 3. Slow Jamz 6. Toxic 8. Come W i t h Me or S TOP 4 m o r e t o n e s txt MO RE
"How's my loverboy doing ? What does he do that keeps him from coming to his Queen, hmmm ? Doesn't he ache to speak to me ? Miss me desparately ?",ham,"How's my loverboy doing ? What does he do that keeps him from coming to his Queen, hmmm ? Doesn't he ache to speak to me ? Miss me desparately ?"
Alrite jod hows the revision goin? Keris bin doin a smidgin. N e way u wanna cum over after college?xx,ham,Alrite jod hows the revision goin? Keris bin doin a smidgin. N e way u wanna cum over after college?xx
Hello boytoy ! Geeee ... I'm missing you today. I like to send you a tm and remind you I'm thinking of you ... And you are loved ... *loving kiss*,ham,Hello boytoy ! Geeee ... I'm missing you today. I like to send you a tm and remind you I'm thinking of you ... And you are loved ... *loving kiss*
It should take about &lt;#&gt; min,ham,It should take about &lt;#&gt; min
jay says he'll put in &lt;#&gt;,ham,jay says he'll put in &lt;#&gt;
Yeah no probs - last night is obviously catching up with you... Speak soon,ham,Yeah no probs - last night is obviously catching up with you... Speak soon
Just sleeping..and surfing,ham,Just sleeping..and surfing
"Shop till u Drop, IS IT YOU, either 10K, 5K, 500 Cash or 100 Travel voucher, Call now, 09064011000. NTT PO Box CR01327BT fixedline Cost 150ppm mobile vary",spam,"S hop till u Drop, IS IT Y O U, e i t h e r 10K, 5K, 500 Ca sh or 100 Travel v oucher, C a l l n o w, 09064011000. NTT PO Box CR01327BT fixedline Co st 1 5 0 p p m m o b i l e v a r y"
No dear i was sleeping :-P,ham,No dear i was sleeping :-P
"Yeah there's quite a bit left, I'll swing by tomorrow when I get up",ham,"Yeah there's quite a bit left, I'll swing by tomorrow when I get up"
Oh...i asked for fun. Haha...take care. _,ham,Oh...i asked for fun. Haha...take care. _
You have won a guaranteed 200 award or even 1000 cashto claim UR award call free on 08000407165 (18+) 2 stop getstop on 88222 PHP,spam,Y o u ha ve won a guarante ed 200 a w a r d or even 1 0 0 0 cashto cl a i m UR a w a r d ca ll f r e e on 08000407165 (18+) 2 st op getstop on 88222 PHP
"Aight, lemme know what's up",ham,"Aight, lemme know what's up"
U are subscribed to the best Mobile Content Service in the UK for 3 per 10 days until you send STOP to 82324. Helpline 08706091795,spam,U are subscribed to the b est M obile C o n t e n t Se rvice in the UK for 3 p e r 10 d a y s until y o u s e n d S TOP to 82324. Helpline 08706091795
I'm turning off my phone. My moms telling everyone I have cancer. And my sister won't stop calling. It hurts to talk. Can't put up with it. See u when u get home. Love u,ham,I'm turning off my phone. My moms telling everyone I have cancer. And my sister won't stop calling. It hurts to talk. Can't put up with it. See u when u get home. Love u
Maybe you should find something else to do instead???,ham,Maybe you should find something else to do instead???
Phony 350 award - Todays Voda numbers ending XXXX are selected to receive a 350 award. If you have a match please call 08712300220 quoting claim code 3100 standard rates app,spam,Phony 350 a w a r d - T o d a y s Voda n u m b e r s ending XXXX are s e l e c t e d to re ceive a 350 a w a r d. If y o u h a v e a match pl ease c a l l 08712300220 quoting c l a i m c o d e 3100 standard r a t e s a p p
I don't know u and u don't know me. Send CHAT to 86688 now and let's find each other! Only 150p/Msg rcvd. HG/Suite342/2Lands/Row/W1J6HL LDN. 18 years or over.,spam,I don't k now u and u don't k n o w me. S e n d CH AT to 866 88 n o w and let's f i n d each other! O n l y 15 0p/Msg rcvd. HG/Su ite342/2L ands/Row/W1J6HL LDN. 18 years or o v e r.
S.i think he is waste for rr..,ham,S.i think he is waste for rr..
IMPORTANT INFORMATION 4 ORANGE USER 0796XXXXXX. TODAY IS UR LUCKY DAY!2 FIND OUT WHY LOG ONTO  THERE'S A FANTASTIC PRIZEAWAITING YOU!,spam,IMP ORTANT I N F O R M A T I O N 4 O RANGE U S E R 0796XXXXXX. TOD AY IS UR L UCKY DAY!2 F I N D O U T WHY L O G O NTO  T H E R E'S A F A N T A S T I C PRIZEAWAITING Y O U!
"Sorry man, my stash ran dry last night and I can't pick up more until sunday",ham,"Sorry man, my stash ran dry last night and I can't pick up more until sunday"
"Cool, I'll text you when I'm on the way",ham,"Cool, I'll text you when I'm on the way"
Hey no I ad a crap nite was borin without ya 2 boggy with me u boring biatch! Thanx but u wait til nxt time il ave ya,ham,Hey no I ad a crap nite was borin without ya 2 boggy with me u boring biatch! Thanx but u wait til nxt time il ave ya
Can u look 4 me in da lib i got stuff havent finish yet.,ham,Can u look 4 me in da lib i got stuff havent finish yet.
Tell your friends what you plan to do on Valentines day @ &lt;URL&gt;,ham,Tell your friends what you plan to do on Valentines day @ &lt;URL&gt;
May i call You later Pls,ham,May i call You later Pls
Well that must be a pain to catch,ham,Well that must be a pain to catch
O. Guess they both got screwd,ham,O. Guess they both got screwd
Dude how do you like the buff wind.,ham,Dude how do you like the buff wind.
Thank you princess! You are so sexy...,ham,Thank you princess! You are so sexy...
"Urgent! call 09066350750 from your landline. Your complimentary 4* Ibiza Holiday or 10,000 cash await collection SAE T&Cs PO BOX 434 SK3 8WP 150 ppm 18+",spam,"Urg ent! ca ll 09066350750 fr om y o u r l a n d l i n e. Y o u r c o m p l i m e n t a r y 4* Ibiza H o l i d a y or 10,000 c a s h a wait collecti on SAE T&Cs PO BOX 434 SK3 8WP 150 ppm 18+"
"500 New Mobiles from 2004, MUST GO! Txt: NOKIA to No: 89545 & collect yours today!From ONLY 1  2optout 087187262701.50gbp/mtmsg18",spam,"500 N e w M o b i l e s f r o m 2 0 0 4, M U S T GO! Txt: N OKIA to No: 89545 & c ollect you rs t o d a y!F r o m O N L Y 1  2 o p t o u t 087187262701.50gbp/mtmsg18"
"To the wonderful Okors, have a great month. We cherish you guys and wish you well each day. MojiBiola",ham,"To the wonderful Okors, have a great month. We cherish you guys and wish you well each day. MojiBiola"
Your account has been refilled successfully by INR &lt;DECIMAL&gt; . Your KeralaCircle prepaid account balance is Rs &lt;DECIMAL&gt; . Your Transaction ID is KR &lt;#&gt; .,ham,Your account has been refilled successfully by INR &lt;DECIMAL&gt; . Your KeralaCircle prepaid account balance is Rs &lt;DECIMAL&gt; . Your Transaction ID is KR &lt;#&gt; .
I'm always looking for an excuse to be in the city.,ham,I'm always looking for an excuse to be in the city.
it's still not working. And this time i also tried adding zeros. That was the savings. The checking is &lt;#&gt;,ham,it's still not working. And this time i also tried adding zeros. That was the savings. The checking is &lt;#&gt;
You will be in the place of that man,ham,You will be in the place of that man
"We have sent JD for Customer Service cum Accounts Executive to ur mail id, For details contact us",ham,"We have sent JD for Customer Service cum Accounts Executive to ur mail id, For details contact us"
"Aiyo... U always c our ex one... I dunno abt mei, she haven reply... First time u reply so fast... Y so lucky not workin huh, got bao by ur sugardad ah...gee..",ham,"Aiyo... U always c our ex one... I dunno abt mei, she haven reply... First time u reply so fast... Y so lucky not workin huh, got bao by ur sugardad ah...gee.."
"Wishing you and your family Merry \X\"" mas and HAPPY NEW Year in advance..""",ham,"Wishing you and your family Merry \X\"" mas and HAPPY NEW Year in advance.."""
Infact happy new year. How are you where are you when are we seeing,ham,Infact happy new year. How are you where are you when are we seeing
O. Well uv causes mutations. Sunscreen is like essential thesedays,ham,O. Well uv causes mutations. Sunscreen is like essential thesedays
Can you just come in for a sec? There's somebody here I want you to see,ham,Can you just come in for a sec? There's somebody here I want you to see
"All done, all handed in. Don't know if mega shop in asda counts as celebration but thats what i'm doing!",ham,"All done, all handed in. Don't know if mega shop in asda counts as celebration but thats what i'm doing!"
"Sorry, I'll call later in meeting any thing related to trade please call Arul. &lt;#&gt;",ham,"Sorry, I'll call later in meeting any thing related to trade please call Arul. &lt;#&gt;"
No. On the way home. So if not for the long dry spell the season would have been over,ham,No. On the way home. So if not for the long dry spell the season would have been over
Sorry. You never hear unless you book it. One was kinda a joke--thet were really looking for skinny white girls. The other was one line--you can only do so much on camera with that. Something like that they're casting on the look.,ham,Sorry. You never hear unless you book it. One was kinda a joke--thet were really looking for skinny white girls. The other was one line--you can only do so much on camera with that. Something like that they're casting on the look.
I.ll hand her my phone to chat wit u,ham,I.ll hand her my phone to chat wit u
R u in this continent?,ham,R u in this continent?
"Finally it has happened..! Aftr decades..! BEER is now cheaper than PETROL! The goverment expects us to \DRINK\"". . . But don't \""DRIVE \""""",ham,"Finally it has happened..! Aftr decades..! BEER is now cheaper than PETROL! The goverment expects us to \DRINK\"". . . But don't \""DRIVE \"""""
Ok,ham,Ok
Just curious because my cuz asked what I was up to,ham,Just curious because my cuz asked what I was up to
"Love isn't a decision, it's a feeling. If we could decide who to love, then, life would be much simpler, but then less magical",ham,"Love isn't a decision, it's a feeling. If we could decide who to love, then, life would be much simpler, but then less magical"
Dun b sad.. It's over.. Dun thk abt it already. Concentrate on ur other papers k.,ham,Dun b sad.. It's over.. Dun thk abt it already. Concentrate on ur other papers k.
Please give it 2 or i will pick it up on Tuesday evening about 8 if that is ok.,ham,Please give it 2 or i will pick it up on Tuesday evening about 8 if that is ok.
"Did you say bold, then torch later. Or one torch and 2bold?",ham,"Did you say bold, then torch later. Or one torch and 2bold?"
"Oh, then your phone phoned me but it disconnected",ham,"Oh, then your phone phoned me but it disconnected"
"Yo, the game almost over? Want to go to walmart soon",ham,"Yo, the game almost over? Want to go to walmart soon"
Erm. I thought the contract ran out the4th of october.,ham,Erm. I thought the contract ran out the4th of october.
Stupid auto correct on my phone,ham,Stupid auto correct on my phone
Free entry in 2 a weekly comp for a chance to win an ipod. Txt POD to 80182 to get entry (std txt rate) T&C's apply 08452810073 for details 18+,spam,Fr ee e ntry in 2 a w e e k l y c o m p for a c h a n c e to w i n an i p o d. Txt POD to 80182 to g e t e n t r y (std txt r ate) T&C's a p p ly 08452810073 for d e t a i l s 18+
Your dad is back in ph?,ham,Your dad is back in ph?
Hope you are having a great day.,ham,Hope you are having a great day.
Ok . . now i am in bus. . If i come soon i will come otherwise tomorrow,ham,Ok . . now i am in bus. . If i come soon i will come otherwise tomorrow
Armand says get your ass over to epsilon,ham,Armand says get your ass over to epsilon
I want &lt;#&gt; rs da:)do you have it?,ham,I want &lt;#&gt; rs da:)do you have it?
&lt;DECIMAL&gt; m but its not a common car here so its better to buy from china or asia. Or if i find it less expensive. I.ll holla,ham,&lt;DECIMAL&gt; m but its not a common car here so its better to buy from china or asia. Or if i find it less expensive. I.ll holla
Host-based IDPS for linux systems.,ham,Host-based IDPS for linux systems.
Please call our customer service representative on 0800 169 6031 between 10am-9pm as you have WON a guaranteed 1000 cash or 5000 prize!,spam,Pl ease c a l l o u r custo mer servi ce representa tive on 0 800 169 6031 betw een 10 am-9pm as y o u h a v e WON a g u a r a n t e e d 10 00 c ash or 50 00 p r i z e!
Wish i were with you now!,ham,Wish i were with you now!
K da:)how many page you want?,ham,K da:)how many page you want?
Gudnite....tc...practice going on,ham,Gudnite....tc...practice going on
Tmr then _ brin lar... Aiya later i come n c lar... Mayb _ neva set properly _ got da help sheet wif _...,ham,Tmr then _ brin lar... Aiya later i come n c lar... Mayb _ neva set properly _ got da help sheet wif _...
"Every King Was Once A Crying Baby And Every Great Building Was Once A Map.. Not Imprtant Where U r TODAY, BUT Where U Wil Reach TOMORW. Gud ni8",ham,"Every King Was Once A Crying Baby And Every Great Building Was Once A Map.. Not Imprtant Where U r TODAY, BUT Where U Wil Reach TOMORW. Gud ni8"
URGENT We are trying to contact you Last weekends draw shows u have won a 1000 prize GUARANTEED Call 09064017295 Claim code K52 Valid 12hrs 150p pm,spam,URG ENT We are t rying to cont a c t y o u L a s t weekends d r a w sho ws u h a v e won a 1 0 0 0 pr ize G U A R A N T E E D Ca ll 09064017295 Cl a i m c o d e K52 V a l i d 1 2 h r s 1 50p pm
What u talking bout early morning? It's almost noon where your at!,ham,What u talking bout early morning? It's almost noon where your at!
Text PASS to 69669 to collect your polyphonic ringtones. Normal gprs charges apply only. Enjoy your tones,spam,Te xt P A S S to 69669 to c ollect y o u r polyphonic ringto nes. Normal gprs charges a p p l y o nly. E njoy y our t o n e s
Hi babe its me thanks for coming even though it didnt go that well!i just wanted my bed! Hope to see you soon love and kisses xxx,ham,Hi babe its me thanks for coming even though it didnt go that well!i just wanted my bed! Hope to see you soon love and kisses xxx
I like dis sweater fr mango but no more my size already so irritating.,ham,I like dis sweater fr mango but no more my size already so irritating.
"Sorry, I can't help you on this.",ham,"Sorry, I can't help you on this."
Show ur colours! Euro 2004 2-4-1 Offer! Get an England Flag & 3Lions tone on ur phone! Click on the following service message for info!,spam,Show ur colours! Euro 2 0 0 4 2-4-1 O ffer! G e t an E n g l a n d F l a g & 3Lions to ne on ur ph one! C l i c k on the following ser vice me ssage for in fo!
HEY GIRL. HOW R U? HOPE U R WELL ME AN DEL R BAK! AGAIN LONG TIME NO C! GIVE ME A CALL SUM TIME FROM LUCYxx,ham,HEY GIRL. HOW R U? HOPE U R WELL ME AN DEL R BAK! AGAIN LONG TIME NO C! GIVE ME A CALL SUM TIME FROM LUCYxx
"Beautiful tomorrow never comes.. When it comes, it's already TODAY.. In the hunt of beautiful tomorrow don't waste your wonderful TODAY.. GOODMORNING:)",ham,"Beautiful tomorrow never comes.. When it comes, it's already TODAY.. In the hunt of beautiful tomorrow don't waste your wonderful TODAY.. GOODMORNING:)"
Pls speak with me. I wont ask anything other then you friendship.,ham,Pls speak with me. I wont ask anything other then you friendship.
Congratulations ur awarded either 500 of CD gift vouchers & Free entry 2 our 100 weekly draw txt MUSIC to 87066 TnCs ,spam,Congrat ulations ur a warded eith er 500 of CD g i f t v ouchers & F r e e e ntry 2 o u r 100 w e e k l y d r a w txt M U S I C to 8 7 0 6 6 TnCs 
Ok. She'll be ok. I guess,ham,Ok. She'll be ok. I guess
Jamster! To get your free wallpaper text HEART to 88888 now! T&C apply. 16 only. Need Help? Call 08701213186.,spam,Jamster! To g e t yo ur f r e e wallpaper te xt HEART to 88888 n o w! T&C a p p ly. 16 o n l y. N e e d H elp? C a l l 08701213186.
HOW ARE U? I HAVE MISSED U! I HAVENT BEEN UP 2 MUCH A BIT BORED WITH THE HOLIDAY WANT 2 GO BAK 2 COLLEGE! SAD ISNT IT?xx,ham,HOW ARE U? I HAVE MISSED U! I HAVENT BEEN UP 2 MUCH A BIT BORED WITH THE HOLIDAY WANT 2 GO BAK 2 COLLEGE! SAD ISNT IT?xx
"5 Free Top Polyphonic Tones call 087018728737, National Rate. Get a toppoly tune sent every week, just text SUBPOLY to 81618, 3 per pole. UnSub 08718727870.",spam,"5 Fr ee T o p Polyphonic Ton es ca ll 087018728737, Nation al R a t e. G e t a toppoly tune s ent e v e r y w eek, j ust t e x t SUBPOLY to 81618, 3 p e r pole. Un Sub 08718727870."
No da if you run that it activate the full version da.,ham,No da if you run that it activate the full version da.
She.s find. I sent you an offline message to know how anjola's now.,ham,She.s find. I sent you an offline message to know how anjola's now.
Want explicit SEX in 30 secs? Ring 02073162414 now! Costs 20p/min,spam,W ant explicit S E X in 30 secs? Ring 02073162414 n o w! Costs 20p/min
How many times i told in the stage all use to laugh. You not listen aha.,ham,How many times i told in the stage all use to laugh. You not listen aha.
Que pases un buen tiempo or something like that,ham,Que pases un buen tiempo or something like that
Ok. Very good. Its all about making that money.,ham,Ok. Very good. Its all about making that money.
Prabha..i'm soryda..realy..frm heart i'm sory,ham,Prabha..i'm soryda..realy..frm heart i'm sory
"Time n Smile r the two crucial things in our life. Sometimes time makes us to forget smile, and sometimes someone's smile makes us to forget time gud noon",ham,"Time n Smile r the two crucial things in our life. Sometimes time makes us to forget smile, and sometimes someone's smile makes us to forget time gud noon"
Don know. I did't msg him recently.,ham,Don know. I did't msg him recently.
Yes but can we meet in town cos will go to gep and then home. You could text at bus stop. And don't worry we'll have finished by march _ ish!,ham,Yes but can we meet in town cos will go to gep and then home. You could text at bus stop. And don't worry we'll have finished by march _ ish!
You didn't have to tell me that...now i'm thinking. Plus he's going to stop all your runs,ham,You didn't have to tell me that...now i'm thinking. Plus he's going to stop all your runs
Two fundamentals of cool life: \Walk,ham,Two fundamentals of cool life: \Walk
"Win the newest Harry Potter and the Order of the Phoenix (Book 5) reply HARRY, answer 5 questions - chance to be the first among readers!",spam,"W i n the newest Harry Potter and the Ord er of the Phoenix (B o o k 5) r e p l y HARRY, answer 5 questions - chan ce to be the f i r s t among readers!"
"Did I forget to tell you ? I want you , I need you, I crave you ... But most of all ... I love you my sweet Arabian steed ... Mmmmmm ... Yummy",ham,"Did I forget to tell you ? I want you , I need you, I crave you ... But most of all ... I love you my sweet Arabian steed ... Mmmmmm ... Yummy"
Wake me up at &lt;#&gt; am morning:),ham,Wake me up at &lt;#&gt; am morning:)
"So many people seems to be special at first sight, But only very few will remain special to you till your last sight.. Maintain them till life ends.. Sh!jas",ham,"So many people seems to be special at first sight, But only very few will remain special to you till your last sight.. Maintain them till life ends.. Sh!jas"
I meant as an apology from me for texting you to get me drugs at &lt;#&gt; at night,ham,I meant as an apology from me for texting you to get me drugs at &lt;#&gt; at night
HMM yeah if your not too grooved out! And im looking forward to my pound special :),ham,HMM yeah if your not too grooved out! And im looking forward to my pound special :)
I might go 2 sch. Yar at e salon now v boring.,ham,I might go 2 sch. Yar at e salon now v boring.
"I'm there and I can see you, but you can't see me ? Maybe you should reboot ym ? I seen the buzz",ham,"I'm there and I can see you, but you can't see me ? Maybe you should reboot ym ? I seen the buzz"
How about getting in touch with folks waiting for company? Just txt back your NAME and AGE to opt in! Enjoy the community (150p/SMS),spam,How a b o u t getting in touch wi th folks waiti ng for company? J u s t txt b ack yo ur N AME and A G E to o p t in! E n j o y the community (15 0p/S M S)
Eh sorry leh... I din c ur msg. Not sad already lar. Me watching tv now. U still in office?,ham,Eh sorry leh... I din c ur msg. Not sad already lar. Me watching tv now. U still in office?
Nite...,ham,Nite...
Am I the only one who doesn't stalk profiles?,ham,Am I the only one who doesn't stalk profiles?
If you hear a loud scream in about &lt;#&gt; minutes its cause my Gyno will be shoving things up me that don't belong :/,ham,If you hear a loud scream in about &lt;#&gt; minutes its cause my Gyno will be shoving things up me that don't belong :/
Why must we sit around and wait for summer days to celebrate. Such a magical sight when the worlds dressed in white. Oooooh let there be snow.,ham,Why must we sit around and wait for summer days to celebrate. Such a magical sight when the worlds dressed in white. Oooooh let there be snow.
"This is the 2nd time we have tried 2 contact u. U have won the 750 Pound prize. 2 claim is easy, call 08712101358 NOW! Only 10p per min. BT-national-rate",spam,"Th is is the 2nd t ime we h a v e tr ied 2 c o n t a c t u. U ha ve won the 750 P o u n d pr ize. 2 c l a i m is e asy, ca ll 08712101358 N O W! On ly 10p p e r min. BT-nati onal-r a t e"
Yar but they say got some error.,ham,Yar but they say got some error.
"For ur chance to win a 250 wkly shopping spree TXT: SHOP to 80878. T's&C's  custcare 08715705022, 1x150p/wk",spam,"For ur c hance to w i n a 250 wk ly shopping spree TXT: S HOP to 80878. T's&C's  cus tcare 08715705022, 1x150p/wk"
My sis is catching e show in e afternoon so i'm not watching w her. So c u wan 2 watch today or tmr lor.,ham,My sis is catching e show in e afternoon so i'm not watching w her. So c u wan 2 watch today or tmr lor.
Wishing you a wonderful week.,ham,Wishing you a wonderful week.
We'll join the &lt;#&gt; bus,ham,We'll join the &lt;#&gt; bus
Finish liao... U?,ham,Finish liao... U?
"As a valued customer, I am pleased to advise you that following recent review of your Mob No. you are awarded with a 1500 Bonus Prize, call 09066368470",spam,"As a va lued c u s t o m e r, I am pleased to advise y o u t h a t following recent review of y o u r Mob No. y o u are a ward ed w i t h a 1500 B onus Pr ize, c a l l 09066368470"
"Sorry, I'll call later",ham,"Sorry, I'll call later"
"Hiya, sorry didn't hav signal. I haven't seen or heard from and neither has, which is unusual in itself! I'll put on the case and get him to sort it out! Hugs and snogs.",ham,"Hiya, sorry didn't hav signal. I haven't seen or heard from and neither has, which is unusual in itself! I'll put on the case and get him to sort it out! Hugs and snogs."
HELLO PEACH! MY CAKE TASTS LUSH!,ham,HELLO PEACH! MY CAKE TASTS LUSH!
"Do you know why god created gap between your fingers..? So that, One who is made for you comes &amp; fills those gaps by holding your hand with LOVE..!",ham,"Do you know why god created gap between your fingers..? So that, One who is made for you comes &amp; fills those gaps by holding your hand with LOVE..!"
If you r @ home then come down within 5 min,ham,If you r @ home then come down within 5 min
Not sure I have the stomach for it ...,ham,Not sure I have the stomach for it ...
How are you. Just checking up on you,ham,How are you. Just checking up on you
Wherre's my boytoy ? :-(,ham,Wherre's my boytoy ? :-(
There are no other charges after transfer charges and you can withdraw anyhow you like,ham,There are no other charges after transfer charges and you can withdraw anyhow you like
"You are being contacted by our Dating Service by someone you know! To find out who it is, call from your mobile or landline 09064017305 PoBox75LDNS7",spam,"Y o u are being contacted by o u r Da ting Serv ice by some one y o u k n o w! To f i n d o u t who it is, c a l l f r o m y our m o b i l e or l a n d l i n e 09064017305 PoBox75LDNS7"
Hey we can go jazz power yoga hip hop kb and yogasana,ham,Hey we can go jazz power yoga hip hop kb and yogasana
"Good evening Sir, Al Salam Wahleykkum.sharing a happy news.By the grace of God, i got an offer from Tayseer,TISSCO and i joined.Hope you are fine.Inshah Allah,meet you sometime.Rakhesh,visitor from India.",ham,"Good evening Sir, Al Salam Wahleykkum.sharing a happy news.By the grace of God, i got an offer from Tayseer,TISSCO and i joined.Hope you are fine.Inshah Allah,meet you sometime.Rakhesh,visitor from India."
Easy ah?sen got selected means its good..,ham,Easy ah?sen got selected means its good..
Yup but not studying surfing lor. I'm in e lazy mode today.,ham,Yup but not studying surfing lor. I'm in e lazy mode today.
Customer place i will call you.,ham,Customer place i will call you.
How are you doing? Hope you've settled in for the new school year. Just wishin you a gr8 day,ham,How are you doing? Hope you've settled in for the new school year. Just wishin you a gr8 day
 mean it's confirmed... I tot they juz say oni... Ok then...,ham, mean it's confirmed... I tot they juz say oni... Ok then...
Anything lor... U decide...,ham,Anything lor... U decide...
If you still havent collected the dough pls let me know so i can go to the place i sent it to get the control number,ham,If you still havent collected the dough pls let me know so i can go to the place i sent it to get the control number
I AM AT THE GAS STATION. GO THERE.,ham,I AM AT THE GAS STATION. GO THERE.
I love to wine and dine my lady!,ham,I love to wine and dine my lady!
God bless.get good sleep my dear...i will pray!,ham,God bless.get good sleep my dear...i will pray!
Sunshine Quiz Wkly Q! Win a top Sony DVD player if u know which country the Algarve is in? Txt ansr to 82277. 1.50 SP:Tyrone,spam,Su nshine Qu iz W kly Q! W i n a t o p S o n y DVD p l a y e r if u k n o w w h i c h country the Algarve is in? Txt ansr to 8 2 2 7 7. 1.50 SP:Tyrone
"Nt only for driving even for many reasons she is called BBD..thts it chikku, then hw abt dvg cold..heard tht vinobanagar violence hw is the condition..and hw ru ? Any problem?",ham,"Nt only for driving even for many reasons she is called BBD..thts it chikku, then hw abt dvg cold..heard tht vinobanagar violence hw is the condition..and hw ru ? Any problem?"
Yo sorry was in the shower sup,ham,Yo sorry was in the shower sup
"Jolly good! By the way, will give u tickets for sat eve 7.30. Speak before then x",ham,"Jolly good! By the way, will give u tickets for sat eve 7.30. Speak before then x"
Dear are you angry i was busy dear,ham,Dear are you angry i was busy dear
Are you going to write ccna exam this week??,ham,Are you going to write ccna exam this week??
Height of recycling: Read twice- People spend time for earning money and the same money is spent for spending time!;-) Good morning.. keep smiling:-),ham,Height of recycling: Read twice- People spend time for earning money and the same money is spent for spending time!;-) Good morning.. keep smiling:-)
I only haf msn. It's yijue@hotmail.com,ham,I only haf msn. It's yijue@hotmail.com
Do you know where my lab goggles went,ham,Do you know where my lab goggles went
I think its far more than that but find out. Check google maps for a place from your dorm.,ham,I think its far more than that but find out. Check google maps for a place from your dorm.
How much it will cost approx . Per month.,ham,How much it will cost approx . Per month.
U should have made an appointment,ham,U should have made an appointment
When are you guys leaving?,ham,When are you guys leaving?
We will meet soon princess! Ttyl!,ham,We will meet soon princess! Ttyl!
Thanks for yesterday sir. You have been wonderful. Hope you enjoyed the burial. MojiBiola,ham,Thanks for yesterday sir. You have been wonderful. Hope you enjoyed the burial. MojiBiola
It's ok lar. U sleep early too... Nite...,ham,It's ok lar. U sleep early too... Nite...
"I am late,so call you tomorrow morning.take care sweet dreams....u and me...ummifying...bye.",ham,"I am late,so call you tomorrow morning.take care sweet dreams....u and me...ummifying...bye."
"Twinks, bears, scallies, skins and jocks are calling now. Don't miss the weekend's fun. Call 08712466669 at 10p/min. 2 stop texts call 08712460324(nat rate)",spam,"Twinks, bears, scallies, skins and jocks are c alling n o w. Don't m iss the we ek end's f u n. C a l l 08712466669 at 10p/min. 2 st op tex ts c a l l 0 8 7 1 2 4 6 0 3 2 4(nat ra te)"
"SMS. ac Blind Date 4U!: Rodds1 is 21/m from Aberdeen, United Kingdom. Check Him out  sms. ac/W/icmb3cktz8r7!-4 no Blind Dates send HIDE",spam,"S M S. ac Blind D a t e 4U!: Rodds1 is 21/m fr om Aberdeen, United Kingdom. Check H i m o u t  s m s. ac/W/icmb3cktz8r7!-4 no Blind Dates s e n d HIDE"
U calling me right? Call my hand phone...,ham,U calling me right? Call my hand phone...
"Final Chance! Claim ur 150 worth of discount vouchers today! Text YES to 85023 now! SavaMob, member offers mobile! T Cs SavaMob POBOX84, M263UZ. 3.00 Subs 16",spam,"F i n a l C h a n c e! C l a i m ur 150 wor th of d i s c o u n t vouche rs tod ay! T ext Y E S to 850 23 n o w! S a v a M o b, m e m b e r o f f e r s m o b i l e! T Cs S a v a M o b POBO X84, M263UZ. 3.00 Subs 16"
"Like &lt;#&gt; , same question",ham,"Like &lt;#&gt; , same question"
"whatever, im pretty pissed off.",ham,"whatever, im pretty pissed off."
Yeah I'll try to scrounge something up,ham,Yeah I'll try to scrounge something up
Old Orchard near univ. How about you?,ham,Old Orchard near univ. How about you?
No da. . Vijay going to talk in jaya tv,ham,No da. . Vijay going to talk in jaya tv
Prakesh is there know.,ham,Prakesh is there know.
NEFT Transaction with reference number &lt;#&gt; for Rs. &lt;DECIMAL&gt; has been credited to the beneficiary account on &lt;#&gt; at &lt;TIME&gt; : &lt;#&gt;,ham,NEFT Transaction with reference number &lt;#&gt; for Rs. &lt;DECIMAL&gt; has been credited to the beneficiary account on &lt;#&gt; at &lt;TIME&gt; : &lt;#&gt;
Kay... Since we are out already,ham,Kay... Since we are out already
How's ur paper?,ham,How's ur paper?
Huh so slow i tot u reach long ago liao... U 2 more days only i 4 more leh...,ham,Huh so slow i tot u reach long ago liao... U 2 more days only i 4 more leh...
"Sorry vikky, i'm Watching olave mandara movie kano in trishul theatre wit my frnds..",ham,"Sorry vikky, i'm Watching olave mandara movie kano in trishul theatre wit my frnds.."
Aiyar u so poor thing... I give u my support k... Jia you! I'll think of u...,ham,Aiyar u so poor thing... I give u my support k... Jia you! I'll think of u...
"I promise to take good care of you, princess. I have to run now. Please send pics when you get a chance. Ttyl!",ham,"I promise to take good care of you, princess. I have to run now. Please send pics when you get a chance. Ttyl!"
"New Mobiles from 2004, MUST GO! Txt: NOKIA to No: 89545 & collect yours today! From ONLY 1.  2optout 087187262701.50gbp/mtmsg18 TXTAUCTION.",spam,"N e w M obiles fr om 2 0 0 4, MU ST GO! Txt: N O K I A to No: 89545 & c o l l e c t you rs t o d a y! F r o m ON LY 1.  2o ptout 087187262701.50gbp/mtmsg18 TXTAUCTION."
K... Must book a not huh? so going for yoga basic on sunday?,ham,K... Must book a not huh? so going for yoga basic on sunday?
Oh sorry please its over,ham,Oh sorry please its over
That seems unnecessarily hostile,ham,That seems unnecessarily hostile
Oh yeah clearly it's my fault,ham,Oh yeah clearly it's my fault
Can... I'm free...,ham,Can... I'm free...
You are a winner U have been specially selected 2 receive 1000 or a 4* holiday (flights inc) speak to a live operator 2 claim 0871277810910p/min (18+),spam,Y o u are a wi nner U h a v e b e e n s p e c i a l ly s e l e c t e d 2 recei ve 10 00 or a 4* h o l i d a y (flights i n c) s p e a k to a l i v e o p e r a t o r 2 c l a i m 0871277810910p/min (18+)
Is avatar supposed to have subtoitles,ham,Is avatar supposed to have subtoitles
hows my favourite person today? r u workin hard? couldn't sleep again last nite nearly rang u at 4.30,ham,hows my favourite person today? r u workin hard? couldn't sleep again last nite nearly rang u at 4.30
Match started.india &lt;#&gt; for 2,ham,Match started.india &lt;#&gt; for 2
I thk u dun haf 2 hint in e forum already lor... Cos i told ron n darren is going 2 tell shuhui.,ham,I thk u dun haf 2 hint in e forum already lor... Cos i told ron n darren is going 2 tell shuhui.
Yep. I do like the pink furniture tho.,ham,Yep. I do like the pink furniture tho.
Are you angry with me. What happen dear,ham,Are you angry with me. What happen dear
Have you heard from this week?,ham,Have you heard from this week?
"Didn't try, g and I decided not to head out",ham,"Didn't try, g and I decided not to head out"
Babe? You said 2 hours and it's been almost 4 ... Is your internet down ?,ham,Babe? You said 2 hours and it's been almost 4 ... Is your internet down ?
URGENT This is our 2nd attempt to contact U. Your 900 prize from YESTERDAY is still awaiting collection. To claim CALL NOW 09061702893. ACL03530150PM,spam,U R G E N T Th is is o u r 2nd a ttempt to c o n t a c t U. Y our 900 p r i z e f r o m YESTERDAY is s t i l l a w a i t i n g coll ection. To cl a i m C A L L N O W 09061702893. ACL03530150PM
"For ur chance to win a 250 cash every wk TXT: ACTION to 80608. T's&C's  custcare 08712405022, 1x150p/wk",spam,"For ur c hance to w i n a 250 c ash e v e r y wk TXT: ACTION to 80608. T's&C's  c ustcare 08712405022, 1x150p/wk"
Dont know you bring some food,ham,Dont know you bring some food
Have you heard about that job? I'm going to that wildlife talk again tonight if u want2come. Its that2worzels and a wizzle or whatever it is?!,ham,Have you heard about that job? I'm going to that wildlife talk again tonight if u want2come. Its that2worzels and a wizzle or whatever it is?!
"Haha... Where got so fast lose weight, thk muz go 4 a month den got effect... Gee,later we go aust put bk e weight.",ham,"Haha... Where got so fast lose weight, thk muz go 4 a month den got effect... Gee,later we go aust put bk e weight."
"I'm in a meeting, call me later at",ham,"I'm in a meeting, call me later at"
"Our dating service has been asked 2 contact U by someone shy! CALL 09058091870 NOW all will be revealed. POBox84, M26 3UZ 150p",spam,"O u r d ating s ervice has b een asked 2 c ontact U by s omeone shy! C A L L 09058091870 N O W a l l w i l l be revealed. P O B o x 8 4, M26 3UZ 1 5 0 p"
What time do u get out?,ham,What time do u get out?
COME BACK TO TAMPA FFFFUUUUUUU,ham,COME BACK TO TAMPA FFFFUUUUUUU
PRIVATE! Your 2003 Account Statement for shows 800 un-redeemed S.I.M. points. Call 08718738001 Identifier Code: 49557 Expires 26/11/04,spam,P R I V A T E! Y our 2 0 0 3 Accou nt Sta tement for s h o w s 800 un-re deemed S.I.M. p oints. C a l l 08718738001 I d e n t i f i e r Co de: 49557 Exp ires 26/11/04
He said i look pretty wif long hair wat. But i thk he's cutting quite short 4 me leh.,ham,He said i look pretty wif long hair wat. But i thk he's cutting quite short 4 me leh.
"Aight yo, dats straight dogg",ham,"Aight yo, dats straight dogg"
"Sorry, I'll call later",ham,"Sorry, I'll call later"
But really quite funny lor wat... Then u shd haf run shorter distance wat...,ham,But really quite funny lor wat... Then u shd haf run shorter distance wat...
"Living is very simple.. Loving is also simple.. Laughing is too simple.. Winning is tooo simple.. But, being 'SIMPLE' is very difficult.. Gud nte.:-",ham,"Living is very simple.. Loving is also simple.. Laughing is too simple.. Winning is tooo simple.. But, being 'SIMPLE' is very difficult.. Gud nte.:-"
Ok that's great thanx a lot.,ham,Ok that's great thanx a lot.
"U can WIN 100 of Music Gift Vouchers every week starting NOW Txt the word DRAW to 87066 TsCs  SkillGame, 1Winaweek, age16. 150ppermessSubscription",spam,"U can W I N 100 of M u s i c G i f t V o u c h e r s eve ry w eek starting N O W Txt the w o r d D R A W to 8 7 0 6 6 TsCs  SkillGame, 1Winaweek, age16. 150ppermessSubscription"
Try neva mate!!,ham,Try neva mate!!
I'm in office now da:)where are you?,ham,I'm in office now da:)where are you?
We r outside already.,ham,We r outside already.
S.i'm watching it in live..,ham,S.i'm watching it in live..
"its cool but tyler had to take off so we're gonna buy for him and drop it off at his place later tonight. Our total order is a quarter, you got enough?",ham,"its cool but tyler had to take off so we're gonna buy for him and drop it off at his place later tonight. Our total order is a quarter, you got enough?"
"I think your mentor is , but not 100 percent sure.",ham,"I think your mentor is , but not 100 percent sure."
74355 XMAS iscoming & ur awarded either 500 CD gift vouchers & free entry 2 r 100 weekly draw txt MUSIC to 87066 TnC,spam,74355 X MAS iscoming & ur a warded e i t h e r 500 CD gi ft v o u c h e r s & f ree e ntry 2 r 100 week ly dr aw txt MUS IC to 8 7 0 6 6 TnC
Its &lt;#&gt; k here oh. Should i send home for sale.,ham,Its &lt;#&gt; k here oh. Should i send home for sale.
I'm good. Have you registered to vote?,ham,I'm good. Have you registered to vote?
No no. I will check all rooms befor activities,ham,No no. I will check all rooms befor activities
Thanks for ve lovely wisheds. You rock,ham,Thanks for ve lovely wisheds. You rock
Ok. So april. Cant wait,ham,Ok. So april. Cant wait
So its to be poking man everyday that they teach you in canada abi! How are you. Just saying hi.,ham,So its to be poking man everyday that they teach you in canada abi! How are you. Just saying hi.
Ur ringtone service has changed! 25 Free credits! Go to club4mobiles.com to choose content now! Stop? txt CLUB STOP to 87070. 150p/wk Club4 PO Box1146 MK45 2WT,spam,Ur ringto ne s e r v i c e has changed! 25 Fr ee c r e d i t s! Go to club4mobiles.com to cho ose c o n t e n t n o w! St op? txt CL UB S T O P to 87070. 1 50p/wk Club4 PO Box1146 MK45 2WT
Men like shorter ladies. Gaze up into his eyes.,ham,Men like shorter ladies. Gaze up into his eyes.
Did u find out what time the bus is at coz i need to sort some stuff out.,ham,Did u find out what time the bus is at coz i need to sort some stuff out.
* Was thinking about chuckin ur red green n black trainners 2 save carryin them bac on train,ham,* Was thinking about chuckin ur red green n black trainners 2 save carryin them bac on train
Burger King - Wanna play footy at a top stadium? Get 2 Burger King before 1st Sept and go Large or Super with Coca-Cola and walk out a winner,spam,Burger King - Wanna p l a y footy at a t o p stadium? G e t 2 Burger King b e f o r e 1st Sept and go Large or Super wi th Coca-Cola and walk o u t a w i n n e r
"Congratulations! Thanks to a good friend U have WON the 2,000 Xmas prize. 2 claim is easy, just call 08718726971 NOW! Only 10p per minute. BT-national-rate.",spam,"Congratulati ons! T h a n k s to a g o o d frie nd U h ave WON the 2,000 X m a s pri ze. 2 c laim is ea sy, j u s t c a l l 08718726971 N O W! O nly 10p p e r minute. BT-n a t i o n a l-ra te."
Pls dont forget to study,ham,Pls dont forget to study
Please da call me any mistake from my side sorry da. Pls da goto doctor.,ham,Please da call me any mistake from my side sorry da. Pls da goto doctor.
You are right. Meanwhile how's project twins comin up,ham,You are right. Meanwhile how's project twins comin up
Free Top ringtone -sub to weekly ringtone-get 1st week free-send SUBPOLY to 81618-?3 per week-stop sms-08718727870,spam,F r e e T o p r i n g t o n e -sub to w e e k l y ringto ne-g e t 1st we ek f r e e-s end SUBPOLY to 81618-?3 p e r w e e k-s t o p s m s-08718727870
"This is the 2nd time we have tried 2 contact u. U have won the 750 Pound prize. 2 claim is easy, call 08718726970 NOW! Only 10p per min. BT-national-rate",spam,"T h i s is the 2nd t i m e we ha ve t r i e d 2 c o n t a c t u. U ha ve won the 750 P o u n d pr ize. 2 c l a i m is e asy, c a l l 08718726970 N O W! O n l y 10p p e r min. BT-n a t i o n a l-r ate"
You said not now. No problem. When you can. Let me know.,ham,You said not now. No problem. When you can. Let me know.
"Wen ur lovable bcums angry wid u, dnt take it seriously.. Coz being angry is d most childish n true way of showing deep affection, care n luv!.. kettoda manda... Have nice day da.",ham,"Wen ur lovable bcums angry wid u, dnt take it seriously.. Coz being angry is d most childish n true way of showing deep affection, care n luv!.. kettoda manda... Have nice day da."
Dear how is chechi. Did you talk to her,ham,Dear how is chechi. Did you talk to her
Apart from the one i told you about yesterday?,ham,Apart from the one i told you about yesterday?
Stop calling everyone saying I might have cancer. My throat hurts to talk. I can't be answering everyones calls. If I get one more call I'm not babysitting on Monday,ham,Stop calling everyone saying I might have cancer. My throat hurts to talk. I can't be answering everyones calls. If I get one more call I'm not babysitting on Monday
"Thanks for your ringtone order, ref number K718. Your mobile will be charged 4.50. Should your tone not arrive please call customer services on 09065069120",spam,"Th anks for y o u r ringto ne o r d e r, ref nu mber K718. Y our m o b i l e w i l l be charg ed 4.50. Should yo ur t o n e not arrive p l e a s e c a l l cu stomer s e r v i c e s on 09065069120"
You see the requirements please,ham,You see the requirements please
Or u ask they all if next sat can a not. If all of them can make it then i'm ok lor.,ham,Or u ask they all if next sat can a not. If all of them can make it then i'm ok lor.
Call me when you get the chance plz &lt;3,ham,Call me when you get the chance plz &lt;3
My sort code is and acc no is . The bank is natwest. Can you reply to confirm i've sent this to the right person!,ham,My sort code is and acc no is . The bank is natwest. Can you reply to confirm i've sent this to the right person!
Was gr8 to see that message. So when r u leaving? Congrats dear. What school and wat r ur plans.,ham,Was gr8 to see that message. So when r u leaving? Congrats dear. What school and wat r ur plans.
I went to project centre,ham,I went to project centre
This is the 2nd time we have tried to contact u. U have won the 1450 prize to claim just call 09053750005 b4 310303. T&Cs/stop SMS 08718725756. 140ppm,spam,T h i s is the 2nd t ime we h a v e t r i e d to c o n t a c t u. U ha ve won the 1450 pri ze to c l a i m ju st c a l l 09053750005 b4 310303. T&Cs/s t o p S M S 08718725756. 140ppm
"SMS SERVICES. for your inclusive text credits, pls goto  login= 3qxj9 unsubscribe with STOP, no extra charge. help 08702840625.COMUK. 220-CM2 9AE",spam,"S M S SERVI CES. for y o u r inclusive t ext c redits, pls goto  login= 3qxj9 u n s u b s c r i b e w i t h S T O P, no e x t r a charge. he lp 08702840625.COMUK. 220-CM2 9AE"
Having lunch:)you are not in online?why?,ham,Having lunch:)you are not in online?why?
1Apple/Day=No Doctor. 1Tulsi Leaf/Day=No Cancer. 1Lemon/Day=No Fat. 1Cup Milk/day=No Bone Problms 3 Litres Watr/Day=No Diseases Snd ths 2 Whom U Care..:-),ham,1Apple/Day=No Doctor. 1Tulsi Leaf/Day=No Cancer. 1Lemon/Day=No Fat. 1Cup Milk/day=No Bone Problms 3 Litres Watr/Day=No Diseases Snd ths 2 Whom U Care..:-)
YOU HAVE WON! As a valued Vodafone customer our computer has picked YOU to win a 150 prize. To collect is easy. Just call 09061743386,spam,Y O U H AVE WON! As a val ued Vodafone custom er o u r computer has picked Y O U to w i n a 150 pr ize. To col lect is ea sy. Ju st c a l l 09061743386
Send me your id and password,ham,Send me your id and password
"Hi frnd, which is best way to avoid missunderstding wit our beloved one's?",ham,"Hi frnd, which is best way to avoid missunderstding wit our beloved one's?"
Hi darlin im on helens fone im gonna b up the princes 2 nite please come up tb love Kate,ham,Hi darlin im on helens fone im gonna b up the princes 2 nite please come up tb love Kate
"Aiyo... Her lesson so early... I'm still sleepin, haha... Okie, u go home liao den confirm w me lor...",ham,"Aiyo... Her lesson so early... I'm still sleepin, haha... Okie, u go home liao den confirm w me lor..."
I'm in class. Will holla later,ham,I'm in class. Will holla later
&lt;#&gt; am I think? Should say on syllabus,ham,&lt;#&gt; am I think? Should say on syllabus
Nice.nice.how is it working?,ham,Nice.nice.how is it working?
Today is ACCEPT DAY..U Accept me as? Brother Sister Lover Dear1 Best1 Clos1 Lvblefrnd Jstfrnd Cutefrnd Lifpartnr Belovd Swtheart Bstfrnd No rply means enemy,ham,Today is ACCEPT DAY..U Accept me as? Brother Sister Lover Dear1 Best1 Clos1 Lvblefrnd Jstfrnd Cutefrnd Lifpartnr Belovd Swtheart Bstfrnd No rply means enemy
Yo! Howz u? girls never rang after india. L,ham,Yo! Howz u? girls never rang after india. L
Yes princess! I want to catch you with my big strong hands...,ham,Yes princess! I want to catch you with my big strong hands...
Hey.. Something came up last min.. Think i wun be signing up tmr.. Hee,ham,Hey.. Something came up last min.. Think i wun be signing up tmr.. Hee
How much i gave to you. Morning.,ham,How much i gave to you. Morning.
Want to finally have lunch today?,ham,Want to finally have lunch today?
You want to go?,ham,You want to go?
Great. I was getting worried about you. Just know that a wonderful and caring person like you will have only the best in life. Know that u r wonderful and God's love is yours.,ham,Great. I was getting worried about you. Just know that a wonderful and caring person like you will have only the best in life. Know that u r wonderful and God's love is yours.
"My sister in law, hope you are having a great month. Just saying hey. Abiola",ham,"My sister in law, hope you are having a great month. Just saying hey. Abiola"
Dont put your phone on silent mode ok,ham,Dont put your phone on silent mode ok
I will come tomorrow di,ham,I will come tomorrow di
Nice.nice.how is it working?,ham,Nice.nice.how is it working?
No need to ke qi...  too bored izzit y suddenly thk of this...,ham,No need to ke qi...  too bored izzit y suddenly thk of this...
"Not for possession, especially not first offense",ham,"Not for possession, especially not first offense"
"Yes, my reg is Ciao!",ham,"Yes, my reg is Ciao!"
Tell me something. Thats okay.,ham,Tell me something. Thats okay.
R U &SAM P IN EACHOTHER. IF WE MEET WE CAN GO 2 MY HOUSE,ham,R U &SAM P IN EACHOTHER. IF WE MEET WE CAN GO 2 MY HOUSE
"Dear Voucher Holder, To claim this weeks offer, at your PC please go to  Ts&Cs apply.",spam,"De ar V o u c h e r H older, To c l a i m t his w e e k s of fer, at y o u r PC p l e a s e go to  Ts&Cs a p p l y."
You will be in the place of that man,ham,You will be in the place of that man
Friends that u can stay on fb chat with,ham,Friends that u can stay on fb chat with
What pa tell me.. I went to bath:-),ham,What pa tell me.. I went to bath:-)
He says he'll give me a call when his friend's got the money but that he's definitely buying before the end of the week,ham,He says he'll give me a call when his friend's got the money but that he's definitely buying before the end of the week
Even if he my friend he is a priest call him now,ham,Even if he my friend he is a priest call him now
"\Thinking of u ;) x\""""",ham,"\Thinking of u ;) x\"""""
Hi ....My engagement has been fixd on &lt;#&gt; th of next month. I know its really shocking bt....hmm njan vilikkam....t ws al of a sudn;-(.,ham,Hi ....My engagement has been fixd on &lt;#&gt; th of next month. I know its really shocking bt....hmm njan vilikkam....t ws al of a sudn;-(.
That's significant but dont worry.,ham,That's significant but dont worry.
Purity of friendship between two is not about smiling after reading the forwarded message..Its about smiling just by seeing the name. Gud evng,ham,Purity of friendship between two is not about smiling after reading the forwarded message..Its about smiling just by seeing the name. Gud evng
U're welcome... Caught u using broken english again...,ham,U're welcome... Caught u using broken english again...
"Princess, i like to make love &lt;#&gt; times per night. Hope thats not a problem!",ham,"Princess, i like to make love &lt;#&gt; times per night. Hope thats not a problem!"
"Same, I'm at my great aunts anniversary party in tarpon springs",ham,"Same, I'm at my great aunts anniversary party in tarpon springs"
I've sent my wife your text. After we buy them she'll tell you what to do. So just relax. We should go get them this wkend.,ham,I've sent my wife your text. After we buy them she'll tell you what to do. So just relax. We should go get them this wkend.
"That means you got an A in epi, she.s fine. She.s here now.",ham,"That means you got an A in epi, she.s fine. She.s here now."
Wif my family booking tour package.,ham,Wif my family booking tour package.
I dont thnk its a wrong calling between us,ham,I dont thnk its a wrong calling between us
"Tunji, how's the queen? how are you doing. This is just wishing you a great day. Abiola.",ham,"Tunji, how's the queen? how are you doing. This is just wishing you a great day. Abiola."
Oi. Ami parchi na re. Kicchu kaaj korte iccha korche na. Phone ta tul na. Plz. Plz.,ham,Oi. Ami parchi na re. Kicchu kaaj korte iccha korche na. Phone ta tul na. Plz. Plz.
We tried to contact you re our offer of New Video Phone 750 anytime any network mins HALF PRICE Rental camcorder call 08000930705 or reply for delivery Wed,spam,We t r i e d to conta ct y o u re o u r off er of N e w V i d e o P h o n e 750 a n y t i m e any n e t w o r k m i n s H ALF PR ICE R e n t a l camco rder ca ll 080009307 05 or r e p l y for deliv ery Wed
Have a good trip. Watch out for . Remember when you get back we must decide about easter.,ham,Have a good trip. Watch out for . Remember when you get back we must decide about easter.
Dip's cell dead. So i m coming with him. U better respond else we shall come back.,ham,Dip's cell dead. So i m coming with him. U better respond else we shall come back.
Package all your programs well,ham,Package all your programs well
To day class is there are no class.,ham,To day class is there are no class.
"Good afternoon, my love! How goes that day ? I hope maybe you got some leads on a job. I think of you, boytoy and send you a passionate kiss from across the sea",ham,"Good afternoon, my love! How goes that day ? I hope maybe you got some leads on a job. I think of you, boytoy and send you a passionate kiss from across the sea"
Wife.how she knew the time of murder exactly,ham,Wife.how she knew the time of murder exactly
"U were outbid by simonwatson5120 on the Shinco DVD Plyr. 2 bid again, visit sms. ac/smsrewards 2 end bid notifications, reply END OUT",spam,"U were outbid by simonwatson5120 on the Shinco DVD Plyr. 2 bid again, vi sit s m s. ac/smsrewards 2 end bid notifications, r e p l y END O U T"
Tired. I haven't slept well the past few nights.,ham,Tired. I haven't slept well the past few nights.
"HOT LIVE FANTASIES call now 08707500020 Just 20p per min NTT Ltd, PO Box 1327 Croydon CR9 5WB 0870 is a national rate call",spam,"H O T L I V E FANTASIES ca ll n o w 08707500020 J u s t 20p p e r min NTT Ltd, PO Box 1 3 2 7 C r o y d o n CR9 5WB 0 870 is a nat ional r a t e c a l l"
Good Morning plz call me sir,ham,Good Morning plz call me sir
Get your garden ready for summer with a FREE selection of summer bulbs and seeds worth 33:50 only with The Scotsman this Saturday. To stop go2 notxt.co.uk,spam,G e t y o u r garden ready for summer w i t h a F R E E selection of summer bulbs and seeds wo rth 33:50 o n l y w i t h The Scotsman t his S a t u r d a y. To s t o p go2 notxt.co.uk
Ok give me 5 minutes I think I see her. BTW you're my alibi. You were cutting my hair the whole time.,ham,Ok give me 5 minutes I think I see her. BTW you're my alibi. You were cutting my hair the whole time.
As a registered optin subscriber ur draw 4 100 gift voucher will be entered on receipt of a correct ans to 80062 Whats No1 in the BBC charts,spam,As a registered optin subscriber ur d r a w 4 100 g i f t v o u c h e r w i l l be e n t e r e d on receipt of a correct ans to 80 062 Whats No1 in the BBC charts
Not..tel software name..,ham,Not..tel software name..
"England v Macedonia - dont miss the goals/team news. Txt ur national team to 87077 eg ENGLAND to 87077 Try:WALES, SCOTLAND 4txt/1.20 POBOXox36504W45WQ 16+",spam,"E ngland v Macedonia - d o n t m iss the goals/team ne ws. Txt ur nat ional team to 8 7 0 7 7 eg E N G L A N D to 87 077 T r y:WALES, SCOTLAND 4txt/1.20 POBOXox36504W45WQ 16+"
"True. It is passable. And if you get a high score and apply for phd, you get 5years of salary. So it makes life easier.",ham,"True. It is passable. And if you get a high score and apply for phd, you get 5years of salary. So it makes life easier."
Yes. They replied my mail. I'm going to the management office later. Plus will in to bank later also.or on wednesday.,ham,Yes. They replied my mail. I'm going to the management office later. Plus will in to bank later also.or on wednesday.
As per your request 'Melle Melle (Oru Minnaminunginte Nurungu Vettam)' has been set as your callertune for all Callers. Press *9 to copy your friends Callertune,ham,As per your request 'Melle Melle (Oru Minnaminunginte Nurungu Vettam)' has been set as your callertune for all Callers. Press *9 to copy your friends Callertune
"Babe! I fucking love you too !! You know? Fuck it was so good to hear your voice. I so need that. I crave it. I can't get enough. I adore you, Ahmad *kisses*",ham,"Babe! I fucking love you too !! You know? Fuck it was so good to hear your voice. I so need that. I crave it. I can't get enough. I adore you, Ahmad *kisses*"
"Honeybee Said: *I'm d Sweetest in d World* God Laughed &amp; Said: *Wait,U Havnt Met d Person Reading This Msg* MORAL: Even GOD Can Crack Jokes! GM+GN+GE+GN:)",ham,"Honeybee Said: *I'm d Sweetest in d World* God Laughed &amp; Said: *Wait,U Havnt Met d Person Reading This Msg* MORAL: Even GOD Can Crack Jokes! GM+GN+GE+GN:)"
When is school starting. Where will you stay. What's the weather like. And the food. Do you have a social support system like friends in the school. All these things are important.,ham,When is school starting. Where will you stay. What's the weather like. And the food. Do you have a social support system like friends in the school. All these things are important.
Serious? What like proper tongued her,ham,Serious? What like proper tongued her
Pls clarify back if an open return ticket that i have can be preponed for me to go back to kerala.,ham,Pls clarify back if an open return ticket that i have can be preponed for me to go back to kerala.
Keep yourself safe for me because I need you and I miss you already and I envy everyone that see's you in real life,ham,Keep yourself safe for me because I need you and I miss you already and I envy everyone that see's you in real life
No pic. Please re-send.,ham,No pic. Please re-send.
Nope but i'll b going 2 sch on fri quite early lor cos mys sis got paper in da morn :-),ham,Nope but i'll b going 2 sch on fri quite early lor cos mys sis got paper in da morn :-)
Sending you greetings of joy and happiness. Do have a gr8 evening,ham,Sending you greetings of joy and happiness. Do have a gr8 evening
Glad it went well :) come over at 11 then we'll have plenty of time before claire goes to work.,ham,Glad it went well :) come over at 11 then we'll have plenty of time before claire goes to work.
Nope i'll come online now..,ham,Nope i'll come online now..
I liked the new mobile,ham,I liked the new mobile
"Fuuuuck I need to stop sleepin, sup",ham,"Fuuuuck I need to stop sleepin, sup"
08714712388 between 10am-7pm Cost 10p,spam,08714712388 b e t w e e n 1 0 a m-7pm Co st 10p
"Nah can't help you there, I've never had an iphone",ham,"Nah can't help you there, I've never had an iphone"
I lost 4 pounds since my doc visit last week woot woot! Now I'm gonna celebrate by stuffing my face!,ham,I lost 4 pounds since my doc visit last week woot woot! Now I'm gonna celebrate by stuffing my face!
You available now? I'm like right around hillsborough &amp; &lt;#&gt; th,ham,You available now? I'm like right around hillsborough &amp; &lt;#&gt; th
Lol or I could just starve and lose a pound by the end of the day.,ham,Lol or I could just starve and lose a pound by the end of the day.
Then why you not responding,ham,Then why you not responding
Call FREEPHONE 0800 542 0578 now!,spam,C a l l F R E E P H O N E 0 8 0 0 542 0578 n o w!
My love ... I hope your not doing anything drastic. Don't you dare sell your pc or your phone ...,ham,My love ... I hope your not doing anything drastic. Don't you dare sell your pc or your phone ...
No i am not having not any movies in my laptop,ham,No i am not having not any movies in my laptop
Haven't heard anything and he's not answering my texts so I'm guessing he flaked. That said the jb is fantastic,ham,Haven't heard anything and he's not answering my texts so I'm guessing he flaked. That said the jb is fantastic
"Aight, I'll ask a few of my roommates",ham,"Aight, I'll ask a few of my roommates"
How long does it take to get it.,ham,How long does it take to get it.
And I don't plan on staying the night but I prolly won't be back til late,ham,And I don't plan on staying the night but I prolly won't be back til late
Free 1st week entry 2 TEXTPOD 4 a chance 2 win 40GB iPod or 250 cash every wk. Txt POD to 84128 Ts&Cs  custcare 08712405020.,spam,F r e e 1st we ek en t r y 2 TEXTPOD 4 a c h a n c e 2 w i n 40GB i P o d or 250 ca sh ev ery wk. Txt POD to 84128 Ts&Cs  c u s t c a r e 08712405020.
\Its Ur luck to Love someone. Its Ur fortune to Love the one who Loves U. But,ham,\Its Ur luck to Love someone. Its Ur fortune to Love the one who Loves U. But
Lol I was gonna last month. I cashed some in but I left &lt;#&gt; just in case. I was collecting more during the week cause they announced it on the blog.,ham,Lol I was gonna last month. I cashed some in but I left &lt;#&gt; just in case. I was collecting more during the week cause they announced it on the blog.
Are you willing to go for apps class.,ham,Are you willing to go for apps class.
Good morning princess! How are you?,ham,Good morning princess! How are you?
"WELL DONE! Your 4* Costa Del Sol Holiday or 5000 await collection. Call 09050090044 Now toClaim. SAE, TCs, POBox334, Stockport, SK38xh, Cost1.50/pm, Max10mins",spam,"WELL DONE! Yo ur 4* C osta Del Sol H o l i d a y or 5 0 0 0 awa it collec tion. C a l l 0905009 0044 N o w to C l a i m. SAE, TCs, POB ox334, S t o c k p o r t, S K 3 8 x h, C ost1.50/pm, Max1 0mins"
"Good morning, im suffering from fever and dysentry ..will not be able to come to office today.",ham,"Good morning, im suffering from fever and dysentry ..will not be able to come to office today."
FREE for 1st week! No1 Nokia tone 4 ur mob every week just txt NOKIA to 8007 Get txting and tell ur mates  POBox 36504 W45WQ norm150p/tone 16+,spam,F R E E for 1st w e e k! No1 N okia t o n e 4 ur mob e v e r y w e e k j ust txt N OKIA to 8 0 0 7 G e t tx ting and te ll ur m a t e s  P O B o x 36504 W45WQ norm150p/t o n e 16+
Eek that's a lot of time especially since American Pie is like 8 minutes long. I can't stop singing it.,ham,Eek that's a lot of time especially since American Pie is like 8 minutes long. I can't stop singing it.
Senthil group company Apnt 5pm.,ham,Senthil group company Apnt 5pm.
No message..no responce..what happend?,ham,No message..no responce..what happend?
Are u coming to the funeral home,ham,Are u coming to the funeral home
"Ever green quote ever told by Jerry in cartoon \A Person Who Irritates u Always Is the one Who Loves u Vry Much But Fails to Express It...!..!! :-) :-) gud nyt""",ham,"Ever green quote ever told by Jerry in cartoon \A Person Who Irritates u Always Is the one Who Loves u Vry Much But Fails to Express It...!..!! :-) :-) gud nyt"""
"Mmmmmm ... I love you,so much, Ahmad ... I can't wait for this year to begin as every second takes me closer to being at your side. Happy New Year, my love!!",ham,"Mmmmmm ... I love you,so much, Ahmad ... I can't wait for this year to begin as every second takes me closer to being at your side. Happy New Year, my love!!"
URGENT This is our 2nd attempt to contact U. Your 900 prize from YESTERDAY is still awaiting collection. To claim CALL NOW 09061702893,spam,UR GENT T h i s is o u r 2nd a t t e m p t to c ontact U. Y our 900 pr ize f rom YESTERDAY is st ill a w a i t i n g col lection. To c l a i m C A L L N O W 09061702893
My friends use to call the same.,ham,My friends use to call the same.
"Good afternoon sexy buns! How goes the job search ? I wake and you are my first thought as always, my love. I wish your fine and happy and know I adore you!",ham,"Good afternoon sexy buns! How goes the job search ? I wake and you are my first thought as always, my love. I wish your fine and happy and know I adore you!"
Cold. Dont be sad dear,ham,Cold. Dont be sad dear
U sure u can't take any sick time?,ham,U sure u can't take any sick time?
Ill be there on &lt;#&gt; ok.,ham,Ill be there on &lt;#&gt; ok.
Can a not?,ham,Can a not?
You sure your neighbors didnt pick it up,ham,You sure your neighbors didnt pick it up
"Bears Pic Nick, and Tom, Pete and ... Dick. In fact, all types try gay chat with photo upload call 08718730666 (10p/min). 2 stop texts call 08712460324",spam,"Bears Pic Nick, and Tom, Pete and ... Dick. In fact, a l l types t r y gay c h a t w ith photo upload c a l l 08718730666 (10p/min). 2 s t o p t e x t s ca ll 0 8 7 1 2 4 6 0 3 2 4"
"Sppok up ur mob with a Halloween collection of nokia logo&pic message plus a FREE eerie tone, txt CARD SPOOK to 8007",spam,"Sppok up ur mob w i t h a Halloween c ollection of nok ia logo&pic m e s s a g e p l u s a F REE eerie t o n e, txt CARD SPOOK to 80 07"
I asked you to call him now ok,ham,I asked you to call him now ok
MY NEW YEARS EVE WAS OK. I WENT TO A PARTY WITH MY BOYFRIEND. WHO IS THIS SI THEN HEY,ham,MY NEW YEARS EVE WAS OK. I WENT TO A PARTY WITH MY BOYFRIEND. WHO IS THIS SI THEN HEY
No prob. I will send to your email.,ham,No prob. I will send to your email.
"How are you, my Love ? Are you with your brother ? Time to talk english with him ? *grins* Say : Hey Muhommad, Penny says hello from across the sea",ham,"How are you, my Love ? Are you with your brother ? Time to talk english with him ? *grins* Say : Hey Muhommad, Penny says hello from across the sea"
Up to _...  wan come then come lor... But i din c any stripes skirt...,ham,Up to _...  wan come then come lor... But i din c any stripes skirt...
Hello! Good week? Fancy a drink or something later?,ham,Hello! Good week? Fancy a drink or something later?
"\Im on gloucesterroad what are uup to later?\""""",ham,"\Im on gloucesterroad what are uup to later?\"""""
"Cool, what time you think you can get here?",ham,"Cool, what time you think you can get here?"
Howz pain.it will come down today.do as i said ystrday.ice and medicine.,ham,Howz pain.it will come down today.do as i said ystrday.ice and medicine.
Do you like Italian food?,ham,Do you like Italian food?
What's happening with you. Have you gotten a job and have you begun registration for permanent residency,ham,What's happening with you. Have you gotten a job and have you begun registration for permanent residency
Thanks for understanding. I've been trying to tell sura that.,ham,Thanks for understanding. I've been trying to tell sura that.
I know you are. Can you pls open the back?,ham,I know you are. Can you pls open the back?
Yetunde i'm in class can you not run water on it to make it ok. Pls now.,ham,Yetunde i'm in class can you not run water on it to make it ok. Pls now.
Thankyou so much for the call. I appreciate your care.,ham,Thankyou so much for the call. I appreciate your care.
"Enjoy the showers of possessiveness poured on u by ur loved ones, bcoz in this world of lies, it is a golden gift to be loved truly..",ham,"Enjoy the showers of possessiveness poured on u by ur loved ones, bcoz in this world of lies, it is a golden gift to be loved truly.."
"SIX chances to win CASH! From 100 to 20,000 pounds txt> CSH11 and send to 87575. Cost 150p/day, 6days, 16+ TsandCs apply Reply HL 4 info",spam,"SIX chances to w i n CA SH! F r o m 100 to 20,000 pou nds txt> CSH11 and s e n d to 87575. C ost 1 5 0 p/day, 6days, 16+ TsandCs a p p ly R e p l y HL 4 in fo"
"When you just put in the + sign, choose my number and the pin will show. Right?",ham,"When you just put in the + sign, choose my number and the pin will show. Right?"
Wat _ doing now?,ham,Wat _ doing now?
"Cool, we shall go and see, have to go to tip anyway. Are you at home, got something to drop in later? So lets go to town tonight! Maybe mum can take us in.",ham,"Cool, we shall go and see, have to go to tip anyway. Are you at home, got something to drop in later? So lets go to town tonight! Maybe mum can take us in."
Hurry home u big butt. Hang up on your last caller if u have to. Food is done and I'm starving. Don't ask what I cooked.,ham,Hurry home u big butt. Hang up on your last caller if u have to. Food is done and I'm starving. Don't ask what I cooked.
Dunno lei... I thk mum lazy to go out... I neva ask her yet...,ham,Dunno lei... I thk mum lazy to go out... I neva ask her yet...
Dude sux for snake. He got old and raiden got buff,ham,Dude sux for snake. He got old and raiden got buff
I came hostel. I m going to sleep. Plz call me up before class. Hrishi.,ham,I came hostel. I m going to sleep. Plz call me up before class. Hrishi.
I think chennai well settled?,ham,I think chennai well settled?
Then anything special?,ham,Then anything special?
Nothing lor... A bit bored too... Then y dun u go home early 2 sleep today...,ham,Nothing lor... A bit bored too... Then y dun u go home early 2 sleep today...
What was she looking for?,ham,What was she looking for?
What is the plural of the noun research?,ham,What is the plural of the noun research?
"life alle mone,eppolum oru pole allalo",ham,"life alle mone,eppolum oru pole allalo"
"FREE2DAY sexy St George's Day pic of Jordan!Txt PIC to 89080 dont miss out, then every wk a saucy celeb!4 more pics c PocketBabe.co.uk 0870241182716 3/wk",spam,"FREE2DAY se xy St George's Day pic of Jordan!Txt PIC to 89080 do nt mi ss o u t, t hen e v e r y wk a saucy celeb!4 m o r e p ics c PocketBabe.co.uk 0870241182716 3/wk"
Hi its in durban are you still on this number,ham,Hi its in durban are you still on this number
That was random saw my old roomate on campus. He graduated,ham,That was random saw my old roomate on campus. He graduated
Lolnice. I went from a fish to ..water.?,ham,Lolnice. I went from a fish to ..water.?
PRIVATE! Your 2003 Account Statement for 07815296484 shows 800 un-redeemed S.I.M. points. Call 08718738001 Identifier Code 41782 Expires 18/11/04,spam,P R I V A T E! Y o u r 2 0 0 3 A c c o u n t S t a t e m e n t for 07815296484 sho ws 800 un-r e d e e m e d S.I.M. p o i n t s. C a l l 08718738001 I d e n t i f i e r C ode 41782 E xpires 18/11/04
"Oops, I'll let you know when my roommate's done",ham,"Oops, I'll let you know when my roommate's done"
Yup n her fren lor. I'm meeting my fren at 730.,ham,Yup n her fren lor. I'm meeting my fren at 730.
(Bank of Granite issues Strong-Buy) EXPLOSIVE PICK FOR OUR MEMBERS *****UP OVER 300% *********** Nasdaq Symbol CDGT That is a $5.00 per..,spam,(Bank of Granite issues Strong-B u y) EXPLOSIVE PICK FOR O U R MEMBERS *****UP O V E R 300% *********** Nasdaq Symbol CDGT T h a t is a $5.00 p e r..
Mm yes dear look how i am hugging you both. :-P,ham,Mm yes dear look how i am hugging you both. :-P
Convey my regards to him,ham,Convey my regards to him
"Sir Goodmorning, Once free call me.",ham,"Sir Goodmorning, Once free call me."
You know there is. I shall speak to you in &lt;#&gt; minutes then,ham,You know there is. I shall speak to you in &lt;#&gt; minutes then
"Yo, you around? Just got my car back",ham,"Yo, you around? Just got my car back"
It's ok i wun b angry. Msg u aft i come home tonight.,ham,It's ok i wun b angry. Msg u aft i come home tonight.
Beerage?,ham,Beerage?
Thanks and ! Or bomb and date as my phone wanted to say!,ham,Thanks and ! Or bomb and date as my phone wanted to say!
"Sir, i am waiting for your call.",ham,"Sir, i am waiting for your call."
"Yeah hopefully, if tyler can't do it I could maybe ask around a bit",ham,"Yeah hopefully, if tyler can't do it I could maybe ask around a bit"
"Haven't found a way to get another app for your phone, eh ? Will you go to the net cafe ? Did you take that job? Geeee I need you babe. I crave to see you ...",ham,"Haven't found a way to get another app for your phone, eh ? Will you go to the net cafe ? Did you take that job? Geeee I need you babe. I crave to see you ..."
Yes there were many sweets,ham,Yes there were many sweets
"\AH POOR BABY!HOPE URFEELING BETTERSN LUV! PROBTHAT OVERDOSE OF WORK HEY GO CAREFUL SPK 2 U SN LOTS OF LOVEJEN XXX.\""""",ham,"\AH POOR BABY!HOPE URFEELING BETTERSN LUV! PROBTHAT OVERDOSE OF WORK HEY GO CAREFUL SPK 2 U SN LOTS OF LOVEJEN XXX.\"""""
"I'm an actor. When i work, i work in the evening and sleep late. Since i'm unemployed at the moment, i ALWAYS sleep late. When you're unemployed, every day is saturday.",ham,"I'm an actor. When i work, i work in the evening and sleep late. Since i'm unemployed at the moment, i ALWAYS sleep late. When you're unemployed, every day is saturday."
Hey you gave them your photo when you registered for driving ah? Tmr wanna meet at yck?,ham,Hey you gave them your photo when you registered for driving ah? Tmr wanna meet at yck?
Okie,ham,Okie
Hi here. have birth at on the to at 8lb 7oz. Mother and baby doing brilliantly.,ham,Hi here. have birth at on the to at 8lb 7oz. Mother and baby doing brilliantly.
Waiting 4 my tv show 2 start lor... U leh still busy doing ur report?,ham,Waiting 4 my tv show 2 start lor... U leh still busy doing ur report?
"To review and KEEP the fantastic Nokia N-Gage game deck with Club Nokia, go 2  unsubscribe from alerts reply with the word OUT",spam,"To review and K EEP the fan tastic No kia N-Gage game deck w ith C l u b N o k i a, go 2  u n s u b s c r i b e fr om alerts r e p l y w i t h the w o r d O U T"
"Congrats! 1 year special cinema pass for 2 is yours. call 09061209465 now! C Suprman V, Matrix3, StarWars3, etc all 4 FREE! bx420-ip4-5we. 150pm. Dont miss out!",spam,"C ongrats! 1 year speci al cinema p a s s for 2 is y ours. c a l l 09061209465 n o w! C Suprman V, Matrix3, StarWars3, etc a l l 4 F REE! b x 4 2 0-ip4-5we. 150pm. D o n t m i s s o u t!"
"Well, I was about to give up cos they all said no they didnt do one nighters. I persevered and found one but it is very cheap so i apologise in advance. It is just somewhere to sleep isnt it?",ham,"Well, I was about to give up cos they all said no they didnt do one nighters. I persevered and found one but it is very cheap so i apologise in advance. It is just somewhere to sleep isnt it?"
How do you guys go to see movies on your side.,ham,How do you guys go to see movies on your side.
4 oclock at mine. Just to bash out a flat plan.,ham,4 oclock at mine. Just to bash out a flat plan.
I thk 530 lor. But dunno can get tickets a not. Wat u doing now?,ham,I thk 530 lor. But dunno can get tickets a not. Wat u doing now?
"Im in inperialmusic listening2the weirdest track ever byleafcutter john-sounds like insects being molested&someone plumbing,remixed by evil men on acid!",ham,"Im in inperialmusic listening2the weirdest track ever byleafcutter john-sounds like insects being molested&someone plumbing,remixed by evil men on acid!"
Y lei?,ham,Y lei?
Talk to g and x about that,ham,Talk to g and x about that
2p per min to call Germany 08448350055 from your BT line. Just 2p per min. Check PlanetTalkInstant.com for info & T's & C's. Text stop to opt out,spam,2p p e r min to ca ll Germany 08448350055 f r o m yo ur BT l i n e. Ju st 2p p e r min. Check PlanetTalkInstant.com for in fo & T's & C's. Te xt st op to o p t o u t
"Don't worry though, I understand how important it is that I be put in my place with a poorly thought out punishment in the face of the worst thing that has ever happened to me. Brb gonna go kill myself",ham,"Don't worry though, I understand how important it is that I be put in my place with a poorly thought out punishment in the face of the worst thing that has ever happened to me. Brb gonna go kill myself"
PLEASSSSSSSEEEEEE TEL ME V AVENT DONE SPORTSx,ham,PLEASSSSSSSEEEEEE TEL ME V AVENT DONE SPORTSx
Let me know when you've got the money so carlos can make the call,ham,Let me know when you've got the money so carlos can make the call
WINNER!! As a valued network customer you have been selected to receivea 900 prize reward! To claim call 09061701461. Claim code KL341. Valid 12 hours only.,spam,W I N N E R!! As a v a l u e d netw ork custo mer y o u h ave b e e n s elected to receivea 900 pri ze reward! To c l a i m c a l l 09061701461. C l a i m co de KL341. V alid 12 hours on ly.
What class of &lt;#&gt; reunion?,ham,What class of &lt;#&gt; reunion?
No..its ful of song lyrics..,ham,No..its ful of song lyrics..
Pass dis to all ur contacts n see wat u get! Red;i'm in luv wid u. Blue;u put a smile on my face. Purple;u r realy hot. Pink;u r so swt. Orange;i thnk i lyk u. Green;i realy wana go out wid u. Yelow;i wnt u bck. Black;i'm jealous of u. Brown;i miss you Nw plz giv me one color,ham,Pass dis to all ur contacts n see wat u get! Red;i'm in luv wid u. Blue;u put a smile on my face. Purple;u r realy hot. Pink;u r so swt. Orange;i thnk i lyk u. Green;i realy wana go out wid u. Yelow;i wnt u bck. Black;i'm jealous of u. Brown;i miss you Nw plz giv me one color
Do u konw waht is rael FRIENDSHIP Im gving yuo an exmpel: Jsut ese tihs msg.. Evrey splleing of tihs msg is wrnog.. Bt sitll yuo can raed it wihtuot ayn mitsake.. GOODNIGHT &amp; HAVE A NICE SLEEP..SWEET DREAMS..,ham,Do u konw waht is rael FRIENDSHIP Im gving yuo an exmpel: Jsut ese tihs msg.. Evrey splleing of tihs msg is wrnog.. Bt sitll yuo can raed it wihtuot ayn mitsake.. GOODNIGHT &amp; HAVE A NICE SLEEP..SWEET DREAMS..
I had askd u a question some hours before. Its answer,ham,I had askd u a question some hours before. Its answer
Anything lar then _ not going home 4 dinner?,ham,Anything lar then _ not going home 4 dinner?
And several to you sir.,ham,And several to you sir.
K...k...when will you give treat?,ham,K...k...when will you give treat?
Ha... Both of us doing e same thing. But i got tv 2 watch. U can thk of where 2 go tonight or u already haf smth in mind...,ham,Ha... Both of us doing e same thing. But i got tv 2 watch. U can thk of where 2 go tonight or u already haf smth in mind...
"Rose for red,red for blood,blood for heart,heart for u. But u for me.... Send tis to all ur friends.. Including me.. If u like me.. If u get back, 1-u r poor in relation! 2-u need some 1 to support 3-u r frnd 2 many 4-some1 luvs u 5+- some1 is praying god to marry u.:-) try it....",ham,"Rose for red,red for blood,blood for heart,heart for u. But u for me.... Send tis to all ur friends.. Including me.. If u like me.. If u get back, 1-u r poor in relation! 2-u need some 1 to support 3-u r frnd 2 many 4-some1 luvs u 5+- some1 is praying god to marry u.:-) try it...."
"You are guaranteed the latest Nokia Phone, a 40GB iPod MP3 player or a 500 prize! Txt word: COLLECT to No: 83355! IBHltd LdnW15H 150p/Mtmsgrcvd18",spam,"Y o u are gu aranteed the late st N o k i a P h o n e, a 40GB i P o d MP3 p l a y e r or a 500 p r i z e! Txt wo rd: C O L L E C T to No: 83355! IBHltd LdnW15H 15 0p/Mtmsgrcvd18"
This pen thing is beyond a joke. Wont a Biro do? Don't do a masters as can't do this ever again!,ham,This pen thing is beyond a joke. Wont a Biro do? Don't do a masters as can't do this ever again!
Not to worry. I'm sure you'll get it.,ham,Not to worry. I'm sure you'll get it.
Congrats! Nokia 3650 video camera phone is your Call 09066382422 Calls cost 150ppm Ave call 3mins vary from mobiles 16+ Close 300603 post BCM4284 Ldn WC1N3XX,spam,C o n g r a t s! N okia 3650 v i d e o c a m e r a p h o n e is y o u r C a l l 09066382422 C a l l s c ost 1 5 0 p pm Ave c a l l 3mins v a r y fr om m o b i l e s 16+ Close 300603 post BCM4284 Ldn WC1N3XX
Horrible u eat macs eat until u forgot abt me already rite... U take so long 2 reply. I thk it's more toot than b4 so b prepared. Now wat shall i eat?,ham,Horrible u eat macs eat until u forgot abt me already rite... U take so long 2 reply. I thk it's more toot than b4 so b prepared. Now wat shall i eat?
Gud mrng dear have a nice day,ham,Gud mrng dear have a nice day
we tried to contact you re your response to our offer of a new nokia fone and camcorder hit reply or call 08000930705 for delivery,spam,we t r i e d to conta ct y o u re yo ur response to o u r o f f e r of a n e w no kia fone and ca mcorder h i t r e p l y or c a l l 0 8 0 0 0 9 3 0 7 0 5 for del ivery
watever reLation u built up in dis world only thing which remains atlast iz lonlines with lotz n lot memories! feeling..,ham,watever reLation u built up in dis world only thing which remains atlast iz lonlines with lotz n lot memories! feeling..
Yes I know the cheesy songs from frosty the snowman :),ham,Yes I know the cheesy songs from frosty the snowman :)
"Plz note: if anyone calling from a mobile Co. &amp; asks u to type # &lt;#&gt; or # &lt;#&gt; . Do not do so. Disconnect the call,coz it iz an attempt of 'terrorist' to make use of the sim card no. Itz confirmd by nokia n motorola n has been verified by CNN IBN.",ham,"Plz note: if anyone calling from a mobile Co. &amp; asks u to type # &lt;#&gt; or # &lt;#&gt; . Do not do so. Disconnect the call,coz it iz an attempt of 'terrorist' to make use of the sim card no. Itz confirmd by nokia n motorola n has been verified by CNN IBN."
YOU ARE CHOSEN TO RECEIVE A 350 AWARD! Pls call claim number 09066364311 to collect your award which you are selected to receive as a valued mobile customer.,spam,Y O U ARE CHOSEN TO R E C E I V E A 350 A W A R D! Pls ca ll c l a i m nu mber 09066364311 to col lect yo ur awa rd wh ich y o u are sel ected to r e c e i v e as a v a l u e d mobi le c u s t o m e r.
Yup but it's not giving me problems now so mayb i'll jus leave it...,ham,Yup but it's not giving me problems now so mayb i'll jus leave it...
Welp apparently he retired,ham,Welp apparently he retired
Sounds like a plan! Cardiff is still here and still cold! I'm sitting on the radiator!,ham,Sounds like a plan! Cardiff is still here and still cold! I'm sitting on the radiator!
"URGENT! Your mobile number *************** WON a 2000 Bonus Caller prize on 10/06/03! This is the 2nd attempt to reach you! Call 09066368753 ASAP! Box 97N7QP, 150ppm",spam,"URGE NT! Yo ur m obile nu mber *************** WON a 2 000 Bo nus Cal ler p r i z e on 10/06/03! T h i s is the 2nd atte mpt to reach y o u! C a l l 09066368753 ASAP! Box 97N7QP, 15 0p pm"
I dont know what to do to come out of this so only am ask questions like this dont mistake me.,ham,I dont know what to do to come out of this so only am ask questions like this dont mistake me.
"I can't keep going through this. It was never my intention to run you out, but if you choose to do that rather than keep the room clean so *I* don't have to say no to visitors, then maybe that's the best choice. Yes, I wanted you to be embarassed, so maybe you'd feel for once how I feel when i have a friend who wants to drop buy and i have to say no, as happened this morning. I've tried everything. I don't know what else to do.",ham,"I can't keep going through this. It was never my intention to run you out, but if you choose to do that rather than keep the room clean so *I* don't have to say no to visitors, then maybe that's the best choice. Yes, I wanted you to be embarassed, so maybe you'd feel for once how I feel when i have a friend who wants to drop buy and i have to say no, as happened this morning. I've tried everything. I don't know what else to do."
"Haha, just what I was thinkin",ham,"Haha, just what I was thinkin"
I am in escape theatre now. . Going to watch KAVALAN in a few minutes,ham,I am in escape theatre now. . Going to watch KAVALAN in a few minutes
Is ur changes 2 da report big? Cos i've already made changes 2 da previous report.,ham,Is ur changes 2 da report big? Cos i've already made changes 2 da previous report.
I'm done. C _ there.,ham,I'm done. C _ there.
"Doing nothing, then u not having dinner w us?",ham,"Doing nothing, then u not having dinner w us?"
"Yo my trip got postponed, you still stocked up?",ham,"Yo my trip got postponed, you still stocked up?"
2mro i am not coming to gym machan. Goodnight.,ham,2mro i am not coming to gym machan. Goodnight.
Hhahhaahahah rofl wtf nig was leonardo in your room or something,ham,Hhahhaahahah rofl wtf nig was leonardo in your room or something
So i asked how's anthony. Dad. And your bf,ham,So i asked how's anthony. Dad. And your bf
Anything lor if they all go then i go lor...,ham,Anything lor if they all go then i go lor...
Its worse if if uses half way then stops. Its better for him to complete it.,ham,Its worse if if uses half way then stops. Its better for him to complete it.
"Haha awesome, I've been to 4u a couple times. Who all's coming?",ham,"Haha awesome, I've been to 4u a couple times. Who all's coming?"
I'm at home n ready...,ham,I'm at home n ready...
Are you free now?can i call now?,ham,Are you free now?can i call now?
:( but your not here....,ham,:( but your not here....
"I wake up long ago already... Dunno, what other thing?",ham,"I wake up long ago already... Dunno, what other thing?"
Remind me how to get there and I shall do so,ham,Remind me how to get there and I shall do so
"For ur chance to win a 250 wkly shopping spree TXT: SHOP to 80878. T's&C's  custcare 08715705022, 1x150p/wk",spam,"For ur c h a n c e to w i n a 250 w kly shopping spree TXT: S H O P to 80878. T's&C's  custca re 08715705022, 1x150p/wk"
When you are big..| God will bring success.,ham,When you are big..| God will bring success.
I actually did for the first time in a while. I went to bed not too long after i spoke with you. Woke up at 7. How was your night?,ham,I actually did for the first time in a while. I went to bed not too long after i spoke with you. Woke up at 7. How was your night?
Nothing. Can...,ham,Nothing. Can...
Ok set let u noe e details later...,ham,Ok set let u noe e details later...
Nobody names their penis a girls name this story doesn't add up at all,ham,Nobody names their penis a girls name this story doesn't add up at all
PRIVATE! Your 2003 Account Statement for shows 800 un-redeemed S. I. M. points. Call 08718738002 Identifier Code: 48922 Expires 21/11/04,spam,PRIV ATE! Y our 2 0 0 3 Acco unt Statem ent for s hows 800 un-r e d e e m e d S. I. M. p o i n t s. C a l l 08718738002 I d e n t i f i e r C o d e: 48922 E x p i r e s 21/11/04
Let me know how it changes in the next 6hrs. It can even be appendix but you are out of that age range. However its not impossible. So just chill and let me know in 6hrs,ham,Let me know how it changes in the next 6hrs. It can even be appendix but you are out of that age range. However its not impossible. So just chill and let me know in 6hrs
Hows the pain dear?y r u smiling?,ham,Hows the pain dear?y r u smiling?
Squeeeeeze!! This is christmas hug.. If u lik my frndshp den hug me back.. If u get 3 u r cute:) 6 u r luvd:* 9 u r so lucky;) None? People hate u:,ham,Squeeeeeze!! This is christmas hug.. If u lik my frndshp den hug me back.. If u get 3 u r cute:) 6 u r luvd:* 9 u r so lucky;) None? People hate u:
Dear Subscriber ur draw 4 100 gift voucher will b entered on receipt of a correct ans. When was Elvis Presleys Birthday? TXT answer to 80062,spam,D e a r Subscriber ur d r a w 4 100 g ift v o u c h e r w i l l b e n t e r e d on receipt of a correct ans. Wh en was Elvis Presleys Birthday? TXT answer to 8 0 0 6 2
Ok.,ham,Ok.
Good evening! this is roger. How are you?,ham,Good evening! this is roger. How are you?
2marrow only. Wed at &lt;#&gt; to 2 aha.,ham,2marrow only. Wed at &lt;#&gt; to 2 aha.
You all ready for * big day tomorrow?,ham,You all ready for * big day tomorrow?
"Urgent Urgent! We have 800 FREE flights to Europe to give away, call B4 10th Sept & take a friend 4 FREE. Call now to claim on 09050000555. BA128NNFWFLY150ppm",spam,"U r g e n t U r g e n t! We h ave 800 F R E E flights to Europe to g ive away, ca ll B4 10th Sept & ta ke a fr iend 4 F R E E. C a l l n o w to c laim on 09050000555. BA128NNFWFLY150ppm"
Jus ans me lar. U'll noe later.,ham,Jus ans me lar. U'll noe later.
Hi:)cts employee how are you?,ham,Hi:)cts employee how are you?
Lol I would but my mom would have a fit and tell the whole family how crazy and terrible I am,ham,Lol I would but my mom would have a fit and tell the whole family how crazy and terrible I am
Huh so late... Fr dinner?,ham,Huh so late... Fr dinner?
Hey sexy buns! What of that day? No word from you this morning on YM ... :-( ... I think of you,ham,Hey sexy buns! What of that day? No word from you this morning on YM ... :-( ... I think of you
Hi! You just spoke to MANEESHA V. We'd like to know if you were satisfied with the experience. Reply Toll Free with Yes or No.,ham,Hi! You just spoke to MANEESHA V. We'd like to know if you were satisfied with the experience. Reply Toll Free with Yes or No.
"Ela kano.,il download, come wen ur free..",ham,"Ela kano.,il download, come wen ur free.."
"Solve d Case : A Man Was Found Murdered On &lt;DECIMAL&gt; . &lt;#&gt; AfterNoon. 1,His wife called Police. 2,Police questioned everyone. 3,Wife: Sir,I was sleeping, when the murder took place. 4.Cook: I was cooking. 5.Gardener: I was picking vegetables. 6.House-Maid: I went 2 d post office. 7.Children: We went 2 play. 8.Neighbour: We went 2 a marriage. Police arrested d murderer Immediately. Who's It? Reply With Reason, If U r Brilliant.",ham,"Solve d Case : A Man Was Found Murdered On &lt;DECIMAL&gt; . &lt;#&gt; AfterNoon. 1,His wife called Police. 2,Police questioned everyone. 3,Wife: Sir,I was sleeping, when the murder took place. 4.Cook: I was cooking. 5.Gardener: I was picking vegetables. 6.House-Maid: I went 2 d post office. 7.Children: We went 2 play. 8.Neighbour: We went 2 a marriage. Police arrested d murderer Immediately. Who's It? Reply With Reason, If U r Brilliant."
I know she called me,ham,I know she called me
I dont want to hear anything,ham,I dont want to hear anything
The beauty of life is in next second.. which hides thousands of secrets. I wish every second will be wonderful in ur life...!! gud n8,ham,The beauty of life is in next second.. which hides thousands of secrets. I wish every second will be wonderful in ur life...!! gud n8
Urgent! Please call 09061743811 from landline. Your ABTA complimentary 4* Tenerife Holiday or 5000 cash await collection SAE T&Cs Box 326 CW25WX 150ppm,spam,Urge nt! Plea se ca ll 09061743811 f r o m landli ne. Y o u r ABTA c o m p l i m e n t a r y 4* Tener ife H oliday or 5 0 0 0 ca sh a w a i t c ollection SAE T&Cs Box 326 CW25WX 1 5 0 p pm
Yup...,ham,Yup...
EASTENDERS TV Quiz. What FLOWER does DOT compare herself to? D= VIOLET E= TULIP F= LILY txt D E or F to 84025 NOW 4 chance 2 WIN 100 Cash WKENT/150P16+,spam,EASTENDERS TV Q uiz. Wh at FLOWER does DOT compare herself to? D= VIOLET E= TULIP F= LILY txt D E or F to 84025 N O W 4 c h a n c e 2 W I N 100 C ash WKENT/150P16+
Waiting in e car 4 my mum lor. U leh? Reach home already?,ham,Waiting in e car 4 my mum lor. U leh? Reach home already?
Ya it came a while ago,ham,Ya it came a while ago
I'm really sorry I lit your hair on fire,ham,I'm really sorry I lit your hair on fire
"Night has ended for another day, morning has come in a special way. May you smile like the sunny rays and leaves your worries at the blue blue bay. Gud mrng",ham,"Night has ended for another day, morning has come in a special way. May you smile like the sunny rays and leaves your worries at the blue blue bay. Gud mrng"
Thank you. I like you as well...,ham,Thank you. I like you as well...
"Ok thats cool. Its , just off either raglan rd or edward rd. Behind the cricket ground. Gimme ring when ur closeby see you tuesday.",ham,"Ok thats cool. Its , just off either raglan rd or edward rd. Behind the cricket ground. Gimme ring when ur closeby see you tuesday."
"Hey doc pls I want to get nice t shirt for my hubby nice fiting ones my budget is &lt;#&gt; k help pls I will load d card abi hw,keep me posted luv. 2 mj",ham,"Hey doc pls I want to get nice t shirt for my hubby nice fiting ones my budget is &lt;#&gt; k help pls I will load d card abi hw,keep me posted luv. 2 mj"
Yup... How _ noe leh...,ham,Yup... How _ noe leh...
You are being ripped off! Get your mobile content from  call 08717509990 poly/true/Pix/Ringtones/Games six downloads for only 3,spam,Y o u are being ripped o f f! G e t yo ur mobi le cont ent f r o m  ca ll 08717509990 po ly/true/Pix/R i n g t o n e s/G a m e s six downloads for o nly 3
Are you the cutest girl in the world or what,ham,Are you the cutest girl in the world or what
He's in lag. That's just the sad part but we keep in touch thanks to skype,ham,He's in lag. That's just the sad part but we keep in touch thanks to skype
Mm have some kanji dont eat anything heavy ok,ham,Mm have some kanji dont eat anything heavy ok
"K, can that happen tonight?",ham,"K, can that happen tonight?"
"Garbage bags, eggs, jam, bread, hannaford wheat chex",ham,"Garbage bags, eggs, jam, bread, hannaford wheat chex"
Summers finally here! Fancy a chat or flirt with sexy singles in yr area? To get MATCHED up just reply SUMMER now. Free 2 Join. OptOut txt STOP Help08714742804,spam,Summers finally here! F a n c y a c h a t or flirt w i t h s e x y singles in yr area? To g e t MATCHED up ju st r e p l y SUMMER n o w. F r e e 2 Jo in. OptOut txt S T O P Help08714742804
"January Male Sale! Hot Gay chat now cheaper, call 08709222922. National rate from 1.5p/min cheap to 7.8p/min peak! To stop texts call 08712460324 (10p/min)",spam,"January Male S ale! H o t Gay c h a t n o w cheaper, c a l l 08709222922. Na tional r a t e fr om 1.5p/min che ap to 7.8p/min peak! To st op tex ts ca ll 0 8 7 1 2 4 6 0 3 2 4 (10p/min)"
Theyre doing it to lots of places. Only hospitals and medical places are safe.,ham,Theyre doing it to lots of places. Only hospitals and medical places are safe.
I'm going for bath will msg you next &lt;#&gt; min..,ham,I'm going for bath will msg you next &lt;#&gt; min..
Do u hav any frnd by name ashwini in ur college?,ham,Do u hav any frnd by name ashwini in ur college?
Where is it. Is there any opening for mca.,ham,Where is it. Is there any opening for mca.
Da my birthdate in certificate is in april but real date is today. But dont publish it. I shall give you a special treat if you keep the secret. Any way thanks for the wishes,ham,Da my birthdate in certificate is in april but real date is today. But dont publish it. I shall give you a special treat if you keep the secret. Any way thanks for the wishes
What Today-sunday..sunday is holiday..so no work..,ham,What Today-sunday..sunday is holiday..so no work..
Aiyah ok wat as long as got improve can already wat...,ham,Aiyah ok wat as long as got improve can already wat...
I am sorry it hurt you.,ham,I am sorry it hurt you.
No..few hours before.went to hair cut .,ham,No..few hours before.went to hair cut .
Does daddy have a bb now.,ham,Does daddy have a bb now.
"Ok. Can be later showing around 8-8:30 if you want + cld have drink before. Wld prefer not to spend money on nosh if you don't mind, as doing that nxt wk.",ham,"Ok. Can be later showing around 8-8:30 if you want + cld have drink before. Wld prefer not to spend money on nosh if you don't mind, as doing that nxt wk."
"I didnt get ur full msg..sometext is missing, send it again",ham,"I didnt get ur full msg..sometext is missing, send it again"
Dunno da next show aft 6 is 850. Toa payoh got 650.,ham,Dunno da next show aft 6 is 850. Toa payoh got 650.
Dont kick coco when he's down,ham,Dont kick coco when he's down
They r giving a second chance to rahul dengra.,ham,They r giving a second chance to rahul dengra.
No. 1 Nokia Tone 4 ur mob every week! Just txt NOK to 87021. 1st Tone FREE ! so get txtin now and tell ur friends. 150p/tone. 16 reply HL 4info,spam,No. 1 N okia T o n e 4 ur mob e very we ek! J ust txt NOK to 87021. 1st To ne FR EE ! so g e t txtin n o w and t ell ur friends. 1 50p/t o n e. 16 re ply HL 4info
I AM AT A PARTY WITH ALEX NICHOLS,ham,I AM AT A PARTY WITH ALEX NICHOLS
I ain't answerin no phone at what is actually a pretty reasonable hour but I'm sleepy,ham,I ain't answerin no phone at what is actually a pretty reasonable hour but I'm sleepy
Its a valentine game. . . send dis msg to all ur friends. . If 5 answers r d same then someone really loves u. . Ques- which colour suits me the best?,ham,Its a valentine game. . . send dis msg to all ur friends. . If 5 answers r d same then someone really loves u. . Ques- which colour suits me the best?
Hey... are you going to quit soon? Xuhui and i working till end of the month,ham,Hey... are you going to quit soon? Xuhui and i working till end of the month
Ok u can take me shopping when u get paid =D,ham,Ok u can take me shopping when u get paid =D
I sent them. Do you like?,ham,I sent them. Do you like?
"Hi, Mobile no. &lt;#&gt; has added you in their contact list on  It s a great place to send free sms to people For more visit fullonsms.com",ham,"Hi, Mobile no. &lt;#&gt; has added you in their contact list on  It s a great place to send free sms to people For more visit fullonsms.com"
Yeah but which is worse for i,ham,Yeah but which is worse for i
How come it takes so little time for a child who is afraid of the dark to become a teenager who wants to stay out all night?,spam,How come it takes so little ti me for a child who is afraid of the dark to become a teenager who wants to stay o u t a l l n i g h t?
Also hi wesley how've you been,ham,Also hi wesley how've you been
"Haha good to hear, I'm officially paid and on the market for an 8th",ham,"Haha good to hear, I'm officially paid and on the market for an 8th"
Wait . I will msg after &lt;#&gt; min.,ham,Wait . I will msg after &lt;#&gt; min.
"Sure thing big man. i have hockey elections at 6, shouldnt go on longer than an hour though",ham,"Sure thing big man. i have hockey elections at 6, shouldnt go on longer than an hour though"
K:)k.are you in college?,ham,K:)k.are you in college?
"Just dropped em off, omw back now",ham,"Just dropped em off, omw back now"
"\Petey boy whereare you me and all your friendsare in theKingshead come down if you canlove Nic\""""",ham,"\Petey boy whereare you me and all your friendsare in theKingshead come down if you canlove Nic\"""""
Ball is moving a lot.will spin in last :)so very difficult to bat:),ham,Ball is moving a lot.will spin in last :)so very difficult to bat:)
"Daddy, shu shu is looking 4 u... U wan me 2 tell him u're not in singapore or wat?",ham,"Daddy, shu shu is looking 4 u... U wan me 2 tell him u're not in singapore or wat?"
Even i cant close my eyes you are in me our vava playing umma :-D,ham,Even i cant close my eyes you are in me our vava playing umma :-D
Yeah imma come over cause jay wants to do some drugs,ham,Yeah imma come over cause jay wants to do some drugs
important information 4 orange user . today is your lucky day!2find out why log onto  THERE'S A FANTASTIC SURPRISE AWAITING YOU!,spam,importa nt info rmation 4 o r a n g e u s e r . t o d a y is yo ur l u c k y day!2find o u t why l o g o n t o  T H E R E'S A F A N T A S T I C SURPRISE AWAIT ING Y O U!
"K so am I, how much for an 8th? Fifty?",ham,"K so am I, how much for an 8th? Fifty?"
"Get the door, I'm here",ham,"Get the door, I'm here"
U studying in sch or going home? Anyway i'll b going 2 sch later.,ham,U studying in sch or going home? Anyway i'll b going 2 sch later.
meet you in corporation st outside gap _ you can see how my mind is working!,ham,meet you in corporation st outside gap _ you can see how my mind is working!
Okay... We wait ah,ham,Okay... We wait ah
S...from the training manual it show there is no tech process:)its all about password reset and troubleshooting:),ham,S...from the training manual it show there is no tech process:)its all about password reset and troubleshooting:)
No. Thank you. You've been wonderful,ham,No. Thank you. You've been wonderful
S:)s.nervous &lt;#&gt; :),ham,S:)s.nervous &lt;#&gt; :)
I am not at all happy with what you saying or doing,ham,I am not at all happy with what you saying or doing
"Sweetheart, hope you are not having that kind of day! Have one with loads of reasons to smile. Biola",ham,"Sweetheart, hope you are not having that kind of day! Have one with loads of reasons to smile. Biola"
Ok lar... Joking wif u oni...,ham,Ok lar... Joking wif u oni...
"TODAY is Sorry day.! If ever i was angry with you, if ever i misbehaved or hurt you? plz plz JUST SLAP URSELF Bcoz, Its ur fault, I'm basically GOOD",ham,"TODAY is Sorry day.! If ever i was angry with you, if ever i misbehaved or hurt you? plz plz JUST SLAP URSELF Bcoz, Its ur fault, I'm basically GOOD"
Are you not around or just still asleep? :V,ham,Are you not around or just still asleep? :V
 still attending da talks?,ham, still attending da talks?
Please tell me you have some of that special stock you were talking about,ham,Please tell me you have some of that special stock you were talking about
\Si.como no?!listened2the plaid album-quite gd&the new air1 which is hilarious-also boughtbraindancea comp.ofstuff on aphexs ;abel,ham,\Si.como no?!listened2the plaid album-quite gd&the new air1 which is hilarious-also boughtbraindancea comp.ofstuff on aphexs ;abel
PISS IS TALKING IS SOMEONE THAT REALISE U THAT POINT THIS AT IS IT.(NOW READ IT BACKWARDS),ham,PISS IS TALKING IS SOMEONE THAT REALISE U THAT POINT THIS AT IS IT.(NOW READ IT BACKWARDS)
"HOT LIVE FANTASIES call now 08707509020 Just 20p per min NTT Ltd, PO Box 1327 Croydon CR9 5WB 0870 is a national rate call",spam,"H O T L I V E FANTASIES ca ll n o w 08707509020 J u s t 20p p e r min NTT Ltd, PO Box 1 3 2 7 C r o y d o n CR9 5WB 0 8 7 0 is a n ational r ate ca ll"
How. Its a little difficult but its a simple way to enter this place,ham,How. Its a little difficult but its a simple way to enter this place
* Will have two more cartons off u and is very pleased with shelves,ham,* Will have two more cartons off u and is very pleased with shelves
You have WON a guaranteed 1000 cash or a 2000 prize.To claim yr prize call our customer service representative on,spam,Y o u h a v e WON a g u a r a n t e e d 10 00 c a s h or a 2 0 0 0 p r i z e.To c l a i m yr p r i z e c a l l o u r cust omer serv ice repre sentative on
 comin to fetch us oredi...,ham, comin to fetch us oredi...
Watching tv now. I got new job :),ham,Watching tv now. I got new job :)
I WILL CAL YOU SIR. In meeting,ham,I WILL CAL YOU SIR. In meeting
"Found it, ENC &lt;#&gt; , where you at?",ham,"Found it, ENC &lt;#&gt; , where you at?"
Hi happy birthday. Hi hi hi hi hi hi hi,ham,Hi happy birthday. Hi hi hi hi hi hi hi
"No, I decided that only people who care about stuff vote and caring about stuff is for losers",ham,"No, I decided that only people who care about stuff vote and caring about stuff is for losers"
Sat right? Okay thanks...,ham,Sat right? Okay thanks...
Poor girl can't go one day lmao,ham,Poor girl can't go one day lmao
hope things went well at 'doctors' ;) reminds me i still need 2go.did u c d little thing i left in the lounge?,ham,hope things went well at 'doctors' ;) reminds me i still need 2go.did u c d little thing i left in the lounge?
Lol I would but despite these cramps I like being a girl.,ham,Lol I would but despite these cramps I like being a girl.
I need you to be in my strong arms...,ham,I need you to be in my strong arms...
what are your new years plans?,ham,what are your new years plans?
This single single answers are we fighting? Plus i said am broke and you didnt reply,ham,This single single answers are we fighting? Plus i said am broke and you didnt reply
"Yeah, in fact he just asked if we needed anything like an hour ago. When and how much?",ham,"Yeah, in fact he just asked if we needed anything like an hour ago. When and how much?"
Call him and say you not coming today ok and tell them not to fool me like this ok,ham,Call him and say you not coming today ok and tell them not to fool me like this ok
No. To be nosy I guess. Idk am I over reacting if I'm freaked?,ham,No. To be nosy I guess. Idk am I over reacting if I'm freaked?
You won't believe it but it's true. It's Incredible Txts! Reply G now to learn truly amazing things that will blow your mind. From O2FWD only 18p/txt,spam,Y o u won't believe it but it's true. It's Incredible T x t s! Re ply G n o w to learn truly amazing things th at w i l l blow y o u r mind. Fr om O2FWD o n l y 18p/txt
K k pa Had your lunch aha.,ham,K k pa Had your lunch aha.
"Dont pack what you can buy at any store.like cereals. If you must pack food, pack gari or something 9ja that you will miss.",ham,"Dont pack what you can buy at any store.like cereals. If you must pack food, pack gari or something 9ja that you will miss."
I had it already..sabarish asked me to go..,ham,I had it already..sabarish asked me to go..
"Sorry, I'll call later",ham,"Sorry, I'll call later"
I taught that Ranjith sir called me. So only i sms like that. Becaus hes verifying about project. Prabu told today so only pa dont mistake me..,ham,I taught that Ranjith sir called me. So only i sms like that. Becaus hes verifying about project. Prabu told today so only pa dont mistake me..
Anything lor but toa payoh got place 2 walk meh...,ham,Anything lor but toa payoh got place 2 walk meh...
"You have been specially selected to receive a \3000 award! Call 08712402050 BEFORE the lines close. Cost 10ppm. 16+. T&Cs apply. AG Promo""",spam,"Y o u h a v e b een spe cially se lected to r e c e i v e a \3000 a w a r d! Ca ll 08712402050 B E F O R E the lines close. C o s t 10ppm. 16+. T&Cs a pply. AG P romo"""
(That said can you text him one more time?),ham,(That said can you text him one more time?)
"Urgent! call 09061749602 from Landline. Your complimentary 4* Tenerife Holiday or 10,000 cash await collection SAE T&Cs BOX 528 HP20 1YF 150ppm 18+",spam,"Ur gent! ca ll 09061749602 f r o m Land line. Yo ur c o m p l i m e n t a r y 4* T e n e r i f e Ho liday or 10,000 c ash a w a i t c o l l e c t i o n SAE T&Cs BOX 528 HP20 1YF 150 ppm 18+"
Guessin you ain't gonna be here before 9?,ham,Guessin you ain't gonna be here before 9?
u r a winner U ave been specially selected 2 receive 1000 cash or a 4* holiday (flights inc) speak to a live operator 2 claim 0871277810710p/min (18 ),spam,u r a w i n n e r U ave b een s p e c i a l l y sel ected 2 r e c e i v e 1 0 0 0 ca sh or a 4* h o l i d a y (flights i n c) s peak to a l i v e o p e r a t o r 2 cl a i m 0871277810710p/min (18 )
Hey gals.. Anyone of u going down to e driving centre tmr?,ham,Hey gals.. Anyone of u going down to e driving centre tmr?
I'm going 4 lunch now wif my family then aft dat i go str 2 orchard lor.,ham,I'm going 4 lunch now wif my family then aft dat i go str 2 orchard lor.
Ok. How many should i buy.,ham,Ok. How many should i buy.
Ok... Thanx... Gd nite 2 _ too...,ham,Ok... Thanx... Gd nite 2 _ too...
Sure! I am driving but will reach my destination soon.,ham,Sure! I am driving but will reach my destination soon.
alright. Thanks for the advice. Enjoy your night out. I'ma try to get some sleep...,ham,alright. Thanks for the advice. Enjoy your night out. I'ma try to get some sleep...
Thanx a lot 4 ur help!,ham,Thanx a lot 4 ur help!
"Wa, ur openin sentence very formal... Anyway, i'm fine too, juz tt i'm eatin too much n puttin on weight...Haha... So anythin special happened?",ham,"Wa, ur openin sentence very formal... Anyway, i'm fine too, juz tt i'm eatin too much n puttin on weight...Haha... So anythin special happened?"
No way I'm going back there!,ham,No way I'm going back there!
"I'm used to it. I just hope my agents don't drop me since i've only booked a few things this year. This whole me in boston, them in nyc was an experiment.",ham,"I'm used to it. I just hope my agents don't drop me since i've only booked a few things this year. This whole me in boston, them in nyc was an experiment."
Don no da:)whats you plan?,ham,Don no da:)whats you plan?
Do you want a new video handset? 750 anytime any network mins? Half Price Line Rental? Camcorder? Reply or call 08000930705 for delivery tomorrow,spam,Do y o u w a n t a n e w v i d e o h a n d s e t? 750 a n y t i m e any n e t work m i n s? Ha lf Pri ce Li ne R e n t a l? C a m c o r d e r? R e p l y or c a l l 0 8 0 0 0 9 3 0 7 0 5 for deliv ery tomorrow
Wow so healthy. Old airport rd lor. Cant thk of anything else. But i'll b bathing my dog later.,ham,Wow so healthy. Old airport rd lor. Cant thk of anything else. But i'll b bathing my dog later.
You're right I have now that I think about it,ham,You're right I have now that I think about it
Someone has conacted our dating service and entered your phone because they fancy you!To find out who it is call from landline 09111030116. PoBox12n146tf15,spam,So meone has conacted o u r d a t i n g s e r v i c e and e n t e r ed y our p h o n e because t h e y f a n c y y o u!To f i n d o u t who it is c a l l fr om l a n d l i n e 09111030116. PoBox12n146tf15
Wa... U so efficient... Gee... Thanx...,ham,Wa... U so efficient... Gee... Thanx...
18 days to Euro2004 kickoff! U will be kept informed of all the latest news and results daily. Unsubscribe send GET EURO STOP to 83222.,spam,18 d ays to Euro2004 kickoff! U w i l l be kept informed of a l l the l a t e s t ne ws and results daily. U n s u b s c r i b e se nd G E T EURO ST OP to 83222.
No break time one... How... I come out n get my stuff fr _?,ham,No break time one... How... I come out n get my stuff fr _?
I just saw ron burgundy captaining a party boat so yeah,ham,I just saw ron burgundy captaining a party boat so yeah
Yes.i'm in office da:),ham,Yes.i'm in office da:)
i thought we were doing a king of the hill thing there.,ham,i thought we were doing a king of the hill thing there.
Hi mate its RV did u hav a nice hol just a message 3 say hello coz havent sent u 1 in ages started driving so stay off roads!RVx,ham,Hi mate its RV did u hav a nice hol just a message 3 say hello coz havent sent u 1 in ages started driving so stay off roads!RVx
Watching tv now. I got new job :),ham,Watching tv now. I got new job :)
Ummmmmaah Many many happy returns of d day my dear sweet heart.. HAPPY BIRTHDAY dear,ham,Ummmmmaah Many many happy returns of d day my dear sweet heart.. HAPPY BIRTHDAY dear
Yeah we do totes. When u wanna?,ham,Yeah we do totes. When u wanna?
Yo chad which gymnastics class do you wanna take? The site says Christians class is full..,ham,Yo chad which gymnastics class do you wanna take? The site says Christians class is full..
"Depends on quality. If you want the type i sent boye, faded glory, then about 6. If you want ralphs maybe 2",ham,"Depends on quality. If you want the type i sent boye, faded glory, then about 6. If you want ralphs maybe 2"
"Edison has rightly said, \A fool can ask more questions than a wise man can answer\"" Now you know why all of us are speechless during ViVa.. GM",ham,"Edison has rightly said, \A fool can ask more questions than a wise man can answer\"" Now you know why all of us are speechless during ViVa.. GM"
Ok c _ then.,ham,Ok c _ then.
"I just got home babe, are you still awake ?",ham,"I just got home babe, are you still awake ?"
Dunno y u ask me.,ham,Dunno y u ask me.
We not leaving yet. Ok lor then we go elsewhere n eat. U thk...,ham,We not leaving yet. Ok lor then we go elsewhere n eat. U thk...
You are a very very very very bad girl. Or lady.,ham,You are a very very very very bad girl. Or lady.
"K, wen ur free come to my home and also tel vikky i hav sent mail to him also.. Better come evening il be free today aftr 6pm..:-)",ham,"K, wen ur free come to my home and also tel vikky i hav sent mail to him also.. Better come evening il be free today aftr 6pm..:-)"
"Aight, we'll head out in a few",ham,"Aight, we'll head out in a few"
Your 2004 account for 07XXXXXXXXX shows 786 unredeemed points. To claim call 08719181259 Identifier code: XXXXX Expires 26.03.05,spam,Y o u r 2 0 0 4 a c c o u n t for 07XXXXXXXXX s hows 786 unredeemed p o i n t s. To cla im ca ll 08719181259 Identi fier c o d e: XXXXX E x p i r e s 26.03.05
I'm going out to buy mum's present ar.,ham,I'm going out to buy mum's present ar.
"Good afternoon on this glorious anniversary day, my sweet J !! I hope this finds you happy and content, my Prey. I think of you and send a teasing kiss from across the sea coaxing images of fond souveniers ... You Cougar-Pen",ham,"Good afternoon on this glorious anniversary day, my sweet J !! I hope this finds you happy and content, my Prey. I think of you and send a teasing kiss from across the sea coaxing images of fond souveniers ... You Cougar-Pen"
Hi Petey!noim ok just wanted 2 chat coz avent spoken 2 u 4 a long time-hope ur doin alrite.have good nit at js love ya am.x,ham,Hi Petey!noim ok just wanted 2 chat coz avent spoken 2 u 4 a long time-hope ur doin alrite.have good nit at js love ya am.x
"Oh ! A half hour is much longer in Syria than Canada, eh ? Wow you must get SO much more work done in a day than us with all that extra time ! *grins*",ham,"Oh ! A half hour is much longer in Syria than Canada, eh ? Wow you must get SO much more work done in a day than us with all that extra time ! *grins*"
"Wishing you and your family Merry \X\"" mas and HAPPY NEW Year in advance..""",ham,"Wishing you and your family Merry \X\"" mas and HAPPY NEW Year in advance.."""
"7 wonders in My WORLD 7th You 6th Ur style 5th Ur smile 4th Ur Personality 3rd Ur Nature 2nd Ur SMS and 1st \Ur Lovely Friendship\""... good morning dear""",ham,"7 wonders in My WORLD 7th You 6th Ur style 5th Ur smile 4th Ur Personality 3rd Ur Nature 2nd Ur SMS and 1st \Ur Lovely Friendship\""... good morning dear"""
The world's most happiest frnds never have the same characters... Dey just have the best understanding of their differences...,ham,The world's most happiest frnds never have the same characters... Dey just have the best understanding of their differences...
"Its ok., i just askd did u knw tht no?",ham,"Its ok., i just askd did u knw tht no?"
Realy sorry-i don't recognise this number and am now confused :) who r u please?!,ham,Realy sorry-i don't recognise this number and am now confused :) who r u please?!
No got new job at bar in airport on satsgettin 4.47per hour but means no lie in! keep in touch,ham,No got new job at bar in airport on satsgettin 4.47per hour but means no lie in! keep in touch
I'm at home. Please call,ham,I'm at home. Please call
Camera - You are awarded a SiPix Digital Camera! call 09061221066 fromm landline. Delivery within 28 days.,spam,C a m e r a - Y o u are a w a r d ed a Si Pix Di gital C amera! c a l l 09061221066 fromm l a n d l i n e. De livery w i t h i n 28 da ys.
So u wan 2 come for our dinner tonight a not?,ham,So u wan 2 come for our dinner tonight a not?
"Hi. Hope ur day * good! Back from walk, table booked for half eight. Let me know when ur coming over.",ham,"Hi. Hope ur day * good! Back from walk, table booked for half eight. Let me know when ur coming over."
Baaaaabe! I misss youuuuu ! Where are you ? I have to go and teach my class at 5 ...,ham,Baaaaabe! I misss youuuuu ! Where are you ? I have to go and teach my class at 5 ...
Do have a nice day today. I love you so dearly.,ham,Do have a nice day today. I love you so dearly.
Thinkin about someone is all good. No drugs for that,ham,Thinkin about someone is all good. No drugs for that
Babe: U want me dont u baby! Im nasty and have a thing 4 filthyguys. Fancy a rude time with a sexy bitch. How about we go slo n hard! Txt XXX SLO(4msgs),spam,Babe: U w a n t me do nt u baby! Im nasty and h a v e a thing 4 filthyguys. F a n c y a rude t ime w ith a s e x y bitch. How a b o u t we go slo n hard! Txt XXX SLO(4msgs)
Hey come online! Use msn... We are all there,ham,Hey come online! Use msn... We are all there
"Awesome, lemme know whenever you're around",ham,"Awesome, lemme know whenever you're around"
Your B4U voucher w/c 27/03 is MARSMS. Log onto  for discount credit. To opt out reply stop. Customer care call 08717168528,spam,Y o u r B4U v o u c h e r w/c 27/03 is MARSMS. L o g o n t o  for d i s c o u n t cr edit. To o p t o u t r e p l y s t o p. C u s t o m e r care c a l l 08717168528
Arun can u transfr me d amt,ham,Arun can u transfr me d amt
You have WON a guaranteed 1000 cash or a 2000 prize. To claim yr prize call our customer service representative on 08714712412 between 10am-7pm Cost 10p,spam,Y o u h ave WON a g u a r a n t e e d 10 00 c a s h or a 2 000 p rize. To c laim yr pr ize c a l l o u r custom er s e r v i c e represen tative on 08714712412 be tween 10 am-7pm C ost 10p
Okie...,ham,Okie...
But i'm really really broke oh. No amount is too small even &lt;#&gt;,ham,But i'm really really broke oh. No amount is too small even &lt;#&gt;
"Don't worry, * is easy once have ingredients!",ham,"Don't worry, * is easy once have ingredients!"
K. I will sent it again,ham,K. I will sent it again
You have 1 new message. Call 0207-083-6089,spam,Y o u h a v e 1 n e w messa ge. C a l l 0207-083-6089
Ok which your another number,ham,Ok which your another number
Bored housewives! Chat n date now! 0871750.77.11! BT-national rate 10p/min only from landlines!,spam,Bored housewives! C h a t n d a t e n o w! 0871750.77.11! BT-n a t i o n a l ra te 10p/min on ly f rom landlines!
Yesterday its with me only . Now am going home.,ham,Yesterday its with me only . Now am going home.
S...i will take mokka players only:),ham,S...i will take mokka players only:)
HI DARLIN I FINISH AT 3 DO U 1 2 PICK ME UP OR MEET ME? TEXT BACK ON THIS NUMBER LUV KATE XXX,ham,HI DARLIN I FINISH AT 3 DO U 1 2 PICK ME UP OR MEET ME? TEXT BACK ON THIS NUMBER LUV KATE XXX
Very hurting n meaningful lines ever: \I compromised everything for my love,ham,Very hurting n meaningful lines ever: \I compromised everything for my love
i want to grasp your pretty booty :),ham,i want to grasp your pretty booty :)
HARD BUT TRUE: How much you show &amp; express your love to someone....that much it will hurt when they leave you or you get seperated...!_??ud evening...,ham,HARD BUT TRUE: How much you show &amp; express your love to someone....that much it will hurt when they leave you or you get seperated...!_??ud evening...
 dun need to pick ur gf?,ham, dun need to pick ur gf?
"Aight, sounds good. When do you want me to come down?",ham,"Aight, sounds good. When do you want me to come down?"
Ok lor _ reaching then message me.,ham,Ok lor _ reaching then message me.
Hi - this is your Mailbox Messaging SMS alert. You have 4 messages. You have 21 matches. Please call back on 09056242159 to retrieve your messages and matches,spam,Hi - t h i s is yo ur Mailbox Messaging S M S alert. Y o u ha ve 4 m e s s a g e s. Y o u ha ve 21 matc hes. P l e a s e c a l l b ack on 09056242159 to retrieve yo ur m e s s a g e s and ma tches
"says that he's quitting at least5times a day so i wudn't take much notice of that. Nah, she didn't mind. Are you gonna see him again? Do you want to come to taunton tonight? U can tell me all about !",ham,"says that he's quitting at least5times a day so i wudn't take much notice of that. Nah, she didn't mind. Are you gonna see him again? Do you want to come to taunton tonight? U can tell me all about !"
Hi Dear Call me its urgnt. I don't know whats your problem. You don't want to work or if you have any other problem at least tell me. Wating for your reply.,ham,Hi Dear Call me its urgnt. I don't know whats your problem. You don't want to work or if you have any other problem at least tell me. Wating for your reply.
Hope you are not scared!,ham,Hope you are not scared!
"Me, i dont know again oh",ham,"Me, i dont know again oh"
I have to take exam with march 3,ham,I have to take exam with march 3
Then. You are eldest know.,ham,Then. You are eldest know.
U horrible gal... U knew dat i was going out wif him yest n u still come n ask me...,ham,U horrible gal... U knew dat i was going out wif him yest n u still come n ask me...
Okie...,ham,Okie...
Nothing spl..wat abt u and whr ru?,ham,Nothing spl..wat abt u and whr ru?
"Faith makes things possible,Hope makes things work,Love makes things beautiful,May you have all three this Christmas!Merry Christmas!",ham,"Faith makes things possible,Hope makes things work,Love makes things beautiful,May you have all three this Christmas!Merry Christmas!"
S but mostly not like that.,ham,S but mostly not like that.
ELLO BABE U OK?,ham,ELLO BABE U OK?
I could ask carlos if we could get more if anybody else can chip in,ham,I could ask carlos if we could get more if anybody else can chip in
Tell rob to mack his gf in the theater,ham,Tell rob to mack his gf in the theater
We currently have a message awaiting your collection. To collect your message just call 08718723815.,spam,We curr ently h a v e a m e s s a g e awai ting y our c o l l e c t i o n. To c o l l e c t y our m e s s a g e j u s t c a l l 08718723815.
K tell me anything about you.,ham,K tell me anything about you.
Can you plz tell me the ans. BSLVYL sent via fullonsms.com,ham,Can you plz tell me the ans. BSLVYL sent via fullonsms.com
What happened to our yo date?,ham,What happened to our yo date?
"Hello. Sort of out in town already. That . So dont rush home, I am eating nachos. Will let you know eta.",ham,"Hello. Sort of out in town already. That . So dont rush home, I am eating nachos. Will let you know eta."
"Just wondering, the others just took off",ham,"Just wondering, the others just took off"
"Double Mins & 1000 txts on Orange tariffs. Latest Motorola, SonyEricsson & Nokia with Bluetooth FREE! Call MobileUpd8 on 08000839402 or call2optout/HF8",spam,"D o u b l e M i n s & 10 00 t xts on O r a n g e t a r i f f s. Lat est Motor ola, SonyEricsson & N o k i a w i t h Bluetooth FR EE! Ca ll M o b i l e U p d 8 on 08000 839402 or call2optout/HF8"
Oh just getting even with u.... u?,ham,Oh just getting even with u.... u?
"Yeah, I'll leave in a couple minutes &amp; let you know when I get to mu",ham,"Yeah, I'll leave in a couple minutes &amp; let you know when I get to mu"
Dhoni have luck to win some big title.so we will win:),ham,Dhoni have luck to win some big title.so we will win:)
Hello. They are going to the village pub at 8 so either come here or there accordingly. Ok?,ham,Hello. They are going to the village pub at 8 so either come here or there accordingly. Ok?
"As I entered my cabin my PA said, '' Happy B'day Boss !!''. I felt special. She askd me 4 lunch. After lunch she invited me to her apartment. We went there.",ham,"As I entered my cabin my PA said, '' Happy B'day Boss !!''. I felt special. She askd me 4 lunch. After lunch she invited me to her apartment. We went there."
Now that you have started dont stop. Just pray for more good ideas and anything i see that can help you guys i.ll forward you a link.,ham,Now that you have started dont stop. Just pray for more good ideas and anything i see that can help you guys i.ll forward you a link.
"Sorry, I'll call you later. I am in meeting sir.",ham,"Sorry, I'll call you later. I am in meeting sir."
I meant middle left or right?,ham,I meant middle left or right?
Enjoy urself tmr...,ham,Enjoy urself tmr...
"Miss ya, need ya, want ya, love ya.",ham,"Miss ya, need ya, want ya, love ya."
I am in your office na.,ham,I am in your office na.
have * good weekend.,ham,have * good weekend.
She doesnt need any test.,ham,She doesnt need any test.
Urgent! Please call 09061213237 from a landline. 5000 cash or a 4* holiday await collection. T &Cs SAE PO Box 177 M227XY. 16+,spam,Ur gent! P l e a s e ca ll 09061213237 f r o m a l a n d l i n e. 5 0 0 0 c ash or a 4* h oliday aw ait collecti on. T &Cs SAE PO Box 177 M227XY. 16+
S but not able to sleep.,ham,S but not able to sleep.
"URGENT!! Your 4* Costa Del Sol Holiday or 5000 await collection. Call 09050090044 Now toClaim. SAE, TC s, POBox334, Stockport, SK38xh, Cost1.50/pm, Max10mins",spam,"URG ENT!! Y o u r 4* Co sta Del Sol H o l i d a y or 5 0 0 0 awa it colle ction. C a l l 090 50090044 N o w toCla im. SAE, TC s, POB ox334, Stock port, S K 3 8 x h, C ost1.50/pm, Ma x10mins"
"Hey babe, sorry i didn't get sooner. Gary can come and fix it cause he thinks he knows what it is but he doesn't go as far a Ptbo and he says it will cost &lt;#&gt; bucks. I don't know if it might be cheaper to find someone there ? We don't have any second hand machines at all right now, let me know what you want to do babe",ham,"Hey babe, sorry i didn't get sooner. Gary can come and fix it cause he thinks he knows what it is but he doesn't go as far a Ptbo and he says it will cost &lt;#&gt; bucks. I don't know if it might be cheaper to find someone there ? We don't have any second hand machines at all right now, let me know what you want to do babe"
PRIVATE! Your 2003 Account Statement for shows 800 un-redeemed S. I. M. points. Call 08715203652 Identifier Code: 42810 Expires 29/10/0,spam,P R I V A T E! Yo ur 2 003 Ac count S t a t e m e n t for sh ows 800 un-r e d e e m e d S. I. M. poin ts. Ca ll 08715203652 I d e n t i f i e r C o d e: 42810 E x p i r e s 29/10/0
All was well until slightly disastrous class this pm with my fav darlings! Hope day off ok. Coffee wld be good as can't stay late tomorrow. Same time + place as always?,ham,All was well until slightly disastrous class this pm with my fav darlings! Hope day off ok. Coffee wld be good as can't stay late tomorrow. Same time + place as always?
Are you available for soiree on June 3rd?,ham,Are you available for soiree on June 3rd?
"Nope. Since ayo travelled, he has forgotten his guy",ham,"Nope. Since ayo travelled, he has forgotten his guy"
"Hello! Just got here, st andrews-boy its a long way! Its cold. I will keep you posted",ham,"Hello! Just got here, st andrews-boy its a long way! Its cold. I will keep you posted"
Oh. U must have taken your REAL Valentine out shopping first.,ham,Oh. U must have taken your REAL Valentine out shopping first.
Natalja (25/F) is inviting you to be her friend. Reply YES-440 or NO-440 See her:  STOP? Send STOP FRND to 62468,spam,Natalja (25/F) is inviting y o u to be h e r f r i e n d. R e p l y Y E S-440 or NO-440 S e e h e r:  S T O P? S e n d ST OP FRND to 62468
But i haf enuff space got like 4 mb...,ham,But i haf enuff space got like 4 mb...
I have printed it oh. So &lt;#&gt; come upstairs,ham,I have printed it oh. So &lt;#&gt; come upstairs
I know a few people I can hit up and fuck to the yes,ham,I know a few people I can hit up and fuck to the yes
What's the significance?,ham,What's the significance?
Its ok..come to my home it vl nice to meet and v can chat..,ham,Its ok..come to my home it vl nice to meet and v can chat..
Did u download the fring app?,ham,Did u download the fring app?
Urgent! Please call 09061213237 from landline. 5000 cash or a luxury 4* Canary Islands Holiday await collection. T&Cs SAE PO Box 177. M227XY. 150ppm. 16+,spam,U r g e n t! P l e a s e c a l l 09061213237 f rom l a n d l i n e. 5 000 c ash or a luxury 4* Canary Islands H o l i d a y a w a i t coll ection. T&Cs SAE PO Box 177. M227XY. 1 5 0 p p m. 16+
Thats cool. Where should i cum? On you or in you? :),ham,Thats cool. Where should i cum? On you or in you? :)
I wish things were different. I wonder when i will be able to show you how much i value you. Pls continue the brisk walks no drugs without askin me please and find things to laugh about. I love you dearly.,ham,I wish things were different. I wonder when i will be able to show you how much i value you. Pls continue the brisk walks no drugs without askin me please and find things to laugh about. I love you dearly.
Hope you are feeling great. Pls fill me in. Abiola,ham,Hope you are feeling great. Pls fill me in. Abiola
Then u drive lor.,ham,Then u drive lor.
Did u receive my msg?,ham,Did u receive my msg?
How much she payed. Suganya.,ham,How much she payed. Suganya.
"Sorry sir, i will call you tomorrow. senthil.hsbc",ham,"Sorry sir, i will call you tomorrow. senthil.hsbc"
"Good afternoon sunshine! How dawns that day ? Are we refreshed and happy to be alive? Do we breathe in the air and smile ? I think of you, my love ... As always",ham,"Good afternoon sunshine! How dawns that day ? Are we refreshed and happy to be alive? Do we breathe in the air and smile ? I think of you, my love ... As always"
After completed degree. There is no use in joining finance.,ham,After completed degree. There is no use in joining finance.
FREE UNLIMITED HARDCORE PORN direct 2 your mobile Txt PORN to 69200 & get FREE access for 24 hrs then chrgd@50p per day txt Stop 2exit. This msg is free,spam,F REE UNLIMI TED HARDCORE PORN dir ect 2 yo ur m o b i l e Txt PORN to 69200 & g e t F R E E a ccess for 24 hrs t h e n chrgd@50p p e r day txt S t o p 2exit. T his msg is fr ee
Me sef dey laugh you. Meanwhile how's my darling anjie!,ham,Me sef dey laugh you. Meanwhile how's my darling anjie!
Good morning princess! Have a great day!,ham,Good morning princess! Have a great day!
"Nah it's straight, if you can just bring bud or drinks or something that's actually a little more useful than straight cash",ham,"Nah it's straight, if you can just bring bud or drinks or something that's actually a little more useful than straight cash"
2 and half years i missed your friendship:-),ham,2 and half years i missed your friendship:-)
PRIVATE! Your 2004 Account Statement for 07742676969 shows 786 unredeemed Bonus Points. To claim call 08719180248 Identifier Code: 45239 Expires,spam,P R I V A T E! Y o u r 2 004 A ccount Sta tement for 07742676969 s hows 786 unredeemed B onus Poi nts. To c l a i m c a l l 08719180248 I d e n t i f i e r Co de: 45239 E x p i r e s
Hey next sun 1030 there's a basic yoga course... at bugis... We can go for that... Pilates intro next sat.... Tell me what time you r free,ham,Hey next sun 1030 there's a basic yoga course... at bugis... We can go for that... Pilates intro next sat.... Tell me what time you r free
I donno if they are scorable,ham,I donno if they are scorable
"Rose needs water, season needs change, poet needs imagination..My phone needs ur sms and i need ur lovely frndship forever....",ham,"Rose needs water, season needs change, poet needs imagination..My phone needs ur sms and i need ur lovely frndship forever...."
"Dad wanted to talk about the apartment so I got a late start, omw now",ham,"Dad wanted to talk about the apartment so I got a late start, omw now"
"We spend our days waiting for the ideal path to appear in front of us.. But what we forget is.. \paths are made by walking.. not by waiting..\"" Goodnight!""",ham,"We spend our days waiting for the ideal path to appear in front of us.. But what we forget is.. \paths are made by walking.. not by waiting..\"" Goodnight!"""
When should I come over?,ham,When should I come over?
What type of stuff do you sing?,ham,What type of stuff do you sing?
Why did I wake up on my own &gt;:(,ham,Why did I wake up on my own &gt;:(
U dun say so early hor... U c already then say...,ham,U dun say so early hor... U c already then say...
Ok... U enjoy ur shows...,ham,Ok... U enjoy ur shows...
I'm really not up to it still tonight babe,ham,I'm really not up to it still tonight babe
No shoot me. I'm in the docs waiting room. :/,ham,No shoot me. I'm in the docs waiting room. :/
"Pity, * was in mood for that. So...any other suggestions?",ham,"Pity, * was in mood for that. So...any other suggestions?"
Want the latest Video handset? 750 anytime any network mins? Half price line rental? Reply or call 08000930705 for delivery tomorrow,spam,W a n t the l a t e s t V i d e o h a n d s e t? 750 an ytime any n e t w o r k m i n s? H a l f p r i c e li ne re ntal? R e p l y or c a l l 0 8 0 0 0 9 3 0 7 0 5 for d elivery tomorrow
Yup i'm elaborating on the safety aspects and some other issues..,ham,Yup i'm elaborating on the safety aspects and some other issues..
Anyway i'm going shopping on my own now. Cos my sis not done yet. Dun disturb u liao.,ham,Anyway i'm going shopping on my own now. Cos my sis not done yet. Dun disturb u liao.
"\Pete can you please ring meive hardly gotany credit\""""",ham,"\Pete can you please ring meive hardly gotany credit\"""""
I want to tell you how bad I feel that basically the only times I text you lately are when I need drugs,ham,I want to tell you how bad I feel that basically the only times I text you lately are when I need drugs
Yeah you should. I think you can use your gt atm now to register. Not sure but if there's anyway i can help let me know. But when you do be sure you are ready.,ham,Yeah you should. I think you can use your gt atm now to register. Not sure but if there's anyway i can help let me know. But when you do be sure you are ready.
No calls..messages..missed calls,ham,No calls..messages..missed calls
In meeting da. I will call you,ham,In meeting da. I will call you
Can u get pic msgs to your phone?,ham,Can u get pic msgs to your phone?
Oooh bed ridden ey? What are YOU thinking of?,ham,Oooh bed ridden ey? What are YOU thinking of?
You in your room? I need a few,ham,You in your room? I need a few
Hiya. How was last night? I've been naughty and bought myself clothes and very little ... Ready for more shopping tho! What kind of time do you wanna meet?,ham,Hiya. How was last night? I've been naughty and bought myself clothes and very little ... Ready for more shopping tho! What kind of time do you wanna meet?
"I get out of class in bsn in like &lt;#&gt; minutes, you know where advising is?",ham,"I get out of class in bsn in like &lt;#&gt; minutes, you know where advising is?"
Ofcourse I also upload some songs,ham,Ofcourse I also upload some songs
Thats cool! Sometimes slow and gentle. Sonetimes rough and hard :),ham,Thats cool! Sometimes slow and gentle. Sonetimes rough and hard :)
Nope thats fine. I might have a nap tho!,ham,Nope thats fine. I might have a nap tho!
"This is the 2nd time we have tried 2 contact u. U have won the 750 Pound prize. 2 claim is easy, call 08712101358 NOW! Only 10p per min. BT-national-rate",spam,"T h i s is the 2nd ti me we h a v e t r i e d 2 c o n t a c t u. U h ave won the 750 P o u n d pri ze. 2 c l a i m is e a s y, c a l l 08712101358 N O W! O nly 10p p e r min. BT-nat ional-r ate"
You have WON a guaranteed 1000 cash or a 2000 prize. To claim yr prize call our customer service representative on 08714712394 between 10am-7pm,spam,Y o u h ave WON a g uaranteed 10 00 c ash or a 20 00 p rize. To c l a i m yr pr ize c a l l o u r c u s t o m e r ser vice r e p r e s e n t a t i v e on 08714712394 b e t w e e n 1 0am-7pm
Ok. I.ll do you right later.,ham,Ok. I.ll do you right later.
Haha... Yup hopefully we will lose a few kg by mon. after hip hop can go orchard and weigh again,ham,Haha... Yup hopefully we will lose a few kg by mon. after hip hop can go orchard and weigh again
So how many days since then?,ham,So how many days since then?
Well. Im computerless. Time to make some oreo truffles,ham,Well. Im computerless. Time to make some oreo truffles
Lmao but its so fun...,ham,Lmao but its so fun...
Sry da..jst nw only i came to home..,ham,Sry da..jst nw only i came to home..
"Your account has been credited with 500 FREE Text Messages. To activate, just txt the word: CREDIT to No: 80488 T&Cs ",spam,"Yo ur acco unt has b e e n credited w i t h 500 F REE Te xt M e s s a g e s. To activate, ju st txt the w o r d: C R E D I T to No: 80488 T&Cs "
"K, my roommate also wants a dubsack and another friend may also want some so plan on bringing extra, I'll tell you when they know for sure",ham,"K, my roommate also wants a dubsack and another friend may also want some so plan on bringing extra, I'll tell you when they know for sure"
Nothing will ever be easy. But don't be looking for a reason not to take a risk on life and love,ham,Nothing will ever be easy. But don't be looking for a reason not to take a risk on life and love
"A boy was late 2 home. His father: \POWER OF FRNDSHIP\""""",ham,"A boy was late 2 home. His father: \POWER OF FRNDSHIP\"""""
Bored housewives! Chat n date now! 0871750.77.11! BT-national rate 10p/min only from landlines!,spam,Bored housewives! Ch at n d a t e n o w! 0871750.77.11! BT-n a t i o n a l r a t e 10p/min o n l y f r o m landlines!
"Congrats! 2 mobile 3G Videophones R yours. call 09063458130 now! videochat wid your mates, play java games, Dload polyPH music, noline rentl.",spam,"C o n g r a t s! 2 m o b i l e 3G Videophones R y o u r s. c a l l 09063458130 n o w! videochat wid y o u r m ates, p lay java g a m e s, Dload polyPH m u s i c, noline rentl."
Where's my boytoy? I miss you ... What happened?,ham,Where's my boytoy? I miss you ... What happened?
"hey, looks like I was wrong and one of the kappa guys numbers is still on my phone, if you want I can text him and see if he's around",ham,"hey, looks like I was wrong and one of the kappa guys numbers is still on my phone, if you want I can text him and see if he's around"
Siva is in hostel aha:-.,ham,Siva is in hostel aha:-.
\Keep ur problems in ur heart,ham,\Keep ur problems in ur heart
"Its ok chikku, and its my 1 of favourite song..:-)",ham,"Its ok chikku, and its my 1 of favourite song..:-)"
"My Parents, My Kidz, My Friends n My Colleagues. All screaming.. SURPRISE !! and I was waiting on the sofa.. ... ..... ' NAKED...!",ham,"My Parents, My Kidz, My Friends n My Colleagues. All screaming.. SURPRISE !! and I was waiting on the sofa.. ... ..... ' NAKED...!"
Excellent! Wish we were together right now!,ham,Excellent! Wish we were together right now!
Cool. I am &lt;#&gt; inches long. hope you like them big!,ham,Cool. I am &lt;#&gt; inches long. hope you like them big!
Just finished. Missing you plenty,ham,Just finished. Missing you plenty
Hmm thinking lor...,ham,Hmm thinking lor...
We live in the next &lt;#&gt; mins,ham,We live in the next &lt;#&gt; mins
Correct. So how was work today,ham,Correct. So how was work today
"Piggy, r u awake? I bet u're still sleeping. I'm going 4 lunch now...",ham,"Piggy, r u awake? I bet u're still sleeping. I'm going 4 lunch now..."
My house here e sky quite dark liao... If raining then got excuse not 2 run already rite... Hee...,ham,My house here e sky quite dark liao... If raining then got excuse not 2 run already rite... Hee...
Headin towards busetop,ham,Headin towards busetop
Aiyo u so poor thing... Then u dun wan 2 eat? U bathe already?,ham,Aiyo u so poor thing... Then u dun wan 2 eat? U bathe already?
Which is weird because I know I had it at one point,ham,Which is weird because I know I had it at one point
Si si. I think ill go make those oreo truffles.,ham,Si si. I think ill go make those oreo truffles.
What about this one then.,ham,What about this one then.
I wont do anything de.,ham,I wont do anything de.
Lol no ouch but wish i'd stayed out a bit longer,ham,Lol no ouch but wish i'd stayed out a bit longer
"not that I know of, most people up here are still out of town",ham,"not that I know of, most people up here are still out of town"
Raji..pls do me a favour. Pls convey my Birthday wishes to Nimya. Pls. Today is her birthday.,ham,Raji..pls do me a favour. Pls convey my Birthday wishes to Nimya. Pls. Today is her birthday.
"I'm in a meeting, call me later at",ham,"I'm in a meeting, call me later at"
Cheers for the message Zogtorius. Ive been staring at my phone for an age deciding whether to text or not.,ham,Cheers for the message Zogtorius. Ive been staring at my phone for an age deciding whether to text or not.
Lol yes. But it will add some spice to your day.,ham,Lol yes. But it will add some spice to your day.
There's someone here that has a year &lt;#&gt; toyota camry like mr olayiwola's own. Mileage is &lt;#&gt; k.its clean but i need to know how much will it sell for. If i can raise the dough for it how soon after landing will it sell. Holla back.,ham,There's someone here that has a year &lt;#&gt; toyota camry like mr olayiwola's own. Mileage is &lt;#&gt; k.its clean but i need to know how much will it sell for. If i can raise the dough for it how soon after landing will it sell. Holla back.
S:)no competition for him.,ham,S:)no competition for him.
"aight we can pick some up, you open before tonight?",ham,"aight we can pick some up, you open before tonight?"
Dear we are going to our rubber place,ham,Dear we are going to our rubber place
I will see in half an hour,ham,I will see in half an hour
Sent me ur email id soon,ham,Sent me ur email id soon
Natalja (25/F) is inviting you to be her friend. Reply YES-440 or NO-440 See her:  STOP? Send STOP FRND to 62468,spam,Natalja (25/F) is inviting y o u to be h e r fr iend. R e p l y Y E S-440 or NO-440 S e e h e r:  S T O P? S e n d S T O P FRND to 62468
:-( sad puppy noise,ham,:-( sad puppy noise
"said kiss, kiss, i can't do the sound effects! He is a gorgeous man isn't he! Kind of person who needs a smile to brighten his day!",ham,"said kiss, kiss, i can't do the sound effects! He is a gorgeous man isn't he! Kind of person who needs a smile to brighten his day!"
"Do 1 thing! Change that sentence into: \Because i want 2 concentrate in my educational career im leaving here..\""""",ham,"Do 1 thing! Change that sentence into: \Because i want 2 concentrate in my educational career im leaving here..\"""""
Hey... What time is your driving on fri? We go for evaluation on fri?,ham,Hey... What time is your driving on fri? We go for evaluation on fri?
Cos darren say _ considering mah so i ask _...,ham,Cos darren say _ considering mah so i ask _...
And also I've sorta blown him off a couple times recently so id rather not text him out of the blue looking for weed,ham,And also I've sorta blown him off a couple times recently so id rather not text him out of the blue looking for weed
I wud never mind if u dont miss me or if u dont need me.. But u wil really hurt me wen u need me &amp; u dont tell me......... Take care:-),ham,I wud never mind if u dont miss me or if u dont need me.. But u wil really hurt me wen u need me &amp; u dont tell me......... Take care:-)
Camera - You are awarded a SiPix Digital Camera! call 09061221066 fromm landline. Delivery within 28 days.,spam,C a m era - Y o u are a w a r d e d a S iPix D i g i t a l C amera! ca ll 09061221066 fromm l a n d l i n e. D e l i v e r y w ithin 28 da ys.
"So you think i should actually talk to him? Not call his boss in the morning? I went to this place last year and he told me where i could go and get my car fixed cheaper. He kept telling me today how much he hoped i would come back in, how he always regretted not getting my number, etc.",ham,"So you think i should actually talk to him? Not call his boss in the morning? I went to this place last year and he told me where i could go and get my car fixed cheaper. He kept telling me today how much he hoped i would come back in, how he always regretted not getting my number, etc."
Where you. What happen,ham,Where you. What happen
Nt joking seriously i told,ham,Nt joking seriously i told
Yup ok...,ham,Yup ok...
Wat r u doing now?,ham,Wat r u doing now?
No message..no responce..what happend?,ham,No message..no responce..what happend?
"Hottest pics straight to your phone!! See me getting Wet and Wanting, just for you xx Text PICS to 89555 now! txt costs 150p textoperator g696ga 18 XxX",spam,"Hottest p i c s straight to y our p h o n e!! S e e me getting Wet and Wanting, ju st for y o u xx T e x t P I C S to 89555 n o w! txt costs 15 0p textoperator g696ga 18 XxX"
"Hmmm.... Mayb can try e shoppin area one, but forgot e name of hotel...",ham,"Hmmm.... Mayb can try e shoppin area one, but forgot e name of hotel..."
Nope. I just forgot. Will show next week,ham,Nope. I just forgot. Will show next week
I'm sick !! I'm needy !! I want you !! *pouts* *stomps feet* Where are you ?! *pouts* *stomps feet* I want my slave !! I want him now !!,ham,I'm sick !! I'm needy !! I want you !! *pouts* *stomps feet* Where are you ?! *pouts* *stomps feet* I want my slave !! I want him now !!
No I'm in the same boat. Still here at my moms. Check me out on yo. I'm half naked.,ham,No I'm in the same boat. Still here at my moms. Check me out on yo. I'm half naked.
"Sir, i am waiting for your call, once free please call me.",ham,"Sir, i am waiting for your call, once free please call me."
Then mum's repent how?,ham,Then mum's repent how?
"Babe ! How goes that day ? What are you doing ? Where are you ? I sip my cappuccino and think of you, my love ... I send a kiss to you from across the sea",ham,"Babe ! How goes that day ? What are you doing ? Where are you ? I sip my cappuccino and think of you, my love ... I send a kiss to you from across the sea"
I notice you like looking in the shit mirror youre turning into a right freak,ham,I notice you like looking in the shit mirror youre turning into a right freak
Hmmm.but you should give it on one day..,ham,Hmmm.but you should give it on one day..
Thanx 4 2day! U r a goodmate I THINK UR RITE SARY! ASUSUAL!1 U CHEERED ME UP! LOVE U FRANYxxxxx,ham,Thanx 4 2day! U r a goodmate I THINK UR RITE SARY! ASUSUAL!1 U CHEERED ME UP! LOVE U FRANYxxxxx
We have pizza if u want,ham,We have pizza if u want
"\GRAN ONLYFOUND OUT AFEW DAYS AGO.CUSOON HONI\""""",ham,"\GRAN ONLYFOUND OUT AFEW DAYS AGO.CUSOON HONI\"""""
"Bored of speed dating? Try SPEEDCHAT, txt SPEEDCHAT to 80155, if you don't like em txt SWAP and get a new chatter! Chat80155 POBox36504W45WQ 150p/msg rcd 16",spam,"Bored of speed da ting? T r y SPEEDCHAT, txt SPEEDCHAT to 80155, if y o u don't l i k e em txt SWAP and g e t a n e w chatter! Chat80155 POBox36504W45WQ 1 5 0 p/msg rcd 16"
And do you have any one that can teach me how to ship cars.,ham,And do you have any one that can teach me how to ship cars.
I asked sen to come chennai and search for job.,ham,I asked sen to come chennai and search for job.
I am on the way to ur home,ham,I am on the way to ur home
"If you don't, your prize will go to another customer. T&C at  18+ 150p/min Polo Ltd Suite 373 London W1J 6HL Please call back if busy",spam,"If y o u don't, y o u r p rize wi ll go to another cus tomer. T&C at  18+ 1 5 0 p/min Polo Ltd Suite 373 London W1J 6HL Plea se ca ll ba ck if busy"
I absolutely LOVE South Park! I only recently started watching the office.,ham,I absolutely LOVE South Park! I only recently started watching the office.
Yeah I imagine he would be really gentle. Unlike the other docs who treat their patients like turkeys.,ham,Yeah I imagine he would be really gentle. Unlike the other docs who treat their patients like turkeys.
Oh k. . I will come tomorrow,ham,Oh k. . I will come tomorrow
What happen dear. Why you silent. I am tensed,ham,What happen dear. Why you silent. I am tensed
Am surfing online store. For offers do you want to buy any thing.,ham,Am surfing online store. For offers do you want to buy any thing.
"Haven't seen my facebook, huh? Lol!",ham,"Haven't seen my facebook, huh? Lol!"
"'An Amazing Quote'' - \Sometimes in life its difficult to decide whats wrong!! a lie that brings a smile or the truth that brings a tear....\""""",ham,"'An Amazing Quote'' - \Sometimes in life its difficult to decide whats wrong!! a lie that brings a smile or the truth that brings a tear....\"""""
This is hoping you enjoyed your game yesterday. Sorry i've not been in touch but pls know that you are fondly bein thot off. Have a great week. Abiola,ham,This is hoping you enjoyed your game yesterday. Sorry i've not been in touch but pls know that you are fondly bein thot off. Have a great week. Abiola
Cuz ibored. And don wanna study,ham,Cuz ibored. And don wanna study
Got it..mail panren paru..,ham,Got it..mail panren paru..
"Hi, can i please get a &lt;#&gt; dollar loan from you. I.ll pay you back by mid february. Pls.",ham,"Hi, can i please get a &lt;#&gt; dollar loan from you. I.ll pay you back by mid february. Pls."
IM REALY SOZ IMAT MY MUMS 2NITE WHAT ABOUT 2MORO,ham,IM REALY SOZ IMAT MY MUMS 2NITE WHAT ABOUT 2MORO
Looks like u wil b getting a headstart im leaving here bout 2.30ish but if u r desperate for my company I could head in earlier-we were goin to meet in rummer.,ham,Looks like u wil b getting a headstart im leaving here bout 2.30ish but if u r desperate for my company I could head in earlier-we were goin to meet in rummer.
"Ugh y can't u just apologize, admit u were wrong and ask me to take u back?",ham,"Ugh y can't u just apologize, admit u were wrong and ask me to take u back?"
 predict wat time _'ll finish buying?,ham, predict wat time _'ll finish buying?
May i call You later Pls,ham,May i call You later Pls
I will lick up every drop :) are you ready to use your mouth as well?,ham,I will lick up every drop :) are you ready to use your mouth as well?
Yup it's at paragon... I havent decided whether 2 cut yet... Hee...,ham,Yup it's at paragon... I havent decided whether 2 cut yet... Hee...
"Congrats! 2 mobile 3G Videophones R yours. call 09061744553 now! videochat wid ur mates, play java games, Dload polyH music, noline rentl. bx420. ip4. 5we. 150pm",spam,"Congra ts! 2 mo bile 3G Videophones R you rs. ca ll 09061744553 n o w! videochat wid ur mat es, pl ay java g a m e s, Dload polyH mu sic, noline rentl. bx4 20. ip4. 5we. 150pm"
"Dear Voucher Holder, 2 claim this weeks offer, at your PC go to  Ts&Cs apply.2 stop texts txt STOP to 80062.",spam,"De ar V o u c h e r H o l d e r, 2 c l a i m th is w e e k s off er, at y o u r PC go to  Ts&Cs a p p ly.2 s t o p tex ts txt S T O P to 800 62."
"WELL DONE! Your 4* Costa Del Sol Holiday or 5000 await collection. Call 09050090044 Now toClaim. SAE, TCs, POBox334, Stockport, SK38xh, Cost1.50/pm, Max10mins",spam,"WELL DONE! Y o u r 4* C osta Del Sol H o l i d a y or 50 00 a w a i t coll ection. C a l l 09050 090044 N o w t o C l a i m. SAE, TCs, P O B o x 3 3 4, Sto ckport, SK38 xh, C o s t 1.50/pm, Ma x10mins"
Ok cool. See ya then.,ham,Ok cool. See ya then.
THANX 4 PUTTIN DA FONE DOWN ON ME!!,ham,THANX 4 PUTTIN DA FONE DOWN ON ME!!
"Its 6 to get in, is that ok?",ham,"Its 6 to get in, is that ok?"
&lt;#&gt; in mca. But not conform.,ham,&lt;#&gt; in mca. But not conform.
What u mean u almost done? Done wif sleeping? But i tot u going to take a nap.. Yup i send her liao so i'm picking her up at ard 4 smth lor..,ham,What u mean u almost done? Done wif sleeping? But i tot u going to take a nap.. Yup i send her liao so i'm picking her up at ard 4 smth lor..
"I've got &lt;#&gt; , any way I could pick up?",ham,"I've got &lt;#&gt; , any way I could pick up?"
Ambrith..madurai..met u in arun dha marrge..remembr?,ham,Ambrith..madurai..met u in arun dha marrge..remembr?
"Well done, blimey, exercise, yeah, i kinda remember wot that is, hmm.",ham,"Well done, blimey, exercise, yeah, i kinda remember wot that is, hmm."
"Did you hear about the new \Divorce Barbie\""? It comes with all of Ken's stuff!""",spam,"Did y o u hear a bout the n e w \Divorce Barbie\""? It comes w i t h a l l of Ken's stuff!"""
You have registered Sinco as Payee. Log in at icicibank.com and enter URN &lt;#&gt; to confirm. Beware of frauds. Do NOT share or disclose URN to anyone.,ham,You have registered Sinco as Payee. Log in at icicibank.com and enter URN &lt;#&gt; to confirm. Beware of frauds. Do NOT share or disclose URN to anyone.
I cant pick the phone right now. Pls send a message,ham,I cant pick the phone right now. Pls send a message
K..then come wenever u lik to come and also tel vikky to come by getting free time..:-),ham,K..then come wenever u lik to come and also tel vikky to come by getting free time..:-)
"Frnd s not juz a word.....not merely a relationship.....its a silent promise which says ... \ I will be with YOU \"" Wherevr.. Whenevr.. Forevr... Gudnyt dear..""",ham,"Frnd s not juz a word.....not merely a relationship.....its a silent promise which says ... \ I will be with YOU \"" Wherevr.. Whenevr.. Forevr... Gudnyt dear.."""
Anything lor is she coming?,ham,Anything lor is she coming?
I got a call from a landline number. . . I am asked to come to anna nagar . . . I will go in the afternoon,ham,I got a call from a landline number. . . I am asked to come to anna nagar . . . I will go in the afternoon
Hey you around? I've got enough for a half + the ten I owe you,ham,Hey you around? I've got enough for a half + the ten I owe you
Pls call me da. What happen.,ham,Pls call me da. What happen.
Not heard from U4 a while. Call 4 rude chat private line 01223585334 to cum. Wan 2C pics of me gettin shagged then text PIX to 8552. 2End send STOP 8552 SAM xxx,spam,Not heard fr om U4 a while. C a l l 4 rude c h a t p r i v a t e l i n e 01223585334 to cum. Wan 2C p i c s of me gettin shagged t h e n t e x t PIX to 8552. 2End se nd S T O P 8552 SAM xxx
"By the way, 'rencontre' is to meet again. Mountains dont....",ham,"By the way, 'rencontre' is to meet again. Mountains dont...."
No. Yes please. Been swimming?,ham,No. Yes please. Been swimming?
"Dear Voucher Holder, To claim this weeks offer, at you PC please go to  Ts&Cs apply. To stop texts, txt STOP to 80062",spam,"D e a r Vouc her H o l d e r, To cla im th is w e e k s o f f e r, at y o u PC p l e a s e go to  Ts&Cs a p p ly. To s t o p t e x t s, txt ST OP to 80 062"
I am not having her number sir,ham,I am not having her number sir
Mmmm ... Fuck ... Not fair ! You know my weaknesses ! *grins* *pushes you to your knee's* *exposes my belly and pulls your head to it* Don't forget ... I know yours too *wicked smile*,ham,Mmmm ... Fuck ... Not fair ! You know my weaknesses ! *grins* *pushes you to your knee's* *exposes my belly and pulls your head to it* Don't forget ... I know yours too *wicked smile*
You have an important customer service announcement. Call FREEPHONE 0800 542 0825 now!,spam,Y o u ha ve an i mportant cu stomer serv ice announcement. C a l l F R E E P H O N E 08 00 542 0825 n o w!
Me too baby! I promise to treat you well! I bet you will take good care of me...,ham,Me too baby! I promise to treat you well! I bet you will take good care of me...
You should know now. So how's anthony. Are you bringing money. I've school fees to pay and rent and stuff like that. Thats why i need your help. A friend in need....|,ham,You should know now. So how's anthony. Are you bringing money. I've school fees to pay and rent and stuff like that. Thats why i need your help. A friend in need....|
Sounds great! Are you home now?,ham,Sounds great! Are you home now?
Sindu got job in birla soft ..,ham,Sindu got job in birla soft ..
"And that is the problem. You walk around in \julianaland\"" oblivious to what is going on around you. I say the same things constantly and they go in one ear and out the other while you go off doing whatever you want to do. It's not that you don't know why I'm upset--it's that you don't listen when i tell you WHAT is going to upset me. Then you want to be surprised when I'm mad.""",ham,"And that is the problem. You walk around in \julianaland\"" oblivious to what is going on around you. I say the same things constantly and they go in one ear and out the other while you go off doing whatever you want to do. It's not that you don't know why I'm upset--it's that you don't listen when i tell you WHAT is going to upset me. Then you want to be surprised when I'm mad."""
Buy Space Invaders 4 a chance 2 win orig Arcade Game console. Press 0 for Games Arcade (std WAP charge) See o2.co.uk/games 4 Terms + settings. No purchase,spam,B u y Space Invaders 4 a c h a n c e 2 w i n orig Arcade Game console. Press 0 for Gam es Arcade (std WAP charge) S e e o2.co.uk/g a m e s 4 Ter ms + settings. No purchase
Any chance you might have had with me evaporated as soon as you violated my privacy by stealing my phone number from your employer's paperwork. Not cool at all. Please do not contact me again or I will report you to your supervisor.,ham,Any chance you might have had with me evaporated as soon as you violated my privacy by stealing my phone number from your employer's paperwork. Not cool at all. Please do not contact me again or I will report you to your supervisor.
My tuition is at 330. Hm we go for the 1120 to 1205 one? Do you mind?,ham,My tuition is at 330. Hm we go for the 1120 to 1205 one? Do you mind?
Sorry i've not gone to that place. I.ll do so tomorrow. Really sorry.,ham,Sorry i've not gone to that place. I.ll do so tomorrow. Really sorry.
I'm wif him now buying tix lar...,ham,I'm wif him now buying tix lar...
I'll probably be around mu a lot,ham,I'll probably be around mu a lot
I havent add _ yet right..,ham,I havent add _ yet right..
Eat jap done oso aft ur lect wat...  got lect at 12 rite...,ham,Eat jap done oso aft ur lect wat...  got lect at 12 rite...
Usually the person is unconscious that's in children but in adults they may just behave abnormally. I.ll call you now,ham,Usually the person is unconscious that's in children but in adults they may just behave abnormally. I.ll call you now
U wan 2 haf lunch i'm in da canteen now.,ham,U wan 2 haf lunch i'm in da canteen now.
I've reached home finally...,ham,I've reached home finally...
The greatest test of courage on earth is to bear defeat without losing heart....gn tc,ham,The greatest test of courage on earth is to bear defeat without losing heart....gn tc
Everybody had fun this evening. Miss you.,ham,Everybody had fun this evening. Miss you.
It does it on its own. Most of the time it fixes my spelling. But sometimes it gets a completely diff word. Go figure,ham,It does it on its own. Most of the time it fixes my spelling. But sometimes it gets a completely diff word. Go figure
Oh ok wait 4 me there... My lect havent finish,ham,Oh ok wait 4 me there... My lect havent finish
"\Are you comingdown later?\""""",ham,"\Are you comingdown later?\"""""
Now am free call me pa.,ham,Now am free call me pa.
"Erm... Woodland avenue somewhere. Do you get the parish magazine, his telephone number will be in there.",ham,"Erm... Woodland avenue somewhere. Do you get the parish magazine, his telephone number will be in there."
I got your back! Do you have any dislikes in bed?,ham,I got your back! Do you have any dislikes in bed?
No need to say anything to me. I know i am an outsider,ham,No need to say anything to me. I know i am an outsider
That would be great. We'll be at the Guild. Could meet on Bristol road or somewhere - will get in touch over weekend. Our plans take flight! Have a good week,ham,That would be great. We'll be at the Guild. Could meet on Bristol road or somewhere - will get in touch over weekend. Our plans take flight! Have a good week
"I thought i'd get him a watch, just cos thats the kind of thing u get4an18th. And he loves so much!",ham,"I thought i'd get him a watch, just cos thats the kind of thing u get4an18th. And he loves so much!"
"Evening * v good if somewhat event laden. Will fill you in, don't you worry _ Head * ok but throat * wrecked. See you at six then!",ham,"Evening * v good if somewhat event laden. Will fill you in, don't you worry _ Head * ok but throat * wrecked. See you at six then!"
See the forwarding message for proof,ham,See the forwarding message for proof
Cos i want it to be your thing,ham,Cos i want it to be your thing
Happy new year to u too!,ham,Happy new year to u too!
Do u ever get a song stuck in your head for no reason and it won't go away til u listen to it like 5 times?,ham,Do u ever get a song stuck in your head for no reason and it won't go away til u listen to it like 5 times?
I dont understand your message.,ham,I dont understand your message.
I went to project centre,ham,I went to project centre
I'm really sorry i won't b able 2 do this friday.hope u can find an alternative.hope yr term's going ok:-),ham,I'm really sorry i won't b able 2 do this friday.hope u can find an alternative.hope yr term's going ok:-)
Idk. I'm sitting here in a stop and shop parking lot right now bawling my eyes out because i feel like i'm a failure in everything. Nobody wants me and now i feel like i'm failing you.,ham,Idk. I'm sitting here in a stop and shop parking lot right now bawling my eyes out because i feel like i'm a failure in everything. Nobody wants me and now i feel like i'm failing you.
will you like to be spoiled? :),ham,will you like to be spoiled? :)
Why you keeping me away like this,ham,Why you keeping me away like this
"Why is that, princess? I bet the brothas are all chasing you!",ham,"Why is that, princess? I bet the brothas are all chasing you!"
Done it but internet connection v slow and cant send it. Will try again later or first thing tomo.,ham,Done it but internet connection v slow and cant send it. Will try again later or first thing tomo.
He is a womdarfull actor,ham,He is a womdarfull actor
SplashMobile: Choose from 1000s of gr8 tones each wk! This is a subscrition service with weekly tones costing 300p. U have one credit - kick back and ENJOY,spam,SplashMobile: Choo se f rom 1000s of gr8 t ones each wk! T h i s is a subscrition s e r v i c e wi th we ekly t o n e s costing 300p. U h a v e one c r e d i t - kick b ack and ENJ OY
"He has lots of used ones babe, but the model doesn't help. Youi have to bring it over and he'll match it up",ham,"He has lots of used ones babe, but the model doesn't help. Youi have to bring it over and he'll match it up"
Love it! Daddy will make you scream with pleasure! I am going to slap your ass with my dick!,ham,Love it! Daddy will make you scream with pleasure! I am going to slap your ass with my dick!
they released another Italian one today and it has a cosign option,ham,they released another Italian one today and it has a cosign option
If u sending her home first it's ok lor. I'm not ready yet.,ham,If u sending her home first it's ok lor. I'm not ready yet.
Today my system sh get ready.all is well and i am also in the deep well,ham,Today my system sh get ready.all is well and i am also in the deep well
Oh did you charge camera,ham,Oh did you charge camera
Jay says that you're a double-faggot,ham,Jay says that you're a double-faggot
i see. When we finish we have loads of loans to pay,ham,i see. When we finish we have loads of loans to pay
Every monday..nxt week vl be completing..,ham,Every monday..nxt week vl be completing..
Ok i go change also...,ham,Ok i go change also...
You do what all you like,ham,You do what all you like
"As usual..iam fine, happy &amp; doing well..:)",ham,"As usual..iam fine, happy &amp; doing well..:)"
Are you going to wipro interview today?,ham,Are you going to wipro interview today?
Wat would u like 4 ur birthday?,ham,Wat would u like 4 ur birthday?
You tell what happen dont behave like this to me. Ok no need to say,ham,You tell what happen dont behave like this to me. Ok no need to say
In da car park,ham,In da car park
"Nimbomsons. Yep phone knows that one. Obviously, cos thats a real word",ham,"Nimbomsons. Yep phone knows that one. Obviously, cos thats a real word"
I like to think there's always the possibility of being in a pub later.,ham,I like to think there's always the possibility of being in a pub later.
Have you been practising your curtsey?,ham,Have you been practising your curtsey?
Money i have won wining number 946 wot do i do next,spam,M o n e y i h a v e won wining n umber 946 wot do i do n e x t
NEFT Transaction with reference number &lt;#&gt; for Rs. &lt;DECIMAL&gt; has been credited to the beneficiary account on &lt;#&gt; at &lt;TIME&gt; : &lt;#&gt;,ham,NEFT Transaction with reference number &lt;#&gt; for Rs. &lt;DECIMAL&gt; has been credited to the beneficiary account on &lt;#&gt; at &lt;TIME&gt; : &lt;#&gt;
Dont think so. It turns off like randomlly within 5min of opening,ham,Dont think so. It turns off like randomlly within 5min of opening
No i am not having not any movies in my laptop,ham,No i am not having not any movies in my laptop
Aiyo please _ got time meh.,ham,Aiyo please _ got time meh.
Surely result will offer:),ham,Surely result will offer:)
Networking job is there.,ham,Networking job is there.
K.:)you are the only girl waiting in reception ah?,ham,K.:)you are the only girl waiting in reception ah?
ok....take care.umma to you too...,ham,ok....take care.umma to you too...
alright tyler's got a minor crisis and has to be home sooner than he thought so be here asap,ham,alright tyler's got a minor crisis and has to be home sooner than he thought so be here asap
Wat's da model num of ur phone?,ham,Wat's da model num of ur phone?
Now only i reached home. . . I am very tired now. . I will come tomorro,ham,Now only i reached home. . . I am very tired now. . I will come tomorro
Then i buy.,ham,Then i buy.
All done? All handed in? Celebrations in full swing yet?,ham,All done? All handed in? Celebrations in full swing yet?
He says hi and to get your ass back to south tampa (preferably at a kegger),ham,He says hi and to get your ass back to south tampa (preferably at a kegger)
"Sorry,in meeting I'll call later",ham,"Sorry,in meeting I'll call later"
Super msg da:)nalla timing.,ham,Super msg da:)nalla timing.
Total video converter free download type this in google search:),ham,Total video converter free download type this in google search:)
I have a rather prominent bite mark on my right cheek,ham,I have a rather prominent bite mark on my right cheek
Am on a train back from northampton so i'm afraid not! I'm staying skyving off today ho ho! Will be around wednesday though. Do you fancy the comedy club this week by the way?,ham,Am on a train back from northampton so i'm afraid not! I'm staying skyving off today ho ho! Will be around wednesday though. Do you fancy the comedy club this week by the way?
May b approve panalam...but it should have more posts..,ham,May b approve panalam...but it should have more posts..
Studying. But i.ll be free next weekend.,ham,Studying. But i.ll be free next weekend.
Wat happened to the cruise thing,ham,Wat happened to the cruise thing
"Well, I have to leave for my class babe ... You never came back to me ... :-( ... Hope you have a nice sleep, my love",ham,"Well, I have to leave for my class babe ... You never came back to me ... :-( ... Hope you have a nice sleep, my love"
Enjoy ur life. . Good night,ham,Enjoy ur life. . Good night
Eat at old airport road... But now 630 oredi... Got a lot of pple...,ham,Eat at old airport road... But now 630 oredi... Got a lot of pple...
Ok. Every night take a warm bath drink a cup of milk and you'll see a work of magic. You still need to loose weight. Just so that you know,ham,Ok. Every night take a warm bath drink a cup of milk and you'll see a work of magic. You still need to loose weight. Just so that you know
Well done and ! luv ya all,ham,Well done and ! luv ya all
U meet other fren dun wan meet me ah... Muz b a guy rite...,ham,U meet other fren dun wan meet me ah... Muz b a guy rite...
No. She's currently in scotland for that.,ham,No. She's currently in scotland for that.
"Friendship is not a game to play, It is not a word to say, It doesn\'t start on March and ends on May, It is tomorrow, yesterday, today and e",ham,"Friendship is not a game to play, It is not a word to say, It doesn\'t start on March and ends on May, It is tomorrow, yesterday, today and e"
Missed call alert. These numbers called but left no message. 07008009200,spam,Missed c a l l alert. These nu mbers called but left no m e s s a g e. 07008009200
You have registered Sinco as Payee. Log in at icicibank.com and enter URN &lt;#&gt; to confirm. Beware of frauds. Do NOT share or disclose URN to anyone.,ham,You have registered Sinco as Payee. Log in at icicibank.com and enter URN &lt;#&gt; to confirm. Beware of frauds. Do NOT share or disclose URN to anyone.
Lul im gettin some juicy gossip at the hospital. Two nurses are talking about how fat they are gettin. And one thinks shes obese. Oyea.,ham,Lul im gettin some juicy gossip at the hospital. Two nurses are talking about how fat they are gettin. And one thinks shes obese. Oyea.
U wake up already? Thanx 4 e tau sar piah it's quite nice.,ham,U wake up already? Thanx 4 e tau sar piah it's quite nice.
Lol your right. What diet? Everyday I cheat anyway. I'm meant to be a fatty :(,ham,Lol your right. What diet? Everyday I cheat anyway. I'm meant to be a fatty :(
Sleeping nt feeling well,ham,Sleeping nt feeling well
Keep my payasam there if rinu brings,ham,Keep my payasam there if rinu brings
Hi! You just spoke to MANEESHA V. We'd like to know if you were satisfied with the experience. Reply Toll Free with Yes or No.,ham,Hi! You just spoke to MANEESHA V. We'd like to know if you were satisfied with the experience. Reply Toll Free with Yes or No.
WINNER!! As a valued network customer you have been selected to receivea 900 prize reward! To claim call 09061701461. Claim code KL341. Valid 12 hours only.,spam,WINN ER!! As a val ued n e t w o r k c ustomer y o u h ave be en sel ected to receivea 900 p r i z e reward! To c l a i m c a l l 09061701461. C laim co de KL341. V a l i d 12 hours on ly.
Da is good good player.why he is unsold.,ham,Da is good good player.why he is unsold.
East coast,ham,East coast
Bognor it is! Should be splendid at this time of year.,ham,Bognor it is! Should be splendid at this time of year.
I'm not driving... Raining! Then i'll get caught at e mrt station lor.,ham,I'm not driving... Raining! Then i'll get caught at e mrt station lor.
Not yet chikku..wat abt u?,ham,Not yet chikku..wat abt u?
"I guess that's why you re worried. You must know that there's a way the body repairs itself. And i'm quite sure you shouldn't worry. We'll take it slow. First the tests, they will guide when your ovulation is then just relax. Nothing you've said is a reason to worry but i.ll keep on followin you up.",ham,"I guess that's why you re worried. You must know that there's a way the body repairs itself. And i'm quite sure you shouldn't worry. We'll take it slow. First the tests, they will guide when your ovulation is then just relax. Nothing you've said is a reason to worry but i.ll keep on followin you up."
"So anyways, you can just go to your gym or whatever, my love *smiles* I hope your ok and having a good day babe ... I miss you so much already",ham,"So anyways, you can just go to your gym or whatever, my love *smiles* I hope your ok and having a good day babe ... I miss you so much already"
Im done. Just studyn in library,ham,Im done. Just studyn in library
Apo all other are mokka players only,ham,Apo all other are mokka players only
You have 1 new voicemail. Please call 08719181503,spam,Y o u h a v e 1 n e w voicemail. P l e a s e ca ll 08719181503
"I love you !!! You know? Can you feel it? Does it make your belly warm? I wish it does, my love ... I shall meet you in your dreams, Ahmad ... *adoring kiss*",ham,"I love you !!! You know? Can you feel it? Does it make your belly warm? I wish it does, my love ... I shall meet you in your dreams, Ahmad ... *adoring kiss*"
BIG BROTHER ALERT! The computer has selected u for 10k cash or #150 voucher. Call 09064018838. NTT PO Box CRO1327 18+ BT Landline Cost 150ppm mobiles vary,spam,B I G BROTHER ALERT! The computer has s elected u for 10k c ash or #150 v o u c h e r. Ca ll 09064018838. NTT PO Box CRO1327 18+ BT L a n d l i n e C o s t 150 ppm m o b i l e s v ary
This is all just creepy and crazy to me.,ham,This is all just creepy and crazy to me.
"wiskey Brandy Rum Gin Beer Vodka Scotch Shampain Wine \KUDI\""yarasu dhina vaazhthukkal. ..""",ham,"wiskey Brandy Rum Gin Beer Vodka Scotch Shampain Wine \KUDI\""yarasu dhina vaazhthukkal. .."""
You have been specially selected to receive a 2000 pound award! Call 08712402050 BEFORE the lines close. Cost 10ppm. 16+. T&Cs apply. AG Promo,spam,Y o u ha ve b e e n s p e c i a l l y s e l e c t e d to r eceive a 20 00 p ound a w a r d! C a l l 08712402050 B EFORE the lines close. C ost 10ppm. 16+. T&Cs ap ply. AG Pr omo
What's your room number again? Wanna make sure I'm knocking on the right door,ham,What's your room number again? Wanna make sure I'm knocking on the right door
hi baby im sat on the bloody bus at the mo and i wont be home until about 7:30 wanna do somethin later? call me later ortxt back jess xx,ham,hi baby im sat on the bloody bus at the mo and i wont be home until about 7:30 wanna do somethin later? call me later ortxt back jess xx
Printer is cool. I mean groovy. Wine is groovying,ham,Printer is cool. I mean groovy. Wine is groovying
Haha i think i did too,ham,Haha i think i did too
Do you want a new Video phone? 600 anytime any network mins 400 Inclusive Video calls AND downloads 5 per week Free delTOMORROW call 08002888812 or reply NOW,spam,Do y o u wa nt a n e w Vid eo pho ne? 600 a n y t i m e any n e t w o r k m ins 400 Inclusive Vi deo cal ls AND downloads 5 p e r we ek Fr ee delTOMORROW c a l l 08002888812 or r e p l y N O W
"Great. I'm in church now, will holla when i get out",ham,"Great. I'm in church now, will holla when i get out"
Yup,ham,Yup
Mmm so yummy babe ... Nice jolt to the suzy,ham,Mmm so yummy babe ... Nice jolt to the suzy
We not watching movie already. Xy wants 2 shop so i'm shopping w her now.,ham,We not watching movie already. Xy wants 2 shop so i'm shopping w her now.
Baaaaaaaabe! Wake up ! I miss you ! I crave you! I need you!,ham,Baaaaaaaabe! Wake up ! I miss you ! I crave you! I need you!
"Watching cartoon, listening music &amp; at eve had to go temple &amp; church.. What about u?",ham,"Watching cartoon, listening music &amp; at eve had to go temple &amp; church.. What about u?"
Too late. I said i have the website. I didn't i have or dont have the slippers,ham,Too late. I said i have the website. I didn't i have or dont have the slippers
Er yep sure. Props?,ham,Er yep sure. Props?
Lol ok ill try to send. Be warned Sprint is dead slow. You'll prolly get it tomorrow,ham,Lol ok ill try to send. Be warned Sprint is dead slow. You'll prolly get it tomorrow
"Tick, tick, tick ... Babe",ham,"Tick, tick, tick ... Babe"
On ma way to school. Can you pls send me ashley's number,ham,On ma way to school. Can you pls send me ashley's number
Sitting ard nothing to do lor. U leh busy w work?,ham,Sitting ard nothing to do lor. U leh busy w work?
"I feel like a dick because I keep sleeping through your texts and facebook messages. Sup, you in town?",ham,"I feel like a dick because I keep sleeping through your texts and facebook messages. Sup, you in town?"
"Got what it takes 2 take part in the WRC Rally in Oz? U can with Lucozade Energy! Text RALLY LE to 61200 (25p), see packs or lucozade.co.uk/wrc & itcould be u!",spam,"Got w hat it takes 2 ta ke p a r t in the WRC Rally in Oz? U can wi th Lucozade Energy! T ext RALLY LE to 61200 (25p), s e e packs or lucozade.co.uk/wrc & itcould be u!"
Gettin rdy to ship comp,ham,Gettin rdy to ship comp
"You have won ?1,000 cash or a ?2,000 prize! To claim, call09050000327. T&C: RSTM, SW7 3SS. 150ppm",spam,"Y o u h a v e won ?1,000 c a s h or a ?2,000 p r i z e! To cl a i m, call09050000327. T&C: RSTM, SW7 3SS. 15 0ppm"
"Excellent, I'll see what riley's plans are",ham,"Excellent, I'll see what riley's plans are"
Oh ho. Is this the first time u use these type of words,ham,Oh ho. Is this the first time u use these type of words
"Hello, As per request from &lt;#&gt; Rs.5 has been transfered to you",ham,"Hello, As per request from &lt;#&gt; Rs.5 has been transfered to you"
"Oh, i will get paid. The most outstanding one is for a commercial i did for Hasbro...in AUGUST! They made us jump through so many hoops to get paid. Still not.",ham,"Oh, i will get paid. The most outstanding one is for a commercial i did for Hasbro...in AUGUST! They made us jump through so many hoops to get paid. Still not."
Have you always been saying welp?,ham,Have you always been saying welp?
I thk 50 shd be ok he said plus minus 10.. Did _ leave a line in between paragraphs?,ham,I thk 50 shd be ok he said plus minus 10.. Did _ leave a line in between paragraphs?
"Say this slowly.? GOD,I LOVE YOU &amp; I NEED YOU,CLEAN MY HEART WITH YOUR BLOOD.Send this to Ten special people &amp; u c miracle tomorrow, do it,pls,pls do it...",ham,"Say this slowly.? GOD,I LOVE YOU &amp; I NEED YOU,CLEAN MY HEART WITH YOUR BLOOD.Send this to Ten special people &amp; u c miracle tomorrow, do it,pls,pls do it..."
I thk _ gotta go home by urself. Cos i'll b going out shopping 4 my frens present.,ham,I thk _ gotta go home by urself. Cos i'll b going out shopping 4 my frens present.
"\What are youdoing later? Sar xxx\""""",ham,"\What are youdoing later? Sar xxx\"""""
Shopping? Eh ger i toking abt syd leh...Haha,ham,Shopping? Eh ger i toking abt syd leh...Haha
"K, can I pick up another 8th when you're done?",ham,"K, can I pick up another 8th when you're done?"
", im .. On the snowboarding trip. I was wondering if your planning to get everyone together befor we go..a meet and greet kind of affair? Cheers,",ham,", im .. On the snowboarding trip. I was wondering if your planning to get everyone together befor we go..a meet and greet kind of affair? Cheers,"
"Customer service announcement. We recently tried to make a delivery to you but were unable to do so, please call 07099833605 to re-schedule. Ref:9280114",spam,"C u s t o m e r se rvice announcement. We recently tr ied to m a k e a d e l i v e r y to y o u but were unable to do so, pl ease ca ll 07099833605 to re-schedule. Ref:9280114"
I am late. I will be there at,ham,I am late. I will be there at
I'll be at mu in like &lt;#&gt; seconds,ham,I'll be at mu in like &lt;#&gt; seconds
Am in film ill call you later.,ham,Am in film ill call you later.
"Text82228>> Get more ringtones, logos and games from  Questions: info@txt82228.co.uk",spam,"Text82228>> G e t m o r e ringto nes, logos and ga mes f rom  Questions: in fo@txt82228.co.uk"
Nvm take ur time.,ham,Nvm take ur time.
Left dessert. U wan me 2 go suntec look 4 u?,ham,Left dessert. U wan me 2 go suntec look 4 u?
Busy here. Trying to finish for new year. I am looking forward to finally meeting you...,ham,Busy here. Trying to finish for new year. I am looking forward to finally meeting you...
Hey what's up charles sorry about the late reply.,ham,Hey what's up charles sorry about the late reply.
No calls..messages..missed calls,ham,No calls..messages..missed calls
Are you this much buzy,ham,Are you this much buzy
You need to get up. Now.,ham,You need to get up. Now.
Then why you came to hostel.,ham,Then why you came to hostel.
K.i will send in &lt;#&gt; min:),ham,K.i will send in &lt;#&gt; min:)
Thats cool. i am a gentleman and will treat you with dignity and respect.,ham,Thats cool. i am a gentleman and will treat you with dignity and respect.
"sorry, no, have got few things to do. may be in pub later.",ham,"sorry, no, have got few things to do. may be in pub later."
"Orange customer, you may now claim your FREE CAMERA PHONE upgrade for your loyalty. Call now on 0207 153 9996. Offer ends 14thMarch. T&C's apply. Opt-out availa",spam,"O r a n g e custom er, y o u may n o w cl a i m y o u r F R E E C A M E R A P H O N E upgrade for yo ur loyalty. C a l l n o w on 0207 153 9996. O f f e r ends 14thMarch. T&C's a p p l y. O p t-o u t availa"
Must come later.. I normally bathe him in da afternoon mah..,ham,Must come later.. I normally bathe him in da afternoon mah..
Still at west coast... Haiz... 'll take forever to come back...,ham,Still at west coast... Haiz... 'll take forever to come back...
So li hai... Me bored now da lecturer repeating last weeks stuff waste time...,ham,So li hai... Me bored now da lecturer repeating last weeks stuff waste time...
"I can make it up there, squeezed &lt;#&gt; bucks out of my dad",ham,"I can make it up there, squeezed &lt;#&gt; bucks out of my dad"
"Urgent! call 09066612661 from landline. Your complementary 4* Tenerife Holiday or 10,000 cash await collection SAE T&Cs PO Box 3 WA14 2PX 150ppm 18+ Sender: Hol Offer",spam,"Ur gent! c a l l 09066612661 fr om landli ne. Yo ur complementary 4* T e n e r i f e H o l i d a y or 10,000 c a s h a w a i t c o l l e c t i o n SAE T&Cs PO Box 3 WA14 2PX 1 5 0 p p m 18+ Sender: Hol Off er"
I'm already back home so no probably not,ham,I'm already back home so no probably not
What is your record for one night? :),ham,What is your record for one night? :)
"SMS. ac JSco: Energy is high, but u may not know where 2channel it. 2day ur leadership skills r strong. Psychic? Reply ANS w/question. End? Reply END JSCO",spam,"S M S. ac JSco: Energy is high, but u may not k n o w where 2channel it. 2day ur leadership skills r strong. Psychic? Rep ly ANS w/questi on. End? R eply END JSCO"
"Can meh? Thgt some will clash... Really ah, i dun mind... I dun seen to have lost any weight... Gee...",ham,"Can meh? Thgt some will clash... Really ah, i dun mind... I dun seen to have lost any weight... Gee..."
"OH MR SHEFFIELD! You wanna play THAT game, okay. You're the boss and I'm the nanny. You give me a raise and I'll give YOU one!!",ham,"OH MR SHEFFIELD! You wanna play THAT game, okay. You're the boss and I'm the nanny. You give me a raise and I'll give YOU one!!"
"Argh my 3g is spotty, anyway the only thing I remember from the research we did was that province and sterling were the only problem-free places we looked at",ham,"Argh my 3g is spotty, anyway the only thing I remember from the research we did was that province and sterling were the only problem-free places we looked at"
Mm so you asked me not to call radio,ham,Mm so you asked me not to call radio
Omg if its not one thing its another. My cat has worms :/ when does this bad day end?,ham,Omg if its not one thing its another. My cat has worms :/ when does this bad day end?
Please call our customer service representative on FREEPHONE 0808 145 4742 between 9am-11pm as you have WON a guaranteed 1000 cash or 5000 prize!,spam,P lease c a l l o u r cu stomer s e r v i c e r e p r e s e n t a t i v e on F R E E P H O N E 0808 145 4742 b e t w e e n 9am-11pm as y o u ha ve WON a guara nteed 1 0 0 0 c a s h or 5 0 0 0 p r i z e!
"No dice, art class 6 thru 9 :( thanks though. Any idea what time I should come tomorrow?",ham,"No dice, art class 6 thru 9 :( thanks though. Any idea what time I should come tomorrow?"
Gud ni8 dear..slp well..take care..swt dreams..Muah..,ham,Gud ni8 dear..slp well..take care..swt dreams..Muah..
Oh k :)why you got job then whats up?,ham,Oh k :)why you got job then whats up?
Todays Vodafone numbers ending with 4882 are selected to a receive a 350 award. If your number matches call 09064019014 to receive your 350 award.,spam,T o d a y s Vodafone nu mbers ending w i t h 4882 are se lected to a r e c e i v e a 350 a w a r d. If y o u r n u m b e r m atches c a l l 09064019014 to rece ive y o u r 350 a w a r d.
Yes princess! I want to make you happy...,ham,Yes princess! I want to make you happy...
There's no point hangin on to mr not right if he's not makin u happy,ham,There's no point hangin on to mr not right if he's not makin u happy
Aiyah u did ok already lar. E nydc at wheellock?,ham,Aiyah u did ok already lar. E nydc at wheellock?
"After my work ah... Den 6 plus lor... U workin oso rite... Den go orchard lor, no other place to go liao...",ham,"After my work ah... Den 6 plus lor... U workin oso rite... Den go orchard lor, no other place to go liao..."
How long does applebees fucking take,ham,How long does applebees fucking take
"Idk. You keep saying that you're not, but since he moved, we keep butting heads over freedom vs. responsibility. And i'm tired. I have so much other shit to deal with that i'm barely keeping myself together once this gets added to it.",ham,"Idk. You keep saying that you're not, but since he moved, we keep butting heads over freedom vs. responsibility. And i'm tired. I have so much other shit to deal with that i'm barely keeping myself together once this gets added to it."
"There'll be a minor shindig at my place later tonight, you interested?",ham,"There'll be a minor shindig at my place later tonight, you interested?"
Those were my exact intentions,ham,Those were my exact intentions
Carlos'll be here in a minute if you still need to buy,ham,Carlos'll be here in a minute if you still need to buy
Dis is yijue. I jus saw ur mail. In case huiming havent sent u my num. Dis is my num.,ham,Dis is yijue. I jus saw ur mail. In case huiming havent sent u my num. Dis is my num.
I finished my lunch already. U wake up already?,ham,I finished my lunch already. U wake up already?
Just got outta class gonna go gym.,ham,Just got outta class gonna go gym.
Hows the street where the end of library walk is?,ham,Hows the street where the end of library walk is?
somewhere out there beneath the pale moon light someone think in of u some where out there where dreams come true... goodnite &amp; sweet dreams,ham,somewhere out there beneath the pale moon light someone think in of u some where out there where dreams come true... goodnite &amp; sweet dreams
Your gonna have to pick up a $1 burger for yourself on your way home. I can't even move. Pain is killing me.,ham,Your gonna have to pick up a $1 burger for yourself on your way home. I can't even move. Pain is killing me.
Oh wow thats gay. Will firmware update help,ham,Oh wow thats gay. Will firmware update help
Thts god's gift for birds as humans hav some natural gift frm god..,ham,Thts god's gift for birds as humans hav some natural gift frm god..
Text her. If she doesnt reply let me know so i can have her log in,ham,Text her. If she doesnt reply let me know so i can have her log in
Ha ha - had popped down to the loo when you hello-ed me. Hello!,ham,Ha ha - had popped down to the loo when you hello-ed me. Hello!
"Hey there! Glad u r better now. I hear u treated urself to a digi cam, is it good? We r off at 9pm. Have a fab new year, c u in coupla wks!",ham,"Hey there! Glad u r better now. I hear u treated urself to a digi cam, is it good? We r off at 9pm. Have a fab new year, c u in coupla wks!"
"A bit of Ur smile is my hppnss, a drop of Ur tear is my sorrow, a part of Ur heart is my life, a heart like mine wil care for U, forevr as my GOODFRIEND",ham,"A bit of Ur smile is my hppnss, a drop of Ur tear is my sorrow, a part of Ur heart is my life, a heart like mine wil care for U, forevr as my GOODFRIEND"
Can. Dunno wat to get 4 her...,ham,Can. Dunno wat to get 4 her...
Yup having my lunch buffet now.. U eat already?,ham,Yup having my lunch buffet now.. U eat already?
"Received, understood n acted upon!",ham,"Received, understood n acted upon!"
Oic... I saw him too but i tot he din c me... I found a group liao...,ham,Oic... I saw him too but i tot he din c me... I found a group liao...
 v ma fan...,ham, v ma fan...
Hi baby ive just got back from work and i was wanting to see u allday! I hope i didnt piss u off on the phone today. If u are up give me a call xxx,ham,Hi baby ive just got back from work and i was wanting to see u allday! I hope i didnt piss u off on the phone today. If u are up give me a call xxx
"Yeah, give me a call if you've got a minute",ham,"Yeah, give me a call if you've got a minute"
"Japanese Proverb: If one Can do it, U too Can do it, If none Can do it,U must do it Indian version: If one Can do it, LET HIM DO it.. If none Can do it,LEAVE it!! And finally Kerala version: If one can do it, Stop him doing it.. If none can do it, Make a strike against it ...",ham,"Japanese Proverb: If one Can do it, U too Can do it, If none Can do it,U must do it Indian version: If one Can do it, LET HIM DO it.. If none Can do it,LEAVE it!! And finally Kerala version: If one can do it, Stop him doing it.. If none can do it, Make a strike against it ..."
I am not sure about night menu. . . I know only about noon menu,ham,I am not sure about night menu. . . I know only about noon menu
"K I'm leaving soon, be there a little after 9",ham,"K I'm leaving soon, be there a little after 9"
I cant keep talking to people if am not sure i can pay them if they agree to price. So pls tell me what you want to really buy and how much you are willing to pay,ham,I cant keep talking to people if am not sure i can pay them if they agree to price. So pls tell me what you want to really buy and how much you are willing to pay
THING R GOOD THANX GOT EXAMS IN MARCH IVE DONE NO REVISION? IS FRAN STILL WITH BOYF? IVE GOTTA INTERVIW 4 EXETER BIT WORRIED!x,ham,THING R GOOD THANX GOT EXAMS IN MARCH IVE DONE NO REVISION? IS FRAN STILL WITH BOYF? IVE GOTTA INTERVIW 4 EXETER BIT WORRIED!x
thanks for the temales it was wonderful. Thank. Have a great week.,ham,thanks for the temales it was wonderful. Thank. Have a great week.
LORD OF THE RINGS:RETURN OF THE KING in store NOW!REPLY LOTR by 2 June 4 Chance 2 WIN LOTR soundtrack CDs StdTxtRate. Reply STOP to end txts,spam,LORD OF THE RINGS:RETURN OF THE KING in store N O W!R E P L Y LOTR by 2 June 4 Chan ce 2 W I N LOTR soundtrack CDs StdTxtRate. Rep ly ST OP to end tx ts
Message Important information for O2 user. Today is your lucky day! 2 find out why log onto  there is a fantastic surprise awaiting you,spam,M e s s a g e Importa nt i n f o r m a t i o n for O2 us er. T oday is y our l u c k y day! 2 fi nd o u t why l o g o nto  t here is a f a n t a s t i c surprise aw aiting y o u
Dear got bus directly to calicut,ham,Dear got bus directly to calicut
Back in brum! Thanks for putting us up and keeping us all and happy. See you soon,ham,Back in brum! Thanks for putting us up and keeping us all and happy. See you soon
FreeMsg:Feelin kinda lnly hope u like 2 keep me company! Jst got a cam moby wanna c my pic?Txt or reply DATE to 82242 Msg150p 2rcv Hlp 08712317606 stop to 82242,spam,F r e e M s g:Feelin kinda lnly hope u l ike 2 k e e p me company! Jst got a c a m moby wanna c my pic?Txt or rep ly D ATE to 82242 Msg150p 2rcv Hlp 08712317606 st op to 82242
I will come tomorrow di,ham,I will come tomorrow di
"Dude u knw also telugu..thts gud..k, gud nyt..",ham,"Dude u knw also telugu..thts gud..k, gud nyt.."
What I'm saying is if you haven't explicitly told nora I know someone I'm probably just not gonna bother,ham,What I'm saying is if you haven't explicitly told nora I know someone I'm probably just not gonna bother
I just really need shit before tomorrow and I know you won't be awake before like 6,ham,I just really need shit before tomorrow and I know you won't be awake before like 6
Havent planning to buy later. I check already lido only got 530 show in e afternoon. U finish work already?,ham,Havent planning to buy later. I check already lido only got 530 show in e afternoon. U finish work already?
Sorry about that this is my mates phone and i didnt write it love Kate,ham,Sorry about that this is my mates phone and i didnt write it love Kate
How much is torch in 9ja.,ham,How much is torch in 9ja.
"Ditto. And you won't have to worry about me saying ANYTHING to you anymore. Like i said last night, you do whatever you want and i'll do the same. Peace.",ham,"Ditto. And you won't have to worry about me saying ANYTHING to you anymore. Like i said last night, you do whatever you want and i'll do the same. Peace."
Not directly behind... Abt 4 rows behind _...,ham,Not directly behind... Abt 4 rows behind _...
Congratulations ore mo owo re wa. Enjoy it and i wish you many happy moments to and fro wherever you go,ham,Congratulations ore mo owo re wa. Enjoy it and i wish you many happy moments to and fro wherever you go
I will be gentle baby! Soon you will be taking all &lt;#&gt; inches deep inside your tight pussy...,ham,I will be gentle baby! Soon you will be taking all &lt;#&gt; inches deep inside your tight pussy...
"Playin space poker, u?",ham,"Playin space poker, u?"
Lol. Well quality aint bad at all so i aint complaining,ham,Lol. Well quality aint bad at all so i aint complaining
Thanks for loving me so. You rock,ham,Thanks for loving me so. You rock
Free tones Hope you enjoyed your new content. text stop to 61610 to unsubscribe. help:08712400602450p Provided by tones2you.co.uk,spam,F ree t o n e s Hope y o u enjoyed y o u r n e w con tent. t e x t s top to 61610 to u n s u b s c r i b e. he lp:08712400602450p Provided by tones2you.co.uk
I'm fine. Hope you are also,ham,I'm fine. Hope you are also
Wat time r _ going to xin's hostel?,ham,Wat time r _ going to xin's hostel?
I dont have any of your file in my bag..i was in work when you called me.i 'll tell you if i find anything in my room.,ham,I dont have any of your file in my bag..i was in work when you called me.i 'll tell you if i find anything in my room.
I knew it... U slept v late yest? Wake up so late...,ham,I knew it... U slept v late yest? Wake up so late...
"Ok., is any problem to u frm him? Wats matter?",ham,"Ok., is any problem to u frm him? Wats matter?"
What do U want for Xmas? How about 100 free text messages & a new video phone with half price line rental? Call free now on 0800 0721072 to find out more!,spam,W h a t do U w a n t for X m a s? How abo ut 100 f r e e t ext m e s s a g e s & a n e w v i d e o p h o n e w i t h h a l f pri ce l i n e r e n t a l? C a l l f r e e n o w on 0 8 0 0 0721072 to f ind o u t m o r e!
Hey tmr meet at bugis 930 ?,ham,Hey tmr meet at bugis 930 ?
Stop knowing me so well!,ham,Stop knowing me so well!
Convey my regards to him,ham,Convey my regards to him
"Hi, the SEXYCHAT girls are waiting for you to text them. Text now for a great night chatting. send STOP to stop this service",spam,"Hi, the SEXYCHAT girls are wai ting for y o u to t e x t them. T e x t n o w for a gre at ni ght chatting. s e n d S TOP to s t o p t his s e r v i c e"
I've not sent it. He can send me.,ham,I've not sent it. He can send me.
Ur TONEXS subscription has been renewed and you have been charged 4.50. You can choose 10 more polys this month.  *BILLING MSG*,spam,Ur TONEXS subscription has b e e n renewed and y o u ha ve b e e n c h a r g e d 4.50. Y o u can choo se 10 mo re p olys t h i s month.  *BILLING MSG*
Your opinion about me? 1. Over 2. Jada 3. Kusruthi 4. Lovable 5. Silent 6. Spl character 7. Not matured 8. Stylish 9. Simple Pls reply..,ham,Your opinion about me? 1. Over 2. Jada 3. Kusruthi 4. Lovable 5. Silent 6. Spl character 7. Not matured 8. Stylish 9. Simple Pls reply..
No management puzzeles.,ham,No management puzzeles.
Captain vijaykanth is doing comedy in captain tv..he is drunken :),ham,Captain vijaykanth is doing comedy in captain tv..he is drunken :)
"Nah man, my car is meant to be crammed full of people",ham,"Nah man, my car is meant to be crammed full of people"
No he didn't. Spring is coming early yay!,ham,No he didn't. Spring is coming early yay!
Kaiez... Enjoy ur tuition... Gee... Thk e second option sounds beta... I'll go yan jiu den msg u...,ham,Kaiez... Enjoy ur tuition... Gee... Thk e second option sounds beta... I'll go yan jiu den msg u...
There is no sense in my foot and penis.,ham,There is no sense in my foot and penis.
"Hey, a guy I know is breathing down my neck to get him some bud, anyway you'd be able to get a half track to usf tonight?",ham,"Hey, a guy I know is breathing down my neck to get him some bud, anyway you'd be able to get a half track to usf tonight?"
The basket's gettin full so I might be by tonight,ham,The basket's gettin full so I might be by tonight
Thanks for being there for me just to talk to on saturday. You are very dear to me. I cherish having you as a brother and role model.,ham,Thanks for being there for me just to talk to on saturday. You are very dear to me. I cherish having you as a brother and role model.
I send the print outs da.,ham,I send the print outs da.
"Ola would get back to you maybe not today but I ve told him you can be his direct link in the US in getting cars he bids for online, you arrange shipping and you get a cut. Or U????? For a partnership where U????? Invest money for shipping and he takes care of the rest!U??Wud b self reliant soon dnt worry",ham,"Ola would get back to you maybe not today but I ve told him you can be his direct link in the US in getting cars he bids for online, you arrange shipping and you get a cut. Or U????? For a partnership where U????? Invest money for shipping and he takes care of the rest!U??Wud b self reliant soon dnt worry"
Whos this am in class:-),ham,Whos this am in class:-)
No no. I will check all rooms befor activities,ham,No no. I will check all rooms befor activities
I tot u reach liao. He said t-shirt.,ham,I tot u reach liao. He said t-shirt.
\Hey j! r u feeling any better,ham,\Hey j! r u feeling any better
Aiyo a bit pai seh _ noe... Scared he dun rem who i am then die... Hee... But he become better lookin oredi leh...,ham,Aiyo a bit pai seh _ noe... Scared he dun rem who i am then die... Hee... But he become better lookin oredi leh...
Kit Strip - you have been billed 150p. Netcollex Ltd. PO Box 1013 IG11 OJA,spam,K i t Strip - y o u h a v e b e e n billed 1 50p. Netcollex Ltd. PO Box 1013 IG11 OJA
"And very importantly, all we discuss is between u and i only.",ham,"And very importantly, all we discuss is between u and i only."
"Pls send me a comprehensive mail about who i'm paying, when and how much.",ham,"Pls send me a comprehensive mail about who i'm paying, when and how much."
on a Tuesday night r u 4 real,ham,on a Tuesday night r u 4 real
RT-KIng Pro Video Club>> Need help? info@ringtoneking.co.uk or call 08701237397 You must be 16+ Club credits redeemable at  Enjoy!,spam,RT-KIng P r o V i d e o Cl ub>> N eed h e l p? i n f o@ringtoneking.co.uk or c a l l 08701237397 Y o u m u s t be 16+ C lub c r e d i t s redeemable at  Enj oy!
I.ll give her once i have it. Plus she said grinule greet you whenever we speak,ham,I.ll give her once i have it. Plus she said grinule greet you whenever we speak
"Maybe westshore or hyde park village, the place near my house?",ham,"Maybe westshore or hyde park village, the place near my house?"
Please CALL 08712402578 immediately as there is an urgent message waiting for you,spam,P l e a s e C A L L 08712402578 immediately as t h e r e is an urg ent m essage waiti ng for y o u
Dorothy@kiefer.com (Bank of Granite issues Strong-Buy) EXPLOSIVE PICK FOR OUR MEMBERS *****UP OVER 300% *********** Nasdaq Symbol CDGT That is a $5.00 per..,spam,Dorothy@kiefer.com (Bank of Granite issues Strong-B u y) EXPLOSIVE PICK FOR O U R MEMBERS *****UP O V E R 300% *********** Nasdaq Symbol CDGT T h a t is a $5.00 p e r..
"Dear, take care. I am just reaching home.love u a lot.",ham,"Dear, take care. I am just reaching home.love u a lot."
I'm on my way home. Went to change batt 4 my watch then go shop a bit lor.,ham,I'm on my way home. Went to change batt 4 my watch then go shop a bit lor.
I love ya too but try and budget your money better babe. Gary would freak on me if he knew,ham,I love ya too but try and budget your money better babe. Gary would freak on me if he knew
"Not yet chikku..k, then wat abt tht guy did he stopped irritating or msging to u..",ham,"Not yet chikku..k, then wat abt tht guy did he stopped irritating or msging to u.."
"I met you as a stranger and choose you as my friend. As long as the world stands, our friendship never ends. Lets be Friends forever!!! Gud nitz...",ham,"I met you as a stranger and choose you as my friend. As long as the world stands, our friendship never ends. Lets be Friends forever!!! Gud nitz..."
Tell your friends what you plan to do on Valentines day @ &lt;URL&gt;,ham,Tell your friends what you plan to do on Valentines day @ &lt;URL&gt;
You're gonna have to be way more specific than that,ham,You're gonna have to be way more specific than that
"Sorry, left phone upstairs. OK, might be hectic but would be all my birds with one fell swoop. It's a date.",ham,"Sorry, left phone upstairs. OK, might be hectic but would be all my birds with one fell swoop. It's a date."
MMM ... Fuck .... Merry Christmas to me,ham,MMM ... Fuck .... Merry Christmas to me
Ok...,ham,Ok...
Was actually about to send you a reminder today. Have a wonderful weekend,ham,Was actually about to send you a reminder today. Have a wonderful weekend
"Wn u r hurt by d prsn who s close 2 u, do fight wit dem. Coz somtimes dis fight saves a relation bt being quiet leaves nothin in a relation.. Gud eveB-)",ham,"Wn u r hurt by d prsn who s close 2 u, do fight wit dem. Coz somtimes dis fight saves a relation bt being quiet leaves nothin in a relation.. Gud eveB-)"
Hey i will be late... i'm at amk. Need to drink tea or coffee,ham,Hey i will be late... i'm at amk. Need to drink tea or coffee
Well welp is sort of a semiobscure internet thing,ham,Well welp is sort of a semiobscure internet thing
8007 25p 4 Alfie Moon's Children in Need song on ur mob. Tell ur m8s. Txt TONE CHARITY to 8007 for nokias or POLY CHARITY for polys :zed 08701417012 profit 2 charity,spam,8 007 25p 4 Alfie Moon's Children in N e e d song on ur mob. Te ll ur m8s. Txt TO NE C H A R I T Y to 8 007 for nokias or P O L Y C H A R I T Y for p o l y s :zed 08701417012 prof it 2 chari ty
This pain couldn't have come at a worse time.,ham,This pain couldn't have come at a worse time.
"Your free ringtone is waiting to be collected. Simply text the password \MIX\"" to 85069 to verify. Get Usher and Britney. FML",spam,"Y o u r f ree r i n g t o n e is w a i t i n g to be collected. Simply te xt the password \MIX\"" to 85069 to verify. G e t Usher and Britney. FML"
Did u fix the teeth?if not do it asap.ok take care.,ham,Did u fix the teeth?if not do it asap.ok take care.
K fyi x has a ride early tomorrow morning but he's crashing at our place tonight,ham,K fyi x has a ride early tomorrow morning but he's crashing at our place tonight
"Buzz! Hey, my Love ! I think of you and hope your day goes well. Did you sleep in ? I miss you babe. I long for the moment we are together again*loving smile*",ham,"Buzz! Hey, my Love ! I think of you and hope your day goes well. Did you sleep in ? I miss you babe. I long for the moment we are together again*loving smile*"
"This is the 2nd time we have tried to contact u. U have won the 400 prize. 2 claim is easy, just call 087104711148 NOW! Only 10p per minute. BT-national-rate",spam,"T h i s is the 2nd t ime we h ave t ried to c o n t a c t u. U ha ve won the 400 pri ze. 2 cl a i m is e a s y, j u s t c a l l 087104711148 N O W! O nly 10p p e r minute. BT-n a t i o n a l-r a t e"
"Yo, you at jp and hungry like a mofo?",ham,"Yo, you at jp and hungry like a mofo?"
I've reached sch already...,ham,I've reached sch already...
For taking part in our mobile survey yesterday! You can now have 500 texts 2 use however you wish. 2 get txts just send TXT to 80160 T&C  1.50p,spam,For taking p art in o u r mob ile survey yesterday! Y o u can n o w h ave 500 t e x t s 2 use however y o u wish. 2 g e t tx ts j ust s e n d TXT to 80160 T&C  1.50p
"Geeeee ... Your internet is really bad today, eh ?",ham,"Geeeee ... Your internet is really bad today, eh ?"
We are pleased to inform that your application for Airtel Broadband is processed successfully. Your installation will happen within 3 days.,ham,We are pleased to inform that your application for Airtel Broadband is processed successfully. Your installation will happen within 3 days.
Hey now am free you can call me.,ham,Hey now am free you can call me.
"Also north carolina and texas atm, you would just go to the gre site and pay for the test results to be sent.",ham,"Also north carolina and texas atm, you would just go to the gre site and pay for the test results to be sent."
Mm feeling sleepy. today itself i shall get that dear,ham,Mm feeling sleepy. today itself i shall get that dear
Kallis wont bat in 2nd innings.,ham,Kallis wont bat in 2nd innings.
Am i that much bad to avoid like this?,ham,Am i that much bad to avoid like this?
If you r @ home then come down within 5 min,ham,If you r @ home then come down within 5 min
"* Was a nice day and, impressively, i was sensible, went home early and now feel fine. Or am i just boring?! When's yours, i can't remember.",ham,"* Was a nice day and, impressively, i was sensible, went home early and now feel fine. Or am i just boring?! When's yours, i can't remember."
Dude while were makin those weirdy brownies my sister made awesome cookies. I took pics.,ham,Dude while were makin those weirdy brownies my sister made awesome cookies. I took pics.
Hey morning what you come to ask:-) pa...,ham,Hey morning what you come to ask:-) pa...
Slept? I thinkThis time ( &lt;#&gt; pm) is not dangerous,ham,Slept? I thinkThis time ( &lt;#&gt; pm) is not dangerous
Dear Dave this is your final notice to collect your 4* Tenerife Holiday or #5000 CASH award! Call 09061743806 from landline. TCs SAE Box326 CW25WX 150ppm,spam,D ear Dave t h i s is y o u r fin al notice to colle ct y o u r 4* T e n e r i f e Holi day or #5 0 0 0 C A S H awa rd! C a l l 09061743806 f rom l a n d l i n e. TCs SAE Box326 CW25WX 1 5 0 p p m
It has issues right now. Ill fix for her by tomorrow.,ham,It has issues right now. Ill fix for her by tomorrow.
Get down in gandhipuram and walk to cross cut road. Right side &lt;#&gt; street road and turn at first right.,ham,Get down in gandhipuram and walk to cross cut road. Right side &lt;#&gt; street road and turn at first right.
K I'll be there before 4.,ham,K I'll be there before 4.
Well I'm going to be an aunty!,ham,Well I'm going to be an aunty!
"Final Chance! Claim ur 150 worth of discount vouchers today! Text YES to 85023 now! SavaMob, member offers mobile! T Cs SavaMob POBOX84, M263UZ. 3.00 Subs 16",spam,"Fi nal C h a n c e! Cla im ur 150 w o r t h of d i s c o u n t v o u c h e r s to day! T ext Y E S to 8 5 0 2 3 n o w! S a v a M o b, m e m b e r o ffers mobi le! T Cs S a v a M o b P O B O X 8 4, M263UZ. 3.00 Subs 16"
Do _ noe if ben is going?,ham,Do _ noe if ben is going?
I think i am disturbing her da,ham,I think i am disturbing her da
Easy ah?sen got selected means its good..,ham,Easy ah?sen got selected means its good..
Buzzzz! *grins* Did I buzz your ass? Buzz your chest ? Buzz your cock ? Where do you keep your phone ? Is the vibrator on ? Did you feel it shake ?,ham,Buzzzz! *grins* Did I buzz your ass? Buzz your chest ? Buzz your cock ? Where do you keep your phone ? Is the vibrator on ? Did you feel it shake ?
"Wen ur lovable bcums angry wid u, dnt take it seriously.. Coz being angry is d most childish n true way of showing deep affection, care n luv!.. kettoda manda... Have nice day da.",ham,"Wen ur lovable bcums angry wid u, dnt take it seriously.. Coz being angry is d most childish n true way of showing deep affection, care n luv!.. kettoda manda... Have nice day da."
Lol for real. She told my dad I have cancer,ham,Lol for real. She told my dad I have cancer
Lol u still feeling sick?,ham,Lol u still feeling sick?
Havent mus ask if u can 1st wat. Of meet 4 lunch den u n him meet can already lor. Or u wan 2 go ask da ge 1st then confirm w me asap?,ham,Havent mus ask if u can 1st wat. Of meet 4 lunch den u n him meet can already lor. Or u wan 2 go ask da ge 1st then confirm w me asap?
"Sorry man, accidentally left my phone on silent last night and didn't check it til I got up",ham,"Sorry man, accidentally left my phone on silent last night and didn't check it til I got up"
I'm ok. Will do my part tomorrow,ham,I'm ok. Will do my part tomorrow
22 days to kick off! For Euro2004 U will be kept up to date with the latest news and results daily. To be removed send GET TXT STOP to 83222,spam,22 d a y s to kick o f f! For Euro2004 U w i l l be kept up to d a t e wi th the l a t e s t n e w s and results daily. To be removed s e n d G E T TXT S T O P to 83222
Please call Amanda with regard to renewing or upgrading your current T-Mobile handset free of charge. Offer ends today. Tel 0845 021 3680 subject to T's and C's,spam,P l e a s e c a l l Amanda w i t h regard to renewing or upgrading yo ur current T-M o b i l e ha ndset f ree of charge. O f f e r ends tod ay. Tel 0845 021 3680 subject to T's and C's
"Now u sound like manky scouse boy steve,like! I is travelling on da bus home.wot has u inmind 4 recreation dis eve?",ham,"Now u sound like manky scouse boy steve,like! I is travelling on da bus home.wot has u inmind 4 recreation dis eve?"
I surely dont forgot to come:)i will always be in touch in with you:-),ham,I surely dont forgot to come:)i will always be in touch in with you:-)
"Sure, I'll see if I can come by in a bit",ham,"Sure, I'll see if I can come by in a bit"
Just woke up. Yeesh its late. But I didn't fall asleep til &lt;#&gt; am :/,ham,Just woke up. Yeesh its late. But I didn't fall asleep til &lt;#&gt; am :/
Ok.,ham,Ok.
For real tho this sucks. I can't even cook my whole electricity is out. And I'm hungry.,ham,For real tho this sucks. I can't even cook my whole electricity is out. And I'm hungry.
Sounds great! Im going to sleep now. Have a good night!,ham,Sounds great! Im going to sleep now. Have a good night!
&lt;#&gt; mins but i had to stop somewhere first.,ham,&lt;#&gt; mins but i had to stop somewhere first.
No current and food here. I am alone also,ham,No current and food here. I am alone also
"LOOK AT AMY URE A BEAUTIFUL, INTELLIGENT WOMAN AND I LIKE U A LOT. I KNOW U DONT LIKE ME LIKE THAT SO DONT WORRY.",ham,"LOOK AT AMY URE A BEAUTIFUL, INTELLIGENT WOMAN AND I LIKE U A LOT. I KNOW U DONT LIKE ME LIKE THAT SO DONT WORRY."
"Hmmm ... And imagine after you've come home from that having to rub my feet, make me dinner and help me get ready for my date ! Are you sure your ready for that kind of life ?",ham,"Hmmm ... And imagine after you've come home from that having to rub my feet, make me dinner and help me get ready for my date ! Are you sure your ready for that kind of life ?"
Captain is in our room:),ham,Captain is in our room:)
"Ok da, i already planned. I wil pick you.",ham,"Ok da, i already planned. I wil pick you."
Omg I want to scream. I weighed myself and I lost more weight! Woohoo!,ham,Omg I want to scream. I weighed myself and I lost more weight! Woohoo!
Can i meet _ at 5.. As 4 where depends on where _ wan 2 in lor..,ham,Can i meet _ at 5.. As 4 where depends on where _ wan 2 in lor..
At 7 we will go ok na.,ham,At 7 we will go ok na.
Yup i'm free...,ham,Yup i'm free...
Thats cool. How was your day?,ham,Thats cool. How was your day?
K..k:)where are you?how did you performed?,ham,K..k:)where are you?how did you performed?
No problem baby. Is this is a good time to talk? I called and left a message.,ham,No problem baby. Is this is a good time to talk? I called and left a message.
Please call our customer service representative on FREEPHONE 0808 145 4742 between 9am-11pm as you have WON a guaranteed 1000 cash or 5000 prize!,spam,Pl ease c a l l o u r cust omer s e r v i c e r e p r e s e n t a t i v e on F R E E P H O N E 0808 145 4742 b e t w e e n 9am-11pm as y o u h a v e WON a g uaranteed 1 0 0 0 c a s h or 5 0 0 0 pri ze!
YO YO YO BYATCH WHASSUP?,ham,YO YO YO BYATCH WHASSUP?
New TEXTBUDDY Chat 2 horny guys in ur area 4 just 25p Free 2 receive Search postcode or at gaytextbuddy.com. TXT ONE name to 89693,spam,N e w TEXTBUDDY Ch at 2 horny guys in ur area 4 j u s t 25p F r e e 2 rece ive Search postcode or at gaytextbuddy.com. TXT ONE n ame to 89693
Not from this campus. Are you in the library?,ham,Not from this campus. Are you in the library?
 no home work to do meh...,ham, no home work to do meh...
U too...,ham,U too...
"Ask g or iouri, I've told the story like ten times already",ham,"Ask g or iouri, I've told the story like ten times already"
Don't forget though that I love you .... And I walk beside you. Watching over you and keeping your heart warm.,ham,Don't forget though that I love you .... And I walk beside you. Watching over you and keeping your heart warm.
Now get step 2 outta the way. Congrats again.,ham,Now get step 2 outta the way. Congrats again.
I HAVE A DATE ON SUNDAY WITH WILL!!,ham,I HAVE A DATE ON SUNDAY WITH WILL!!
Then get some cash together and I'll text jason,ham,Then get some cash together and I'll text jason
Where at were hungry too,ham,Where at were hungry too
My battery is low babe,ham,My battery is low babe
GSOH? Good with SPAM the ladies?U could b a male gigolo? 2 join the uk's fastest growing mens club reply ONCALL. mjzgroup. 08714342399.2stop reply STOP. msg@1.50rcvd,spam,GSOH? G ood wi th SP AM the ladies?U could b a male gigolo? 2 j oin the uk's fastest growing mens c lub r e p l y ONCALL. mjzgroup. 08714342399.2stop r e p l y S T O P. msg@1.50rcvd
"alright, I'll make sure the car is back tonight",ham,"alright, I'll make sure the car is back tonight"
"Well am officially in a philosophical hole, so if u wanna call am at home ready to be saved!",ham,"Well am officially in a philosophical hole, so if u wanna call am at home ready to be saved!"
i dnt wnt to tlk wid u,ham,i dnt wnt to tlk wid u
Today is ACCEPT DAY..U Accept me as? Brother Sister Lover Dear1 Best1 Clos1 Lvblefrnd Jstfrnd Cutefrnd Lifpartnr Belovd Swtheart Bstfrnd No rply means enemy,ham,Today is ACCEPT DAY..U Accept me as? Brother Sister Lover Dear1 Best1 Clos1 Lvblefrnd Jstfrnd Cutefrnd Lifpartnr Belovd Swtheart Bstfrnd No rply means enemy
Ok I'm gonna head up to usf in like fifteen minutes,ham,Ok I'm gonna head up to usf in like fifteen minutes
What is important is that you prevent dehydration by giving her enough fluids,ham,What is important is that you prevent dehydration by giving her enough fluids
How i noe... Did _ specify da domain as nusstu...  still in sch...,ham,How i noe... Did _ specify da domain as nusstu...  still in sch...
"Guy, no flash me now. If you go call me, call me. How madam. Take care oh.",ham,"Guy, no flash me now. If you go call me, call me. How madam. Take care oh."
You are a winner U have been specially selected 2 receive 1000 cash or a 4* holiday (flights inc) speak to a live operator 2 claim 0871277810810,spam,Y o u are a winn er U ha ve b een s p e c i a l l y s e l e c t e d 2 re ceive 1 0 0 0 ca sh or a 4* h o l i d a y (flights i n c) sp eak to a l i v e opera tor 2 cla im 0871277810810
But i juz remembered i gotta bathe my dog today..,ham,But i juz remembered i gotta bathe my dog today..
"I'm gonna be home soon and i don't want to talk about this stuff anymore tonight, k? I've cried enough today.",ham,"I'm gonna be home soon and i don't want to talk about this stuff anymore tonight, k? I've cried enough today."
"Storming msg: Wen u lift d phne, u say \HELLO\"" Do u knw wt is d real meaning of HELLO?? . . . It's d name of a girl..! . . . Yes.. And u knw who is dat girl?? \""Margaret Hello\"" She is d girlfrnd f Grahmbell who invnted telphone... . . . . Moral:One can 4get d name of a person",ham,"Storming msg: Wen u lift d phne, u say \HELLO\"" Do u knw wt is d real meaning of HELLO?? . . . It's d name of a girl..! . . . Yes.. And u knw who is dat girl?? \""Margaret Hello\"" She is d girlfrnd f Grahmbell who invnted telphone... . . . . Moral:One can 4get d name of a person"
Do you still have the grinder?,ham,Do you still have the grinder?
Audrie lousy autocorrect,ham,Audrie lousy autocorrect
Well at this right I'm gonna have to get up and check today's steam sales/pee so text me when you want me to come get you,ham,Well at this right I'm gonna have to get up and check today's steam sales/pee so text me when you want me to come get you
Hi did u decide wot 2 get 4 his bday if not ill prob jus get him a voucher frm virgin or sumfing,ham,Hi did u decide wot 2 get 4 his bday if not ill prob jus get him a voucher frm virgin or sumfing
Of cos can lar i'm not so ba dao ok... 1 pm lor... Y u never ask where we go ah... I said u would ask on fri but he said u will ask today...,ham,Of cos can lar i'm not so ba dao ok... 1 pm lor... Y u never ask where we go ah... I said u would ask on fri but he said u will ask today...
"\HELLO U.CALL WEN U FINISH WRK.I FANCY MEETIN UP WIV U ALL TONITE AS I NEED A BREAK FROM DABOOKS. DID 4 HRS LAST NITE+2 TODAY OF WRK!\""""",ham,"\HELLO U.CALL WEN U FINISH WRK.I FANCY MEETIN UP WIV U ALL TONITE AS I NEED A BREAK FROM DABOOKS. DID 4 HRS LAST NITE+2 TODAY OF WRK!\"""""
"Cool, text me when you're ready",ham,"Cool, text me when you're ready"
I got a call from a landline number. . . I am asked to come to anna nagar . . . I will go in the afternoon,ham,I got a call from a landline number. . . I am asked to come to anna nagar . . . I will go in the afternoon
Yes:)from last week itself i'm taking live call.,ham,Yes:)from last week itself i'm taking live call.
PRIVATE! Your 2003 Account Statement for shows 800 un-redeemed S.I.M. points. Call 08715203685 Identifier Code:4xx26 Expires 13/10/04,spam,PRIVA TE! Y o u r 2 003 Acc ount Stateme nt for s hows 800 un-r e d e e m e d S.I.M. p o i n t s. C a l l 08715203685 I d e n t i f i e r Co de:4xx26 E x p i r e s 13/10/04
"4 tacos + 1 rajas burrito, right?",ham,"4 tacos + 1 rajas burrito, right?"
Mum not going robinson already.,ham,Mum not going robinson already.
Any pain on urination any thing else?,ham,Any pain on urination any thing else?
K sure am in my relatives home. Sms me de. Pls:-),ham,K sure am in my relatives home. Sms me de. Pls:-)
"Today is \song dedicated day..\"" Which song will u dedicate for me? Send this to all ur valuable frnds but first rply me...""",ham,"Today is \song dedicated day..\"" Which song will u dedicate for me? Send this to all ur valuable frnds but first rply me..."""
How many licks does it take to get to the center of a tootsie pop?,ham,How many licks does it take to get to the center of a tootsie pop?
K:)k:)good:)study well.,ham,K:)k:)good:)study well.
Ok k..sry i knw 2 siva..tats y i askd..,ham,Ok k..sry i knw 2 siva..tats y i askd..
Most of the tiime when i don't let you hug me it's so i don't break into tears.,ham,Most of the tiime when i don't let you hug me it's so i don't break into tears.
Jus finish blowing my hair. U finish dinner already?,ham,Jus finish blowing my hair. U finish dinner already?
"Ive got some salt, you can rub it in my open wounds if you like!",ham,"Ive got some salt, you can rub it in my open wounds if you like!"
"U can WIN 100 of Music Gift Vouchers every week starting NOW Txt the word DRAW to 87066 TsCs  SkillGame, 1Winaweek, age16. 150ppermessSubscription",spam,"U can W I N 100 of M u s i c G i f t V o u c h e r s e very w eek starting N O W Txt the w o r d D R A W to 8 7066 TsCs  SkillGame, 1Winaweek, age16. 150ppermessSubscription"
Fine am simply sitting.,ham,Fine am simply sitting.
Okie.. Thanx..,ham,Okie.. Thanx..
"K, want us to come by now?",ham,"K, want us to come by now?"
"I got like $ &lt;#&gt; , I can get some more later though. Get whatever you feel like",ham,"I got like $ &lt;#&gt; , I can get some more later though. Get whatever you feel like"
"U need my presnts always bcz U cant mis love. \jeevithathile irulinae neekunna prakasamanu sneham\"" prakasam ennal prabha 'That mns prabha is'LOVE' Got it. Dont mis me....""",ham,"U need my presnts always bcz U cant mis love. \jeevithathile irulinae neekunna prakasamanu sneham\"" prakasam ennal prabha 'That mns prabha is'LOVE' Got it. Dont mis me...."""
Small problem in auction:)punj now asking tiwary,ham,Small problem in auction:)punj now asking tiwary
"I can't speak, bcaz mobile have problem. I can listen you but you cann't listen my voice. So i calls you later.",ham,"I can't speak, bcaz mobile have problem. I can listen you but you cann't listen my voice. So i calls you later."
"Probably not, still going over some stuff here",ham,"Probably not, still going over some stuff here"
"Dont give a monkeys wot they think and i certainly don't mind. Any friend of mine&all that! Just don't sleep wiv , that wud be annoyin!",ham,"Dont give a monkeys wot they think and i certainly don't mind. Any friend of mine&all that! Just don't sleep wiv , that wud be annoyin!"
"Chinatown got porridge, claypot rice, yam cake, fishhead beehoon... Either we eat cheap den go cafe n tok or go nydc or somethin...",ham,"Chinatown got porridge, claypot rice, yam cake, fishhead beehoon... Either we eat cheap den go cafe n tok or go nydc or somethin..."
"Alright, see you in a bit",ham,"Alright, see you in a bit"
Ok i found dis pierre cardin one which looks normal costs 20 its on sale.,ham,Ok i found dis pierre cardin one which looks normal costs 20 its on sale.
"Ups which is 3days also, and the shipping company that takes 2wks. The other way is usps which takes a week but when it gets to lag you may have to bribe nipost to get your stuff.",ham,"Ups which is 3days also, and the shipping company that takes 2wks. The other way is usps which takes a week but when it gets to lag you may have to bribe nipost to get your stuff."
Wat time do u wan 2 meet me later?,ham,Wat time do u wan 2 meet me later?
But my family not responding for anything. Now am in room not went to home for diwali but no one called me and why not coming. It makes me feel like died.,ham,But my family not responding for anything. Now am in room not went to home for diwali but no one called me and why not coming. It makes me feel like died.
Hai ana tomarrow am coming on morning. &lt;DECIMAL&gt; ill be there in sathy then we ll go to RTO office. Reply me after came to home.,ham,Hai ana tomarrow am coming on morning. &lt;DECIMAL&gt; ill be there in sathy then we ll go to RTO office. Reply me after came to home.
Ok lor. I ned 2 go toa payoh 4 a while 2 return smth u wan 2 send me there or wat?,ham,Ok lor. I ned 2 go toa payoh 4 a while 2 return smth u wan 2 send me there or wat?
Where to get those?,ham,Where to get those?
Mum ask _ to buy food home...,ham,Mum ask _ to buy food home...
You bad girl. I can still remember them,ham,You bad girl. I can still remember them
"Think i might have to give it a miss. Am teaching til twelve, then have lecture at two. Damn this working thing.",ham,"Think i might have to give it a miss. Am teaching til twelve, then have lecture at two. Damn this working thing."
Great to hear you are settling well. So what's happenin wit ola?,ham,Great to hear you are settling well. So what's happenin wit ola?
I'm sorry. I've joined the league of people that dont keep in touch. You mean a great deal to me. You have been a friend at all times even at great personal cost. Do have a great week.|,ham,I'm sorry. I've joined the league of people that dont keep in touch. You mean a great deal to me. You have been a friend at all times even at great personal cost. Do have a great week.|
Hey hun-onbus goin 2 meet him. He wants 2go out 4a meal but I donyt feel like it cuz have 2 get last bus home!But hes sweet latelyxxx,ham,Hey hun-onbus goin 2 meet him. He wants 2go out 4a meal but I donyt feel like it cuz have 2 get last bus home!But hes sweet latelyxxx
Taka lor. Wat time u wan 2 come n look 4 us?,ham,Taka lor. Wat time u wan 2 come n look 4 us?
important information 4 orange user 0789xxxxxxx. today is your lucky day!2find out why log onto  THERE'S A FANTASTIC SURPRISE AWAITING YOU!,spam,im portant i n f o r m a t i o n 4 o r a n g e u s e r 0789xxxxxxx. t oday is y our l u c k y day!2find o u t why l o g on to  T H E R E'S A FAN TASTIC SURPRISE A W A I T I N G Y O U!
Yun ah.now _ wkg where?btw if _ go nus sc.  wana specialise in wad?,ham,Yun ah.now _ wkg where?btw if _ go nus sc.  wana specialise in wad?
"Its so common hearin How r u? Wat r u doing? How was ur day? So let me ask u something different. Did u smile today? If not, do it now.... Gud evng.",ham,"Its so common hearin How r u? Wat r u doing? How was ur day? So let me ask u something different. Did u smile today? If not, do it now.... Gud evng."
They don't put that stuff on the roads to keep it from getting slippery over there?,ham,They don't put that stuff on the roads to keep it from getting slippery over there?
I am in a marriage function,ham,I am in a marriage function
Still in the area of the restaurant. Ill try to come back soon,ham,Still in the area of the restaurant. Ill try to come back soon
I enjoy watching and playing football and basketball. Anything outdoors. And you?,ham,I enjoy watching and playing football and basketball. Anything outdoors. And you?
"Watching cartoon, listening music &amp; at eve had to go temple &amp; church.. What about u?",ham,"Watching cartoon, listening music &amp; at eve had to go temple &amp; church.. What about u?"
Mathews or tait or edwards or anderson,ham,Mathews or tait or edwards or anderson
Ok thanx...,ham,Ok thanx...
"Okay, good, no problem, and thanx!",ham,"Okay, good, no problem, and thanx!"
Now press conference da:),ham,Now press conference da:)
Well good morning mr . Hows london treatin' ya treacle?,ham,Well good morning mr . Hows london treatin' ya treacle?
"Not sure yet, still trying to get a hold of him",ham,"Not sure yet, still trying to get a hold of him"
"Someone U know has asked our dating service 2 contact you! Cant guess who? CALL 09058095107 NOW all will be revealed. POBox 7, S3XY 150p",spam,"S o m e o n e U k n o w has asked o u r d a t i n g s e r v i c e 2 c o n t a c t y o u! Cant guess who? C A L L 09058095107 N O W a l l w i l l be revealed. P O B o x 7, S3XY 1 5 0 p"
"Oops - am at my mum's in somerset... Bit far! Back tomo, see you soon x",ham,"Oops - am at my mum's in somerset... Bit far! Back tomo, see you soon x"
How abt making some of the pics bigger?,ham,How abt making some of the pics bigger?
Loosu go to hospital. De dont let it careless.,ham,Loosu go to hospital. De dont let it careless.
Pls go there today &lt;#&gt; . I dont want any excuses,ham,Pls go there today &lt;#&gt; . I dont want any excuses
K..k:)how about your training process?,ham,K..k:)how about your training process?
Pls send me the correct name da.,ham,Pls send me the correct name da.
"sir, you will receive the account no another 1hr time. Sorry for the delay.",ham,"sir, you will receive the account no another 1hr time. Sorry for the delay."
I cant pick the phone right now. Pls send a message,ham,I cant pick the phone right now. Pls send a message
That's cause your old. I live to be high.,ham,That's cause your old. I live to be high.
Lmao ok I wont be needing u to do my hair anymore.,ham,Lmao ok I wont be needing u to do my hair anymore.
"Er, hello, things didnt quite go to plan  is limping slowly home followed by aa and with exhaust hanging off",ham,"Er, hello, things didnt quite go to plan  is limping slowly home followed by aa and with exhaust hanging off"
So what did the bank say about the money?,ham,So what did the bank say about the money?
Hi.what you think about match?,ham,Hi.what you think about match?
"Haha just kidding, papa needs drugs",ham,"Haha just kidding, papa needs drugs"
yeah sure thing mate haunt got all my stuff sorted but im going sound anyway promoting hex for .by the way who is this? dont know number. Joke,ham,yeah sure thing mate haunt got all my stuff sorted but im going sound anyway promoting hex for .by the way who is this? dont know number. Joke
Oh yes I can speak txt 2 u no! Hmm. Did u get email?,ham,Oh yes I can speak txt 2 u no! Hmm. Did u get email?
I tot u outside cos darren say u come shopping. Of course we nice wat. We jus went sim lim look at mp3 player.,ham,I tot u outside cos darren say u come shopping. Of course we nice wat. We jus went sim lim look at mp3 player.
URGENT! We are trying to contact you. Last weekends draw shows that you have won a 900 prize GUARANTEED. Call 09061701851. Claim code K61. Valid 12hours only,spam,U R G E N T! We are t rying to cont a c t y o u. L ast weekends d r a w s h o w s th at y o u h a v e won a 900 p r i z e G U A R A N T E E D. C a l l 09061701851. C l a i m c o d e K61. Va lid 12hours o n l y
Am not working but am up to eyes in philosophy so will text u later when a bit more free for chat...,ham,Am not working but am up to eyes in philosophy so will text u later when a bit more free for chat...
"Call me. I m unable to cal. Lets meet bhaskar, and deep",ham,"Call me. I m unable to cal. Lets meet bhaskar, and deep"
Shall i come to get pickle,ham,Shall i come to get pickle
When're you guys getting back? G said you were thinking about not staying for mcr,ham,When're you guys getting back? G said you were thinking about not staying for mcr
Aiyar dun disturb u liao... Thk u have lots 2 do aft ur cupboard come...,ham,Aiyar dun disturb u liao... Thk u have lots 2 do aft ur cupboard come...
Lol yep did that yesterday. Already got my fireplace. Now its just another icon sitting there for me.,ham,Lol yep did that yesterday. Already got my fireplace. Now its just another icon sitting there for me.
"Will u meet ur dream partner soon? Is ur career off 2 a flyng start? 2 find out free, txt HORO followed by ur star sign, e. g. HORO ARIES",spam,"W i l l u m e e t ur dream partner soon? Is ur career o f f 2 a flyng start? 2 f ind o u t fr ee, txt HORO followed by ur star sign, e. g. HORO ARIES"
Yes princess! I want to please you every night. Your wish is my command...,ham,Yes princess! I want to please you every night. Your wish is my command...
"It could work, we'll reach a consensus at the next meeting",ham,"It could work, we'll reach a consensus at the next meeting"
Otherwise had part time job na-tuition..,ham,Otherwise had part time job na-tuition..
All day working day:)except saturday and sunday..,ham,All day working day:)except saturday and sunday..
How come u got nothing to do?,ham,How come u got nothing to do?
Y dun cut too short leh. U dun like ah? She failed. She's quite sad.,ham,Y dun cut too short leh. U dun like ah? She failed. She's quite sad.
"Haha, my friend tyler literally just asked if you could get him a dubsack",ham,"Haha, my friend tyler literally just asked if you could get him a dubsack"
Does cinema plus drink appeal tomo? * Is a fr thriller by director i like on at mac at 8.30.,ham,Does cinema plus drink appeal tomo? * Is a fr thriller by director i like on at mac at 8.30.
"Sorry man my account's dry or I would, if you want we could trade back half or I could buy some shit with my credit card",ham,"Sorry man my account's dry or I would, if you want we could trade back half or I could buy some shit with my credit card"
"URGENT! Your Mobile No 07808726822 was awarded a 2,000 Bonus Caller Prize on 02/09/03! This is our 2nd attempt to contact YOU! Call 0871-872-9758 BOX95QU",spam,"URG ENT! Y our Mobi le No 07808726822 was a w a r d e d a 2,000 B o n u s Cal ler P rize on 02/09/03! Th is is o u r 2nd atte mpt to c o n t a c t Y O U! C a l l 0871-872-9758 BOX95QU"
Pls help me tell sura that i'm expecting a battery from hont. And that if should pls send me a message about how to download movies. Thanks,ham,Pls help me tell sura that i'm expecting a battery from hont. And that if should pls send me a message about how to download movies. Thanks
As one of our registered subscribers u can enter the draw 4 a 100 G.B. gift voucher by replying with ENTER. To unsubscribe text STOP,spam,As one of o u r registered subscribers u can en ter the dr aw 4 a 100 G.B. g ift vouch er by replying w i t h E NTER. To unsu bscribe t ext S T O P
You intrepid duo you! Have a great time and see you both soon.,ham,You intrepid duo you! Have a great time and see you both soon.
"Sir, waiting for your letter.",ham,"Sir, waiting for your letter."
Gud ni8 dear..slp well..take care..swt dreams..Muah..,ham,Gud ni8 dear..slp well..take care..swt dreams..Muah..
"I don't think I can get away for a trek that long with family in town, sorry",ham,"I don't think I can get away for a trek that long with family in town, sorry"
"Y cant u try new invention to fly..i'm not joking.,",ham,"Y cant u try new invention to fly..i'm not joking.,"
I tagged MY friends that you seemed to count as YOUR friends.,ham,I tagged MY friends that you seemed to count as YOUR friends.
I had askd u a question some hours before. Its answer,ham,I had askd u a question some hours before. Its answer
I'm at home. Please call,ham,I'm at home. Please call
WIN URGENT! Your mobile number has been awarded with a 2000 prize GUARANTEED call 09061790121 from land line. claim 3030 valid 12hrs only 150ppm,spam,W I N U R G E N T! Y o u r mob ile numb er has b een a w a r d e d w i t h a 2 0 0 0 p r i z e GUARA NTEED c a l l 09061790121 f r o m l a n d l i n e. c l a i m 30 30 v a l i d 12 hrs o nly 1 50ppm
Badrith is only for chennai:)i will surely pick for us:)no competition for him.,ham,Badrith is only for chennai:)i will surely pick for us:)no competition for him.
And of course you should make a stink!,ham,And of course you should make a stink!
Great. Hope you are using your connections from mode men also cos you can never know why old friends can lead you to today,ham,Great. Hope you are using your connections from mode men also cos you can never know why old friends can lead you to today
Cashbin.co.uk (Get lots of cash this weekend!)  Dear Welcome to the weekend We have got our biggest and best EVER cash give away!! These..,spam,Cashbin.co.uk (G e t lots of c a s h th is w e e k e n d!)  D ear W e l c o m e to the weeke nd We h a v e got o u r biggest and b e s t EVER c a s h g i v e away!! These..
Send this to ur friends and receive something about ur voice..... How is my speaking expression? 1.childish 2.naughty 3.Sentiment 4.rowdy 5.ful of attitude 6.romantic 7.shy 8.Attractive 9.funny &lt;#&gt; .irritating &lt;#&gt; .lovable. reply me..,ham,Send this to ur friends and receive something about ur voice..... How is my speaking expression? 1.childish 2.naughty 3.Sentiment 4.rowdy 5.ful of attitude 6.romantic 7.shy 8.Attractive 9.funny &lt;#&gt; .irritating &lt;#&gt; .lovable. reply me..
U don't remember that old commercial?,ham,U don't remember that old commercial?
Dear good morning how you feeling dear,ham,Dear good morning how you feeling dear
"Goodmorning, Today i am late for &lt;#&gt; min.",ham,"Goodmorning, Today i am late for &lt;#&gt; min."
I will send them to your email. Do you mind &lt;#&gt; times per night?,ham,I will send them to your email. Do you mind &lt;#&gt; times per night?
In which place i can get rooms cheap:-),ham,In which place i can get rooms cheap:-)
Hai dear friends... This is my new &amp; present number..:) By Rajitha Raj (Ranju),ham,Hai dear friends... This is my new &amp; present number..:) By Rajitha Raj (Ranju)
"What i mean was i left too early to check, cos i'm working a 9-6.",ham,"What i mean was i left too early to check, cos i'm working a 9-6."
Delhi and chennai still silent.,ham,Delhi and chennai still silent.
Now? I'm going out 4 dinner soon..,ham,Now? I'm going out 4 dinner soon..
"When you get free, call me",ham,"When you get free, call me"
Omg how did u know what I ate?,ham,Omg how did u know what I ate?
I'm ok wif it cos i like 2 try new things. But i scared u dun like mah. Cos u said not too loud.,ham,I'm ok wif it cos i like 2 try new things. But i scared u dun like mah. Cos u said not too loud.
"K give me a sec, breaking a &lt;#&gt; at cstore",ham,"K give me a sec, breaking a &lt;#&gt; at cstore"
Todays Voda numbers ending 7548 are selected to receive a $350 award. If you have a match please call 08712300220 quoting claim code 4041 standard rates app,spam,T o d a y s Voda num bers ending 7548 are s e l e c t e d to r e c e i v e a $350 a ward. If y o u h a v e a match p l e a s e ca ll 08712300220 quoting c l a i m c o d e 4041 standard r a t e s a p p
All will come alive.better correct any good looking figure there itself..,ham,All will come alive.better correct any good looking figure there itself..
So what do you guys do.,ham,So what do you guys do.
Hi dude hw r u da realy mising u today,ham,Hi dude hw r u da realy mising u today
HIYA STU WOT U UP 2.IM IN SO MUCH TRUBLE AT HOME AT MOMENT EVONE HATES ME EVEN U! WOT THE HELL AV I DONE NOW? Y WONT U JUST TELL ME TEXT BCK PLEASE LUV DAN,ham,HIYA STU WOT U UP 2.IM IN SO MUCH TRUBLE AT HOME AT MOMENT EVONE HATES ME EVEN U! WOT THE HELL AV I DONE NOW? Y WONT U JUST TELL ME TEXT BCK PLEASE LUV DAN
"In The Simpsons Movie released in July 2007 name the band that died at the start of the film? A-Green Day, B-Blue Day, C-Red Day. (Send A, B or C)",spam,"In The Simpsons Movie released in July 2007 n a m e the band t h a t died at the start of the film? A-Green Day, B-Blue Day, C-Red Day. (S e n d A, B or C)"
Save money on wedding lingerie at  Choose from a superb selection with national delivery. Brought to you by WeddingFriend,spam,Sa ve m o n e y on wedding lingerie at  C hoose f rom a superb selection w i t h nation al d e l i v e r y. Brought to y o u by WeddingFriend
Ugh. Gotta drive back to sd from la. My butt is sore.,ham,Ugh. Gotta drive back to sd from la. My butt is sore.
"What do you do, my dog ? Must I always wait till the end of your day to have word from you ? Did you run out of time on your cell already?",ham,"What do you do, my dog ? Must I always wait till the end of your day to have word from you ? Did you run out of time on your cell already?"
When did you get to the library,ham,When did you get to the library
5p 4 alfie Moon's Children in need song on ur mob. Tell ur m8s. Txt Tone charity to 8007 for Nokias or Poly charity for polys: zed 08701417012 profit 2 charity.,spam,5p 4 alfie Moon's Children in ne ed song on ur mob. T e l l ur m8s. Txt T one c h a r i t y to 8 007 for Nokias or P o l y cha rity for p olys: zed 08701417012 p r o f i t 2 ch arity.
So how's scotland. Hope you are not over showing your JJC tendencies. Take care. Live the dream,ham,So how's scotland. Hope you are not over showing your JJC tendencies. Take care. Live the dream
Wen did you get so spiritual and deep. That's great,ham,Wen did you get so spiritual and deep. That's great
SMS AUCTION You have won a Nokia 7250i. This is what you get when you win our FREE auction. To take part send Nokia to 86021 now. HG/Suite342/2Lands Row/W1JHL 16+,spam,S M S A U C T I O N Y o u h a v e won a N o k i a 7250i. T h i s is w h a t y o u g e t w hen y o u w i n o u r F REE a u c t i o n. To t ake p a r t s e n d N o k i a to 8 6021 n o w. HG/S u i t e 3 4 2/2 L a n d s Row/W1JHL 16+
And how's your husband.,ham,And how's your husband.
I wil be there with in &lt;#&gt; minutes. Got any space,ham,I wil be there with in &lt;#&gt; minutes. Got any space
I sent lanre fakeye's Eckankar details to the mail box,ham,I sent lanre fakeye's Eckankar details to the mail box
Im going to try for 2 months ha ha only joking,ham,Im going to try for 2 months ha ha only joking
I'll text now! All creepy like so he won't think that we forgot,ham,I'll text now! All creepy like so he won't think that we forgot
Cheers for the card ... Is it that time of year already?,ham,Cheers for the card ... Is it that time of year already?
"Mila, age23, blonde, new in UK. I look sex with UK guys. if u like fun with me. Text MTALK to 69866.18 . 30pp/txt 1st 5free. 1.50 increments. Help08718728876",spam,"Mila, age23, blonde, n e w in UK. I look s e x w i t h UK guys. if u l i k e f u n w i t h me. T ext MTALK to 69866.18 . 30pp/txt 1st 5free. 1.50 increments. Help08718728876"
Yeah he got in at 2 and was v apologetic. n had fallen out and she was actin like spoilt child and he got caught up in that. Till 2! But we won't go there! Not doing too badly cheers. You?,ham,Yeah he got in at 2 and was v apologetic. n had fallen out and she was actin like spoilt child and he got caught up in that. Till 2! But we won't go there! Not doing too badly cheers. You?
No wonder... Cos i dun rem seeing a silver car... But i thk i saw a black one...,ham,No wonder... Cos i dun rem seeing a silver car... But i thk i saw a black one...
But we havent got da topic yet rite?,ham,But we havent got da topic yet rite?
We have all rounder:)so not required:),ham,We have all rounder:)so not required:)
Havent stuck at orchard in my dad's car. Going 4 dinner now. U leh? So r they free tonight?,ham,Havent stuck at orchard in my dad's car. Going 4 dinner now. U leh? So r they free tonight?
I like to talk pa but am not able to. I dont know y.,ham,I like to talk pa but am not able to. I dont know y.
"Sorry, I'll call later",ham,"Sorry, I'll call later"
"Can you please ask macho what his price range is, does he want something new or used plus it he only interfued in the blackberry bold &lt;#&gt; or any bb",ham,"Can you please ask macho what his price range is, does he want something new or used plus it he only interfued in the blackberry bold &lt;#&gt; or any bb"
Dunno dat's wat he told me. Ok lor...,ham,Dunno dat's wat he told me. Ok lor...
Same to u...,ham,Same to u...
"Storming msg: Wen u lift d phne, u say \HELLO\"" Do u knw wt is d real meaning of HELLO?? . . . It's d name of a girl..! . . . Yes.. And u knw who is dat girl?? \""Margaret Hello\"" She is d girlfrnd f Grahmbell who invnted telphone... . . . . Moral:One can 4get d name of a person",ham,"Storming msg: Wen u lift d phne, u say \HELLO\"" Do u knw wt is d real meaning of HELLO?? . . . It's d name of a girl..! . . . Yes.. And u knw who is dat girl?? \""Margaret Hello\"" She is d girlfrnd f Grahmbell who invnted telphone... . . . . Moral:One can 4get d name of a person"
Yup. Izzit still raining heavily cos i'm in e mrt i can't c outside.,ham,Yup. Izzit still raining heavily cos i'm in e mrt i can't c outside.
Not yet had..ya sapna aunty manege y'day hogidhe..chinnu full weak and swalpa black agidhane..,ham,Not yet had..ya sapna aunty manege y'day hogidhe..chinnu full weak and swalpa black agidhane..
I am going to film 2day da. At 6pm. Sorry da.,ham,I am going to film 2day da. At 6pm. Sorry da.
No objection. My bf not coming.,ham,No objection. My bf not coming.
My exam is for february 4. Wish you a great day.,ham,My exam is for february 4. Wish you a great day.
Yavnt tried yet and never played original either,ham,Yavnt tried yet and never played original either
What time you thinkin of goin?,ham,What time you thinkin of goin?
"swhrt how u dey,hope ur ok, tot about u 2day.love n miss.take care.",ham,"swhrt how u dey,hope ur ok, tot about u 2day.love n miss.take care."
I want to lick your pussy now...,ham,I want to lick your pussy now...
We tried to contact you re your reply to our offer of 750 mins 150 textand a new video phone call 08002988890 now or reply for free delivery tomorrow,spam,We t r i e d to co ntact y o u re yo ur r eply to o u r of fer of 750 m i n s 150 textand a n e w v ideo p h o n e c a l l 08002988890 n o w or re ply for f r e e d e l i v e r y tomorrow
"Save yourself the stress. If the person has a dorm account, just send your account details and the money will be sent to you.",ham,"Save yourself the stress. If the person has a dorm account, just send your account details and the money will be sent to you."
Here got lots of hair dresser fr china.,ham,Here got lots of hair dresser fr china.
Oh ya ya. I remember da. .,ham,Oh ya ya. I remember da. .
Shhhhh nobody is supposed to know!,ham,Shhhhh nobody is supposed to know!
So _'ll be submitting da project tmr rite?,ham,So _'ll be submitting da project tmr rite?
Company is very good.environment is terrific and food is really nice:),ham,Company is very good.environment is terrific and food is really nice:)
Stupid.its not possible,ham,Stupid.its not possible
Moby Pub Quiz.Win a 100 High Street prize if u know who the new Duchess of Cornwall will be? Txt her first name to 82277.unsub STOP 1.50 008704050406 SP Arrow,spam,Moby Pub Q u i z.W i n a 100 High Street pr ize if u k n o w who the n e w Duchess of Cornwall w ill be? Txt h e r f i r s t n ame to 8 2 2 7 7.u n s u b S TOP 1.50 008704050406 SP Arrow
I'm freezing and craving ice. Fml,ham,I'm freezing and craving ice. Fml
Lol no. U can trust me.,ham,Lol no. U can trust me.
 bot notes oredi... Cos i juz rem i got...,ham, bot notes oredi... Cos i juz rem i got...
Sent me de webadres for geting salary slip,ham,Sent me de webadres for geting salary slip
Haha... Hope _ can hear the receipt sound... Gd luck!,ham,Haha... Hope _ can hear the receipt sound... Gd luck!
"By the way, i've put a skip right outside the front of the house so you can see which house it is. Just pull up before it.",ham,"By the way, i've put a skip right outside the front of the house so you can see which house it is. Just pull up before it."
I wanted to ask _ to wait 4 me to finish lect. Cos my lect finishes in an hour anyway.,ham,I wanted to ask _ to wait 4 me to finish lect. Cos my lect finishes in an hour anyway.
"As a valued customer, I am pleased to advise you that following recent review of your Mob No. you are awarded with a 1500 Bonus Prize, call 09066364589",spam,"As a va lued cust omer, I am pleased to advise y o u t h a t following recent review of y o u r Mob No. y o u are awar ded w i t h a 1500 Bo nus P r i z e, c a l l 09066364589"
Bishan lar nearer... No need buy so early cos if buy now i gotta park my car...,ham,Bishan lar nearer... No need buy so early cos if buy now i gotta park my car...
K then 2marrow are you coming to class.,ham,K then 2marrow are you coming to class.
Want to funk up ur fone with a weekly new tone reply TONES2U 2 this text.  the original n best. Tones 3GBP network operator rates apply,spam,Wa nt to funk up ur fone w i t h a w e e k l y n e w t one r e p l y TONES2U 2 t his t ext.  the original n be st. T o n e s 3GBP n etwork op erator ra tes a pply
No it will reach by 9 only. She telling she will be there. I dont know,ham,No it will reach by 9 only. She telling she will be there. I dont know
How come guoyang go n tell her? Then u told her?,ham,How come guoyang go n tell her? Then u told her?
That sucks. I'll go over so u can do my hair. You'll do it free right?,ham,That sucks. I'll go over so u can do my hair. You'll do it free right?
"Today is \song dedicated day..\"" Which song will u dedicate for me? Send this to all ur valuable frnds but first rply me...""",ham,"Today is \song dedicated day..\"" Which song will u dedicate for me? Send this to all ur valuable frnds but first rply me..."""
"Hmm well, night night",ham,"Hmm well, night night"
I will take care of financial problem.i will help:),ham,I will take care of financial problem.i will help:)
Ok.,ham,Ok.
I think the other two still need to get cash but we can def be ready by 9,ham,I think the other two still need to get cash but we can def be ready by 9
Go fool dont cheat others ok,ham,Go fool dont cheat others ok
"My friend, she's studying at warwick, we've planned to go shopping and to concert tmw, but it may be canceled, havn't seen for ages, yeah we should get together sometime!",ham,"My friend, she's studying at warwick, we've planned to go shopping and to concert tmw, but it may be canceled, havn't seen for ages, yeah we should get together sometime!"
I'm watching lotr w my sis dis aft. So u wan 2 meet me 4 dinner at nite a not?,ham,I'm watching lotr w my sis dis aft. So u wan 2 meet me 4 dinner at nite a not?
Its normally hot mail. Com you see!,ham,Its normally hot mail. Com you see!
"Yar lor he wan 2 go c horse racing today mah, so eat earlier lor. I ate chicken rice. U?",ham,"Yar lor he wan 2 go c horse racing today mah, so eat earlier lor. I ate chicken rice. U?"
Ha... Then we must walk to everywhere... Cannot take tram. My cousin said can walk to vic market from our hotel,ham,Ha... Then we must walk to everywhere... Cannot take tram. My cousin said can walk to vic market from our hotel
I dled 3d its very imp,ham,I dled 3d its very imp
"Hurry up, I've been weed-deficient for like three days",ham,"Hurry up, I've been weed-deficient for like three days"
"Once a fishrman woke early in d mrng. It was very dark. He waited a while &amp; found a sack ful of stones. He strtd throwin thm in2 d sea 2 pass time. Atlast he had jus 1stone, sun rose up &amp; he found out tht those r nt stones, those were diamonds. Moral:\Dont wake up early in d mrng'' GOOD night""",ham,"Once a fishrman woke early in d mrng. It was very dark. He waited a while &amp; found a sack ful of stones. He strtd throwin thm in2 d sea 2 pass time. Atlast he had jus 1stone, sun rose up &amp; he found out tht those r nt stones, those were diamonds. Moral:\Dont wake up early in d mrng'' GOOD night"""
Have you finished work yet? :),ham,Have you finished work yet? :)
Had your mobile 10 mths? Update to latest Orange camera/video phones for FREE. Save s with Free texts/weekend calls. Text YES for a callback orno to opt out,spam,Had y o u r m o b i l e 10 mths? U p d a t e to l a t e s t O range c a m e r a/vi deo p h o n e s for F R E E. S a v e s w ith F r e e tex ts/weeke nd c a l l s. T e x t Y E S for a callback orno to o p t o u t
Hey gals...U all wanna meet 4 dinner at nte?,ham,Hey gals...U all wanna meet 4 dinner at nte?
Then ur physics get a-?,ham,Then ur physics get a-?
Was actually sleeping and still might when u call back. So a text is gr8. You rock sis. Will send u a text wen i wake.,ham,Was actually sleeping and still might when u call back. So a text is gr8. You rock sis. Will send u a text wen i wake.
I've been barred from all B and Q stores for life!?This twat in orange dungerees came up to me and asked if I wanted decking? So I got the first punch in!!,ham,I've been barred from all B and Q stores for life!?This twat in orange dungerees came up to me and asked if I wanted decking? So I got the first punch in!!
"How is my boy? No sweet words left for me this morning ... *sighs* ... How goes you day, my love ? Did you start your studying?",ham,"How is my boy? No sweet words left for me this morning ... *sighs* ... How goes you day, my love ? Did you start your studying?"
I know! Grumpy old people. My mom was like you better not be lying. Then again I am always the one to play jokes...,ham,I know! Grumpy old people. My mom was like you better not be lying. Then again I am always the one to play jokes...
Are you plans with your family set in stone ?,ham,Are you plans with your family set in stone ?
Its ok my arm is feeling weak cuz i got a shot so we can go another time,ham,Its ok my arm is feeling weak cuz i got a shot so we can go another time
Tell dear what happen to you. Why you talking to me like an alian,ham,Tell dear what happen to you. Why you talking to me like an alian
Ok... Let u noe when i leave my house.,ham,Ok... Let u noe when i leave my house.
Forgot to tell _ smth.. Can _ like number the sections so that it's clearer..,ham,Forgot to tell _ smth.. Can _ like number the sections so that it's clearer..
Ok try to do week end course in coimbatore.,ham,Ok try to do week end course in coimbatore.
Last chance 2 claim ur 150 worth of discount vouchers-Text YES to 85023 now!SavaMob-member offers mobile T Cs 08717898035. 3.00 Sub. 16 . Remove txt X or STOP,spam,L ast c h a n c e 2 cla im ur 150 wo rth of d i s c o u n t vouc hers-T e x t Y E S to 8 5 0 2 3 n o w!S a v a M o b-m ember offe rs m o b i l e T Cs 08717898035. 3.00 Sub. 16 . Remove txt X or S T O P
"Honey, can you pls find out how much they sell Predicte in Nigeria. And how many times can it be used. Its very important to have a reply before monday",ham,"Honey, can you pls find out how much they sell Predicte in Nigeria. And how many times can it be used. Its very important to have a reply before monday"
Urgent Ur 500 guaranteed award is still unclaimed! Call 09066368327 NOW closingdate04/09/02 claimcode M39M51 1.50pmmorefrommobile2Bremoved-MobyPOBox734LS27YF,spam,U r g e n t Ur 500 g u a r a n t e e d a w a r d is s t i l l unclaimed! C a l l 09066368327 N O W closingdate04/09/02 claimcode M39M51 1.50pmmorefrommobile2Bremoved-MobyPOBox734LS27YF
Call 09095350301 and send our girls into erotic ecstacy. Just 60p/min. To stop texts call 08712460324 (nat rate),spam,C a l l 09095350301 and s e n d o u r girls into erotic ecstacy. J ust 60p/min. To s t o p t exts c a l l 08712 460324 (nat r a t e)
Free entry in 2 a wkly comp to win FA Cup final tkts 21st May 2005. Text FA to 87121 to receive entry question(std txt rate)T&C's apply 08452810075over18's,spam,F r e e e n t r y in 2 a w k l y c omp to w i n FA Cup f inal tkts 21st May 2005. Te xt FA to 87121 to r e c e i v e e n t r y q u e s t i o n(std txt ra te)T&C's a p p l y 08452810075over18's
WOT U UP 2 J?,ham,WOT U UP 2 J?
Daddy will take good care of you :),ham,Daddy will take good care of you :)
I've reached already.,ham,I've reached already.
She ran off with a younger man. we will make pretty babies together :),ham,She ran off with a younger man. we will make pretty babies together :)
Thanks 4 your continued support Your question this week will enter u in2 our draw 4 100 cash. Name the NEW US President? txt ans to 80082,spam,T h a n k s 4 y o u r continued support Y o u r que stion th is we ek wi ll en ter u in2 o u r d raw 4 100 c a s h. N ame the N E W US President? txt ans to 80082
"Hmmm... Guess we can go 4 kb n power yoga... Haha, dunno we can tahan power yoga anot... Thk got lo oso, forgot liao...",ham,"Hmmm... Guess we can go 4 kb n power yoga... Haha, dunno we can tahan power yoga anot... Thk got lo oso, forgot liao..."
I have 2 docs appointments next week.:/ I'm tired of them shoving stuff up me. Ugh why couldn't I have had a normal body?,ham,I have 2 docs appointments next week.:/ I'm tired of them shoving stuff up me. Ugh why couldn't I have had a normal body?
That's necessarily respectful,ham,That's necessarily respectful
In that case I guess I'll see you at campus lodge,ham,In that case I guess I'll see you at campus lodge
"Your free ringtone is waiting to be collected. Simply text the password \MIX\"" to 85069 to verify. Get Usher and Britney. FML",spam,"Y o u r f r e e r i n g t o n e is w a i t i n g to be collected. Simply t e x t the password \MIX\"" to 85069 to verify. G e t Usher and Britney. FML"
* You gonna ring this weekend or wot?,ham,* You gonna ring this weekend or wot?
I am waiting machan. Call me once you free.,ham,I am waiting machan. Call me once you free.
I was wondering if it would be okay for you to call uncle john and let him know that things are not the same in nigeria as they r here. That &lt;#&gt; dollars is 2years sent and that you know its a strain but i plan to pay back every dime he gives. Every dime so for me to expect anything from you is not practical. Something like that.,ham,I was wondering if it would be okay for you to call uncle john and let him know that things are not the same in nigeria as they r here. That &lt;#&gt; dollars is 2years sent and that you know its a strain but i plan to pay back every dime he gives. Every dime so for me to expect anything from you is not practical. Something like that.
Tessy..pls do me a favor. Pls convey my birthday wishes to Nimya..pls dnt forget it. Today is her birthday Shijas,ham,Tessy..pls do me a favor. Pls convey my birthday wishes to Nimya..pls dnt forget it. Today is her birthday Shijas
"Neither [in sterm voice] - i'm studying. All fine with me! Not sure the thing will be resolved, tho. Anyway. Have a fab hols",ham,"Neither [in sterm voice] - i'm studying. All fine with me! Not sure the thing will be resolved, tho. Anyway. Have a fab hols"
Why are u up so early?,ham,Why are u up so early?
Win a 1000 cash prize or a prize worth 5000,spam,W i n a 10 00 c ash pr ize or a p rize w orth 5 0 0 0
make that 3! 4 fucks sake?! x,ham,make that 3! 4 fucks sake?! x
"Yo, any way we could pick something up tonight?",ham,"Yo, any way we could pick something up tonight?"
You know my old Dom I told you about yesterday ? His name is Roger? He got in touch with me last night and wants me to meet him today at 2 pm,ham,You know my old Dom I told you about yesterday ? His name is Roger? He got in touch with me last night and wants me to meet him today at 2 pm
how tall are you princess?,ham,how tall are you princess?
Free any day but i finish at 6 on mon n thurs...,ham,Free any day but i finish at 6 on mon n thurs...
"\HEY DAS COOL... IKNOW ALL 2 WELLDA PERIL OF STUDENTFINANCIAL CRISIS!SPK 2 U L8R.\""""",ham,"\HEY DAS COOL... IKNOW ALL 2 WELLDA PERIL OF STUDENTFINANCIAL CRISIS!SPK 2 U L8R.\"""""
Hey what happen de. Are you alright.,ham,Hey what happen de. Are you alright.
How much you got for cleaning,ham,How much you got for cleaning
Sorry i'm not free...,ham,Sorry i'm not free...
First answer my question.,ham,First answer my question.
The Xmas story is peace.. The Xmas msg is love.. The Xmas miracle is jesus.. Hav a blessed month ahead &amp; wish U Merry Xmas...,ham,The Xmas story is peace.. The Xmas msg is love.. The Xmas miracle is jesus.. Hav a blessed month ahead &amp; wish U Merry Xmas...
Message:some text missing* Sender:Name Missing* *Number Missing *Sent:Date missing *Missing U a lot thats y everything is missing sent via fullonsms.com,ham,Message:some text missing* Sender:Name Missing* *Number Missing *Sent:Date missing *Missing U a lot thats y everything is missing sent via fullonsms.com
Good morning pookie pie! Lol hope I didn't wake u up,ham,Good morning pookie pie! Lol hope I didn't wake u up
U have a secret admirer. REVEAL who thinks U R So special. Call 09065174042. To opt out Reply REVEAL STOP. 1.50 per msg recd. Cust care 07821230901,spam,U h a v e a secr et ad mirer. REVE AL who t h i n k s U R So s p e c i a l. Ca ll 09065174042. To o p t o u t Re ply R EVEAL S TOP. 1.50 p e r msg recd. Cust care 07821230901
"The affidavit says &lt;#&gt; E Twiggs St, division g, courtroom &lt;#&gt; , &lt;TIME&gt; AM. I'll double check and text you again tomorrow",ham,"The affidavit says &lt;#&gt; E Twiggs St, division g, courtroom &lt;#&gt; , &lt;TIME&gt; AM. I'll double check and text you again tomorrow"
Doing my masters. When will you buy a bb cos i have for sale and how's bf,ham,Doing my masters. When will you buy a bb cos i have for sale and how's bf
Hurt me... Tease me... Make me cry... But in the end of my life when i die plz keep one rose on my grave and say STUPID I MISS U.. HAVE A NICE DAY BSLVYL,ham,Hurt me... Tease me... Make me cry... But in the end of my life when i die plz keep one rose on my grave and say STUPID I MISS U.. HAVE A NICE DAY BSLVYL
Aight do you still want to get money,ham,Aight do you still want to get money
I'm at work. Please call,ham,I'm at work. Please call
"Ok, be careful ! Don't text and drive !",ham,"Ok, be careful ! Don't text and drive !"
Detroit. The home of snow. Enjoy it.,ham,Detroit. The home of snow. Enjoy it.
So what u doing today?,ham,So what u doing today?
"Sorry, I'll call later",ham,"Sorry, I'll call later"
We tried to contact you re your reply to our offer of a Video Handset? 750 anytime networks mins? UNLIMITED TEXT? Camcorder? Reply or call 08000930705 NOW,spam,We tr ied to co ntact y o u re y o u r re ply to o u r o ffer of a Vi deo Han dset? 750 a n y t i m e networks m ins? UN LIMITED TE XT? C a m c o r d e r? R e p l y or ca ll 08 00 0930705 N O W
Hey leave it. not a big deal:-) take care.,ham,Hey leave it. not a big deal:-) take care.
No da. I am happy that we sit together na,ham,No da. I am happy that we sit together na
No calls..messages..missed calls,ham,No calls..messages..missed calls
Ever thought about living a good life with a perfect partner? Just txt back NAME and AGE to join the mobile community. (100p/SMS),spam,Ever thought a b o u t living a g ood life w ith a perfect partner? J ust txt b a c k N A M E and A G E to jo in the mo bile community. (100p/S M S)
What should i eat fo lunch senor,ham,What should i eat fo lunch senor
Was the actual exam harder than NBME,ham,Was the actual exam harder than NBME
Yup no more already... Thanx 4 printing n handing it up.,ham,Yup no more already... Thanx 4 printing n handing it up.
Company is very good.environment is terrific and food is really nice:),ham,Company is very good.environment is terrific and food is really nice:)
You have to pls make a note of all she.s exposed to. Also find out from her school if anyone else was vomiting. Is there a dog or cat in the house? Let me know later.,ham,You have to pls make a note of all she.s exposed to. Also find out from her school if anyone else was vomiting. Is there a dog or cat in the house? Let me know later.
A cute thought for friendship: \Its not necessary to share every secret with ur close Frnd,ham,A cute thought for friendship: \Its not necessary to share every secret with ur close Frnd
I hope you know I'm still mad at you.,ham,I hope you know I'm still mad at you.
TELL HER I SAID EAT SHIT.,ham,TELL HER I SAID EAT SHIT.
Tell them the drug dealer's getting impatient,ham,Tell them the drug dealer's getting impatient
Ur cash-balance is currently 500 pounds - to maximize ur cash-in now send GO to 86688 only 150p/meg. CC: 08718720201 HG/Suite342/2lands Row/W1j6HL,spam,Ur ca sh-balance is curr ently 500 p ounds - to maximize ur ca sh-in n o w se nd GO to 86 688 o n l y 1 50p/meg. CC: 08718720201 HG/S u i t e 3 4 2/2 l a n d s Row/W1j6HL
When _ login dat time... Dad fetching _ home now?,ham,When _ login dat time... Dad fetching _ home now?
"I got arrested for possession at, I shit you not, &lt;TIME&gt; pm",ham,"I got arrested for possession at, I shit you not, &lt;TIME&gt; pm"
FreeMsg: Hey - I'm Buffy. 25 and love to satisfy men. Home alone feeling randy. Reply 2 C my PIX! QlynnBV Help08700621170150p a msg Send stop to stop txts,spam,Fr eeMsg: Hey - I'm Buffy. 25 and l ove to satisfy m e n. Home alone feeling randy. Rep ly 2 C my PIX! QlynnBV Help08700621170150p a msg Se nd s t o p to s t o p t x t s
"If you're still up, maybe leave the credit card so I can get gas when I get back like he told me to",ham,"If you're still up, maybe leave the credit card so I can get gas when I get back like he told me to"
Oh ok i didnt know what you meant. Yep i am baby jontin,ham,Oh ok i didnt know what you meant. Yep i am baby jontin
No one interested. May be some business plan.,ham,No one interested. May be some business plan.
TheMob>Yo yo yo-Here comes a new selection of hot downloads for our members to get for FREE! Just click & open the next link sent to ur fone...,spam,TheMob>Yo yo yo-Here comes a n e w selection of h o t downloads for o u r members to g e t for FR EE! J u s t c lick & open the n ext link s e n t to ur fone...
Purity of friendship between two is not about smiling after reading the forwarded message..Its about smiling just by seeing the name. Gud evng musthu,ham,Purity of friendship between two is not about smiling after reading the forwarded message..Its about smiling just by seeing the name. Gud evng musthu
K.i did't see you.:)k:)where are you now?,ham,K.i did't see you.:)k:)where are you now?
"Sorry, I'll call later",ham,"Sorry, I'll call later"
"Do whatever you want. You know what the rules are. We had a talk earlier this week about what had to start happening, you showing responsibility. Yet, every week it's can i bend the rule this way? What about that way? Do whatever. I'm tired of having thia same argument with you every week. And a &lt;#&gt; movie DOESNT inlude the previews. You're still getting in after 1.",ham,"Do whatever you want. You know what the rules are. We had a talk earlier this week about what had to start happening, you showing responsibility. Yet, every week it's can i bend the rule this way? What about that way? Do whatever. I'm tired of having thia same argument with you every week. And a &lt;#&gt; movie DOESNT inlude the previews. You're still getting in after 1."
"I call you later, don't have network. If urgnt, sms me.",ham,"I call you later, don't have network. If urgnt, sms me."
Ok i've sent u da latest version of da project.,ham,Ok i've sent u da latest version of da project.
FREE for 1st week! No1 Nokia tone 4 ur mobile every week just txt NOKIA to 8077 Get txting and tell ur mates.  POBox 36504 W45WQ 16+ norm150p/tone,spam,FR EE for 1st we ek! No1 N okia to ne 4 ur mobi le ev ery w e e k j u s t txt N OKIA to 8077 G e t tx ting and t e l l ur m ates.  P O B o x 36504 W45WQ 16+ norm150p/t o n e
"Haha, that was the first person I was gonna ask",ham,"Haha, that was the first person I was gonna ask"
Oops my phone died and I didn't even know. Yeah I like it better.,ham,Oops my phone died and I didn't even know. Yeah I like it better.
Think you sent the text to the home phone. That cant display texts. If you still want to send it his number is,ham,Think you sent the text to the home phone. That cant display texts. If you still want to send it his number is
Awww dat is sweet! We can think of something to do he he! Have a nice time tonight ill probably txt u later cos im lonely :( xxx.,ham,Awww dat is sweet! We can think of something to do he he! Have a nice time tonight ill probably txt u later cos im lonely :( xxx.
Where u been hiding stranger?,ham,Where u been hiding stranger?
Ringtone Club: Gr8 new polys direct to your mobile every week !,spam,Rin gtone C l u b: Gr8 n e w pol ys dir ect to y our mobi le e v e r y we ek !
Babes I think I got ur brolly I left it in English wil bring it in 2mrw 4 u luv Franxx,ham,Babes I think I got ur brolly I left it in English wil bring it in 2mrw 4 u luv Franxx
"I call you later, don't have network. If urgnt, sms me.",ham,"I call you later, don't have network. If urgnt, sms me."
"Er yeah, i will b there at 15:26, sorry! Just tell me which pub/cafe to sit in and come wen u can",ham,"Er yeah, i will b there at 15:26, sorry! Just tell me which pub/cafe to sit in and come wen u can"
"Wan2 win a Meet+Greet with Westlife 4 U or a m8? They are currently on what tour? 1)Unbreakable, 2)Untamed, 3)Unkempt. Text 1,2 or 3 to 83049. Cost 50p +std text",spam,"Wan2 w i n a M e e t+Greet wi th Westlife 4 U or a m8? Th ey are curre ntly on w h a t tour? 1)Unbreakable, 2)Untamed, 3)Unkempt. T e x t 1,2 or 3 to 83049. C o s t 50p +std te xt"
"Gr8 Poly tones 4 ALL mobs direct 2u rply with POLY TITLE to 8007 eg POLY BREATHE1 Titles: CRAZYIN, SLEEPINGWITH, FINEST, YMCA :getzed.co.uk POBox365O4W45WQ 300p",spam,"Gr8 P oly t o n e s 4 A L L mobs d i r e c t 2u rply w i t h P OLY TITLE to 8 0 0 7 eg P O L Y BREATHE1 Titles: CRAZYIN, SLEEPINGWITH, FINEST, YMCA :getzed.co.uk POBox365O4W45WQ 300p"
Me too! Have a lovely night xxx,ham,Me too! Have a lovely night xxx
"Fuck babe ... I miss you already, you know ? Can't you let me send you some money towards your net ? I need you ... I want you ... I crave you ...",ham,"Fuck babe ... I miss you already, you know ? Can't you let me send you some money towards your net ? I need you ... I want you ... I crave you ..."
No it's waiting in e car dat's bored wat. Cos wait outside got nothing 2 do. At home can do my stuff or watch tv wat.,ham,No it's waiting in e car dat's bored wat. Cos wait outside got nothing 2 do. At home can do my stuff or watch tv wat.
"Just gettin a bit arty with my collages at the mo, well tryin 2 ne way! Got a roast in a min lovely i shall enjoy that!",ham,"Just gettin a bit arty with my collages at the mo, well tryin 2 ne way! Got a roast in a min lovely i shall enjoy that!"
"Yeah I am, so I'll leave maybe 7ish?",ham,"Yeah I am, so I'll leave maybe 7ish?"
I REALLY NEED 2 KISS U I MISS U MY BABY FROM UR BABY 4EVA,ham,I REALLY NEED 2 KISS U I MISS U MY BABY FROM UR BABY 4EVA
Never try alone to take the weight of a tear that comes out of ur heart and falls through ur eyes... Always remember a STUPID FRIEND is here to share... BSLVYL,ham,Never try alone to take the weight of a tear that comes out of ur heart and falls through ur eyes... Always remember a STUPID FRIEND is here to share... BSLVYL
"7 wonders in My WORLD 7th You 6th Ur style 5th Ur smile 4th Ur Personality 3rd Ur Nature 2nd Ur SMS and 1st \Ur Lovely Friendship\""... good morning dear""",ham,"7 wonders in My WORLD 7th You 6th Ur style 5th Ur smile 4th Ur Personality 3rd Ur Nature 2nd Ur SMS and 1st \Ur Lovely Friendship\""... good morning dear"""
Ok. C u then.,ham,Ok. C u then.
Ya even those cookies have jelly on them,ham,Ya even those cookies have jelly on them
"1) Go to write msg 2) Put on Dictionary mode 3)Cover the screen with hand, 4)Press &lt;#&gt; . 5)Gently remove Ur hand.. Its interesting..:)",ham,"1) Go to write msg 2) Put on Dictionary mode 3)Cover the screen with hand, 4)Press &lt;#&gt; . 5)Gently remove Ur hand.. Its interesting..:)"
But i'll b going 2 sch on mon. My sis need 2 take smth.,ham,But i'll b going 2 sch on mon. My sis need 2 take smth.
 widelive.com/index. wml?id=820554ad0a1705572711&first=trueC C Ringtone,spam, widelive.com/index. wml?id=820554ad0a1705572711&f i r s t=trueC C Ri ngtone
Boo. How's things? I'm back at home and a little bored already :-(,ham,Boo. How's things? I'm back at home and a little bored already :-(
WOT STUDENT DISCOUNT CAN U GET ON BOOKS?,ham,WOT STUDENT DISCOUNT CAN U GET ON BOOKS?
I cant pick the phone right now. Pls send a message,ham,I cant pick the phone right now. Pls send a message
Lol they don't know about my awesome phone. I could click delete right now if I want.,ham,Lol they don't know about my awesome phone. I could click delete right now if I want.
"TheMob> Check out our newest selection of content, Games, Tones, Gossip, babes and sport, Keep your mobile fit and funky text WAP to 82468",spam,"TheMob> Check o u t o u r newest selection of c o n t e n t, G a m e s, To nes, Gossip, babes and sport, K eep y o u r mo bile fit and funky t e x t WAP to 82468"
Gokila is talking with you aha:),ham,Gokila is talking with you aha:)
No rushing. I'm not working. I'm in school so if we rush we go hungry.,ham,No rushing. I'm not working. I'm in school so if we rush we go hungry.
Lol they were mad at first but then they woke up and gave in.,ham,Lol they were mad at first but then they woke up and gave in.
FREE MSG:We billed your mobile number by mistake from shortcode 83332.Please call 08081263000 to have charges refunded.This call will be free from a BT landline,spam,FR EE MSG:We billed y o u r m obile num ber by mistake f r o m shortcode 83332.Plea se ca ll 08081263000 to h a v e charges refunded.T h i s c a l l w ill be f r e e fr om a BT l andline
Meeting u is my work. . . Tel me when shall i do my work tomorrow,ham,Meeting u is my work. . . Tel me when shall i do my work tomorrow
"Alright omw, gotta change my order to a half8th",ham,"Alright omw, gotta change my order to a half8th"
Warner Village 83118 C Colin Farrell in SWAT this wkend @Warner Village & get 1 free med. Popcorn!Just show msg+ticket@kiosk.Valid 4-7/12. C t&c @kiosk. Reply SONY 4 mre film offers,spam,Warner Village 83118 C Colin Farrell in SWAT t h i s wkend @Warner Village & g e t 1 f ree m e d. Popcorn!J u s t show msg+ticket@kiosk.V alid 4-7/12. C t&c @kiosk. R e p l y S O N Y 4 mre film o f f e r s
Then _ come n pick me at 530 ar?,ham,Then _ come n pick me at 530 ar?
Oh great. I.ll disturb him more so that we can talk.,ham,Oh great. I.ll disturb him more so that we can talk.
Good. do you think you could send me some pix? I would love to see your top and bottom...,ham,Good. do you think you could send me some pix? I would love to see your top and bottom...
Hi' Test on &lt;#&gt; rd ....,ham,Hi' Test on &lt;#&gt; rd ....
Great News! Call FREEFONE 08006344447 to claim your guaranteed 1000 CASH or 2000 gift. Speak to a live operator NOW!,spam,G reat N e w s! C a l l FREEFONE 08006344447 to c l a i m y o u r g u a r a n t e e d 1 0 0 0 C ASH or 2 0 0 0 g ift. S p e a k to a li ve op erator N O W!
"Almost there, see u in a sec",ham,"Almost there, see u in a sec"
Aft i finish my lunch then i go str down lor. Ard 3 smth lor. U finish ur lunch already?,ham,Aft i finish my lunch then i go str down lor. Ard 3 smth lor. U finish ur lunch already?
Lara said she can loan me &lt;#&gt; .,ham,Lara said she can loan me &lt;#&gt; .
Prepare to be pleasured :),ham,Prepare to be pleasured :)
Juz go google n search 4 qet...,ham,Juz go google n search 4 qet...
When/where do I pick you up,ham,When/where do I pick you up
Are you there in room.,ham,Are you there in room.
Then u go back urself lor...,ham,Then u go back urself lor...
"No i'm not. I can't give you everything you want and need. You actually could do better for yourself on yor own--you've got more money than i do. I can't get work, i can't get a man, i can't pay the rent, i can't even fill my fucking gas tank. yes, i'm stressed and depressed. I didn't even call home for thanksgiving cuz i'll have to tell them i,m up to nothing.",ham,"No i'm not. I can't give you everything you want and need. You actually could do better for yourself on yor own--you've got more money than i do. I can't get work, i can't get a man, i can't pay the rent, i can't even fill my fucking gas tank. yes, i'm stressed and depressed. I didn't even call home for thanksgiving cuz i'll have to tell them i,m up to nothing."
Haven't eaten all day. I'm sitting here staring at this juicy pizza and I can't eat it. These meds are ruining my life.,ham,Haven't eaten all day. I'm sitting here staring at this juicy pizza and I can't eat it. These meds are ruining my life.
Msg me when rajini comes.,ham,Msg me when rajini comes.
Nite nite pocay wocay luv u more than n e thing 4eva I promise ring u 2morrowxxxx,ham,Nite nite pocay wocay luv u more than n e thing 4eva I promise ring u 2morrowxxxx
"Kate jackson rec center before 7ish, right?",ham,"Kate jackson rec center before 7ish, right?"
Have a good evening! Ttyl,ham,Have a good evening! Ttyl
Sac needs to carry on:),ham,Sac needs to carry on:)
Ok... Sweet dreams...,ham,Ok... Sweet dreams...
"Arms fine, how's Cardiff and uni?",ham,"Arms fine, how's Cardiff and uni?"
"see you then, we're all christmassy here!",ham,"see you then, we're all christmassy here!"
"Hey Boys. Want hot XXX pics sent direct 2 ur phone? Txt PORN to 69855, 24Hrs free and then just 50p per day. To stop text STOPBCM SF WC1N3XX",spam,"Hey Boys. W a n t h o t XXX pi cs se nt d irect 2 ur p h o n e? Txt PORN to 69855, 24Hrs f r e e and t hen j u s t 50p p e r day. To s t o p t e x t STOPBCM SF WC1N3XX"
I wanted to wish you a Happy New Year and I wanted to talk to you about some legal advice to do with when Gary and I split but in person. I'll make a trip to Ptbo for that. I hope everything is good with you babe and I love ya :),ham,I wanted to wish you a Happy New Year and I wanted to talk to you about some legal advice to do with when Gary and I split but in person. I'll make a trip to Ptbo for that. I hope everything is good with you babe and I love ya :)
So i could kiss and feel you next to me...,ham,So i could kiss and feel you next to me...
Some of them told accenture is not confirm. Is it true.,ham,Some of them told accenture is not confirm. Is it true.
WOW! The Boys R Back. TAKE THAT 2007 UK Tour. Win VIP Tickets & pre-book with VIP Club. Txt CLUB to 81303. Trackmarque Ltd info@vipclub4u.,spam,W O W! The Boys R B a c k. T AKE T HAT 2007 UK Tour. W i n V I P Tickets & pre-b ook wi th V I P C lub. Txt C L U B to 81303. Trackmarque Ltd i nfo@vipclub4u.
Oh k.i think most of wi and nz players unsold.,ham,Oh k.i think most of wi and nz players unsold.
Yes. Rent is very expensive so its the way we save.,ham,Yes. Rent is very expensive so its the way we save.
There are many company. Tell me the language.,ham,There are many company. Tell me the language.
"FreeMsg Why haven't you replied to my text? I'm Randy, sexy, female and live local. Luv to hear from u. Netcollex Ltd 08700621170150p per msg reply Stop to end",spam,"Fre eMsg Why haven't y o u replied to my t e x t? I'm Randy, s exy, female and l ive local. Luv to hear f r o m u. Netcollex Ltd 08700621170150p p e r msg r e p l y S t o p to end"
Sorry! U can not unsubscribe yet. THE MOB offer package has a min term of 54 weeks> pls resubmit request after expiry. Reply THEMOB HELP 4 more info,spam,Sorry! U can not u n s u b s c r i b e yet. THE MOB o f f e r package has a min term of 54 w eeks> pls resubmit request after expiry. Re ply THEMOB H E L P 4 m o r e i n f o
"Cool, want me to go to kappa or should I meet you outside mu",ham,"Cool, want me to go to kappa or should I meet you outside mu"
This message is free. Welcome to the new & improved Sex & Dogging club! To unsubscribe from this service reply STOP. msgs@150p 18 only,spam,T h i s mes sage is f ree. Welco me to the n e w & improved S e x & Do gging cl ub! To u n s u b s c r i b e f r o m t his s e r v i c e rep ly S T O P. m s g s@1 50p 18 on ly
Sos! Any amount i can get pls.,ham,Sos! Any amount i can get pls.
Does she usually take fifteen fucking minutes to respond to a yes or no question,ham,Does she usually take fifteen fucking minutes to respond to a yes or no question
Remember to ask alex about his pizza,ham,Remember to ask alex about his pizza
"HELLOGORGEOUS, HOWS U? MY FONE WAS ON CHARGE LST NITW WEN U TEXD ME. HOPEU AD A NICE WKEND AS IM SURE U DID LOOKIN 4WARD 2 C-IN U 2MRW LUV JAZ",ham,"HELLOGORGEOUS, HOWS U? MY FONE WAS ON CHARGE LST NITW WEN U TEXD ME. HOPEU AD A NICE WKEND AS IM SURE U DID LOOKIN 4WARD 2 C-IN U 2MRW LUV JAZ"
I'll reach in ard 20 mins ok...,ham,I'll reach in ard 20 mins ok...
Xy trying smth now. U eat already? We havent...,ham,Xy trying smth now. U eat already? We havent...
They just talking thats it de. They wont any other.,ham,They just talking thats it de. They wont any other.
"FREE MESSAGE Activate your 500 FREE Text Messages by replying to this message with the word FREE For terms & conditions, visit ",spam,"F R E E M E S S A G E Activate y our 500 F R E E Te xt M e s s a g e s by replying to t his me ssage w i t h the w o r d F REE For t erms & conditions, v i s i t "
Lol your always so convincing.,ham,Lol your always so convincing.
You know what hook up means right?,ham,You know what hook up means right?
Well done ENGLAND! Get the official poly ringtone or colour flag on yer mobile! text TONE or FLAG to 84199 NOW! Opt-out txt ENG STOP. Box39822 W111WX 1.50,spam,Well done E N G L A N D! G e t the official p o l y r i n g t o n e or col our f lag on yer m o b i l e! t e x t T O N E or FL AG to 84199 N O W! O p t-o u t txt ENG S T O P. Box39822 W111WX 1.50
Long beach lor. Expected... U having dinner now?,ham,Long beach lor. Expected... U having dinner now?
For fear of fainting with the of all that housework you just did? Quick have a cuppa,ham,For fear of fainting with the of all that housework you just did? Quick have a cuppa
"Got ur mail Dileep.thank you so muchand look forward to lots of support...very less contacts here,remember one venugopal you mentioned.tomorrow if not late,i shall try to come up till there.goodnight dear.",ham,"Got ur mail Dileep.thank you so muchand look forward to lots of support...very less contacts here,remember one venugopal you mentioned.tomorrow if not late,i shall try to come up till there.goodnight dear."
Okay same with me. Well thanks for the clarification,ham,Okay same with me. Well thanks for the clarification
The current leading bid is 151. To pause this auction send OUT. Customer Care: 08718726270,spam,The current leading bid is 151. To pause t h i s a u c t i o n s e n d O U T. Cust omer Care: 08718726270
"Hello darling how are you today? I would love to have a chat, why dont you tell me what you look like and what you are in to sexy?",spam,"Hello darling how are y o u tod ay? I would l o v e to h ave a c h a t, why d o n t y o u t ell me w hat y o u look l i k e and w hat y o u are in to s e x y?"
Bring it if you got it,ham,Bring it if you got it
No da:)he is stupid da..always sending like this:)don believe any of those message.pandy is a mental:),ham,No da:)he is stupid da..always sending like this:)don believe any of those message.pandy is a mental:)
Are your freezing ? Are you home yet ? Will you remember to kiss your mom in the morning? Do you love me ? Do you think of me ? Are you missing me yet ?,ham,Are your freezing ? Are you home yet ? Will you remember to kiss your mom in the morning? Do you love me ? Do you think of me ? Are you missing me yet ?
Blank is Blank. But wat is blank? Lol,ham,Blank is Blank. But wat is blank? Lol
K:)eng rocking in ashes:),ham,K:)eng rocking in ashes:)
I am taking half day leave bec i am not well,ham,I am taking half day leave bec i am not well
"Awesome, that gonna be soon or later tonight?",ham,"Awesome, that gonna be soon or later tonight?"
500 free text msgs. Just text ok to 80488 and we'll credit your account,spam,500 fr ee t ext ms gs. J u s t t e x t ok to 80488 and we'll c redit yo ur a c c o u n t
Nope. Meanwhile she talk say make i greet you.,ham,Nope. Meanwhile she talk say make i greet you.
My sister cleared two round in birla soft yesterday.,ham,My sister cleared two round in birla soft yesterday.
Just getting back home,ham,Just getting back home
"Not much, just some textin'. How bout you?",ham,"Not much, just some textin'. How bout you?"
Had your mobile 11 months or more? U R entitled to Update to the latest colour mobiles with camera for Free! Call The Mobile Update Co FREE on 08002986030,spam,Had y o u r m o b i l e 11 months or m o r e? U R entitled to U p d a t e to the l a t e s t c o l o u r m o b i l e s w i t h c a m e r a for F r e e! C a l l The M o b i l e U p d a t e Co FR EE on 08002986030
Guai...  shd haf seen him when he's naughty...  so free today? Can go jogging...,ham,Guai...  shd haf seen him when he's naughty...  so free today? Can go jogging...
"Will do, you gonna be at blake's all night? I might be able to get out of here a little early",ham,"Will do, you gonna be at blake's all night? I might be able to get out of here a little early"
"I.ll always be there, even if its just in spirit. I.ll get a bb soon. Just trying to be sure i need it.",ham,"I.ll always be there, even if its just in spirit. I.ll get a bb soon. Just trying to be sure i need it."
YOU HAVE WON! As a valued Vodafone customer our computer has picked YOU to win a 150 prize. To collect is easy. Just call 09061743386,spam,Y O U HA VE WON! As a v alued Vodafone cu stomer o u r computer has picked Y O U to w i n a 150 pri ze. To c o l l e c t is ea sy. J ust c a l l 09061743386
Nice talking to you! please dont forget my pix :) i want to see all of you...,ham,Nice talking to you! please dont forget my pix :) i want to see all of you...
sports fans - get the latest sports news str* 2 ur mobile 1 wk FREE PLUS a FREE TONE Txt SPORT ON to 8007  0870141701216+ norm 4txt/120p,spam,sports fans - g e t the l a t e s t sports n e w s str* 2 ur mob ile 1 wk F R E E P L U S a F R E E T O N E Txt SPORT ON to 8 007  0870141701216+ norm 4txt/120p
Usually the body takes care of it buy making sure it doesnt progress. Can we pls continue this talk on saturday.,ham,Usually the body takes care of it buy making sure it doesnt progress. Can we pls continue this talk on saturday.
They released vday shirts and when u put it on it makes your bottom half naked instead of those white underwear.,ham,They released vday shirts and when u put it on it makes your bottom half naked instead of those white underwear.
Nope i'm not drivin... I neva develop da photos lei...,ham,Nope i'm not drivin... I neva develop da photos lei...
I'm done oredi...,ham,I'm done oredi...
"No, but you told me you were going, before you got drunk!",ham,"No, but you told me you were going, before you got drunk!"
U know we watchin at lido?,ham,U know we watchin at lido?
I cant pick the phone right now. Pls send a message,ham,I cant pick the phone right now. Pls send a message
"Don't Think About \What u Have Got\"" Think About \""How to Use It That You Have Got\"" gooD ni8""",ham,"Don't Think About \What u Have Got\"" Think About \""How to Use It That You Have Got\"" gooD ni8"""
If we win its really no 1 side for long time.,ham,If we win its really no 1 side for long time.
Mm i am on the way to railway,ham,Mm i am on the way to railway
Hope you are having a great day.,ham,Hope you are having a great day.
I'm also came to room.,ham,I'm also came to room.
Haha... Really oh no... How? Then will they deduct your lesson tmr?,ham,Haha... Really oh no... How? Then will they deduct your lesson tmr?
You should get more chicken broth if you want ramen unless there's some I don't know about,ham,You should get more chicken broth if you want ramen unless there's some I don't know about
Umma my life and vava umma love you lot dear,ham,Umma my life and vava umma love you lot dear
If u laugh really loud.. If u talk spontaneously.. If u dont care what others feel.. U are probably with your dear &amp; best friends.. GOODEVENING Dear..:),ham,If u laugh really loud.. If u talk spontaneously.. If u dont care what others feel.. U are probably with your dear &amp; best friends.. GOODEVENING Dear..:)
"Some friends want me to drive em someplace, probably take a while",ham,"Some friends want me to drive em someplace, probably take a while"
"Only just got this message, not ignoring you. Yes, i was. Shopping that is",ham,"Only just got this message, not ignoring you. Yes, i was. Shopping that is"
+449071512431 URGENT! This is the 2nd attempt to contact U!U have WON 1250 CALL 09071512433 b4 050703 T&CsBCM4235WC1N3XX. callcost 150ppm mobilesvary. max7. 50,spam,+449071512431 U R G E N T! T h i s is the 2nd att empt to co ntact U!U h a v e WON 1250 C A L L 09071512433 b4 050703 T&CsBCM4235WC1N3XX. callcost 1 50ppm mobilesvary. max7. 50
"\CHEERS FOR CALLIN BABE.SOZI CULDNT TALKBUT I WANNATELL U DETAILS LATER WENWECAN CHAT PROPERLY X\""""",ham,"\CHEERS FOR CALLIN BABE.SOZI CULDNT TALKBUT I WANNATELL U DETAILS LATER WENWECAN CHAT PROPERLY X\"""""
"Hello lover! How goes that new job? Are you there now? Are you happy? Do you think of me? I wake, my slave and send you a teasing kiss from across the sea",ham,"Hello lover! How goes that new job? Are you there now? Are you happy? Do you think of me? I wake, my slave and send you a teasing kiss from across the sea"
"Congrats! 1 year special cinema pass for 2 is yours. call 09061209465 now! C Suprman V, Matrix3, StarWars3, etc all 4 FREE! bx420-ip4-5we. 150pm. Dont miss out!",spam,"C o n g r a t s! 1 year sp ecial cinema p ass for 2 is y o u r s. c a l l 09061209465 n o w! C Suprman V, Matrix3, StarWars3, etc a l l 4 F R E E! bx4 20-ip4-5we. 150pm. D o n t m i s s o u t!"
Hi i won't b ard 4 christmas. But do enjoy n merry x'mas.,ham,Hi i won't b ard 4 christmas. But do enjoy n merry x'mas.
Y she dun believe leh? I tot i told her it's true already. I thk she muz c us tog then she believe.,ham,Y she dun believe leh? I tot i told her it's true already. I thk she muz c us tog then she believe.
Get a FREE mobile video player FREE movie. To collect text GO to 89105. Its free! Extra films can be ordered t's and c's apply. 18 yrs only,spam,G e t a F R E E m o b i l e v ideo p l a y e r FR EE movie. To c o l l e c t t ext GO to 89105. I t s f r e e! E x t r a films can be ordered t's and c's a pply. 18 yrs o nly
U repeat e instructions again. Wat's e road name of ur house?,ham,U repeat e instructions again. Wat's e road name of ur house?
Dont flatter yourself... Tell that man of mine two pints of carlin in ten minutes please....,ham,Dont flatter yourself... Tell that man of mine two pints of carlin in ten minutes please....
"Hi, this is Mandy Sullivan calling from HOTMIX FM...you are chosen to receive 5000.00 in our Easter Prize draw.....Please telephone 09041940223 to claim before 29/03/05 or your prize will be transferred to someone else....",spam,"Hi, th is is Mandy Sullivan c a l l i n g f r o m HOTMIX FM...y o u are chosen to rec eive 5 000.00 in o u r Easter P r i z e d r a w.....Plea se telephone 09041940223 to c l a i m b e f o r e 29/03/05 or y o u r p r i z e w ill be transferred to s o m e o n e else...."
Happy New Year Princess!,ham,Happy New Year Princess!
Don't look back at the building because you have no coat and i don't want you to get more sick. Just hurry home and wear a coat to the gym!!!,ham,Don't look back at the building because you have no coat and i don't want you to get more sick. Just hurry home and wear a coat to the gym!!!
... Are you in the pub?,ham,... Are you in the pub?
Then u better go sleep.. Dun disturb u liao.. U wake up then msg me lor..,ham,Then u better go sleep.. Dun disturb u liao.. U wake up then msg me lor..
PRIVATE! Your 2003 Account Statement for 078,spam,P RIVATE! Yo ur 2 003 A c c o u n t S t a t e m e n t for 078
S da..al r above &lt;#&gt;,ham,S da..al r above &lt;#&gt;
"Nothing really, just making sure everybody's up to speed",ham,"Nothing really, just making sure everybody's up to speed"
Hi:)did you asked to waheeda fathima about leave?,ham,Hi:)did you asked to waheeda fathima about leave?
Hey cutie. How goes it? Here in WALES its kinda ok. There is like hills and shit but i still avent killed myself.,ham,Hey cutie. How goes it? Here in WALES its kinda ok. There is like hills and shit but i still avent killed myself.
Nope... Think i will go for it on monday... Sorry i replied so late,ham,Nope... Think i will go for it on monday... Sorry i replied so late
Where r we meeting?,ham,Where r we meeting?
"Congrats! 1 year special cinema pass for 2 is yours. call 09061209465 now! C Suprman V, Matrix3, StarWars3, etc all 4 FREE! bx420-ip4-5we. 150pm. Dont miss out!",spam,"C o n g r a t s! 1 year speci al cinema p a s s for 2 is you rs. ca ll 09061209465 n o w! C Suprman V, Matrix3, StarWars3, etc a l l 4 F REE! bx4 20-ip4-5we. 150pm. Do nt m i s s o u t!"
If you don't respond imma assume you're still asleep and imma start calling n shit,ham,If you don't respond imma assume you're still asleep and imma start calling n shit
And popping &lt;#&gt; ibuprofens was no help.,ham,And popping &lt;#&gt; ibuprofens was no help.
"That's what I love to hear :V see you sundayish, then",ham,"That's what I love to hear :V see you sundayish, then"
"That's fine, have him give me a call if he knows what he wants or has any questions",ham,"That's fine, have him give me a call if he knows what he wants or has any questions"
Do you want a new Video handset? 750 any time any network mins? UNLIMITED TEXT? Camcorder? Reply or Call now 08000930705 for del Sat AM,spam,Do y o u w a n t a n e w Vi deo h andset? 750 any ti me any netwo rk m i n s? U N L I M I T E D T E X T? C a m c o r d e r? Re ply or C a l l n o w 0 8 0 0 0 9 3 0 7 0 5 for del Sat AM
I think u have the wrong number.,ham,I think u have the wrong number.
Don know..wait i will check it.,ham,Don know..wait i will check it.
How is it possible to teach you. And where.,ham,How is it possible to teach you. And where.
MAYBE IF YOU WOKE UP BEFORE FUCKING 3 THIS WOULDN'T BE A PROBLEM.,ham,MAYBE IF YOU WOKE UP BEFORE FUCKING 3 THIS WOULDN'T BE A PROBLEM.
Congratulations ur awarded 500 of CD vouchers or 125gift guaranteed & Free entry 2 100 wkly draw txt MUSIC to 87066,spam,Congratulatio ns ur aw arded 500 of CD v o u c h e r s or 125gift gu aranteed & Fr ee e n t r y 2 100 w kly dr aw txt M U S I C to 87 066
One of the joys in lifeis waking up each daywith thoughts that somewhereSomeone cares enough tosend a warm morning greeting.. -,ham,One of the joys in lifeis waking up each daywith thoughts that somewhereSomeone cares enough tosend a warm morning greeting.. -
URGENT! Your Mobile number has been awarded a 2000 prize GUARANTEED. Call 09061790125 from landline. Claim 3030. Valid 12hrs only 150ppm,spam,U R G E N T! Yo ur M obile n umber has b e e n a w a r d e d a 20 00 p r i z e G U A R A N T E E D. Ca ll 09061790125 f r o m l a n d l i n e. C laim 3 0 3 0. V a l i d 1 2 h r s o n l y 15 0ppm
FreeMsg Today's the day if you are ready! I'm horny & live in your town. I love sex fun & games! Netcollex Ltd 08700621170150p per msg reply Stop to end,spam,FreeM sg T o d a y's the day if y o u are ready! I'm horny & l i v e in y o u r town. I l o v e s e x f u n & g ames! Netcollex Ltd 08700621170150p p e r msg r e p l y S top to end
"God picked up a flower and dippeditinaDEW, lovingly touched itwhichturnedinto u, and the he gifted tomeandsaid,THIS FRIEND IS 4U",ham,"God picked up a flower and dippeditinaDEW, lovingly touched itwhichturnedinto u, and the he gifted tomeandsaid,THIS FRIEND IS 4U"
Dad went out oredi...,ham,Dad went out oredi...
K k:) sms chat with me.,ham,K k:) sms chat with me.
"Ya tel, wats ur problem..",ham,"Ya tel, wats ur problem.."
No..but heard abt tat..,ham,No..but heard abt tat..
K:)i will give my kvb acc details:),ham,K:)i will give my kvb acc details:)
Great NEW Offer - DOUBLE Mins & DOUBLE Txt on best Orange tariffs AND get latest camera phones 4 FREE! Call MobileUpd8 free on 08000839402 NOW! or 2stoptxt T&Cs,spam,G r e a t N E W O f f e r - DO UBLE Mi ns & DOU BLE Txt on b e s t Ora nge t a r i f f s AND g e t late st c a m e r a p h o n e s 4 F R E E! Ca ll M o b i l e U p d 8 f ree on 080008 39402 N O W! or 2stoptxt T&Cs
What you thinked about me. First time you saw me in class.,ham,What you thinked about me. First time you saw me in class.
Are you this much buzy,ham,Are you this much buzy
Can _ send me a copy of da report?,ham,Can _ send me a copy of da report?
Those ducking chinchillas,ham,Those ducking chinchillas
"It wont b until 2.15 as trying 2 sort house out, is that ok?",ham,"It wont b until 2.15 as trying 2 sort house out, is that ok?"
You'll never believe this but i have actually got off at taunton. Wow,ham,You'll never believe this but i have actually got off at taunton. Wow
"Ta-Daaaaa! I am home babe, are you still up ?",ham,"Ta-Daaaaa! I am home babe, are you still up ?"
Moji i love you more than words. Have a rich day,ham,Moji i love you more than words. Have a rich day
Just haven't decided where yet eh ?,ham,Just haven't decided where yet eh ?
No did you check? I got his detailed message now,ham,No did you check? I got his detailed message now
"Orange brings you ringtones from all time Chart Heroes, with a free hit each week! Go to Ringtones & Pics on wap. To stop receiving these tips reply STOP.",spam,"O r a n g e brings y o u ringt ones fr om a l l t i m e Chart Heroes, wi th a f r e e h i t each w e e k! Go to R i n g t o n e s & Pi cs on wap. To s top receiving these tips rep ly S T O P."
I dont know ask to my brother. Nothing problem some thing that. Just i told .,ham,I dont know ask to my brother. Nothing problem some thing that. Just i told .
"Wen ur lovable bcums angry wid u, dnt take it seriously.. Coz being angry is d most childish n true way of showing deep affection, care n luv!.. kettoda manda... Have nice day da.",ham,"Wen ur lovable bcums angry wid u, dnt take it seriously.. Coz being angry is d most childish n true way of showing deep affection, care n luv!.. kettoda manda... Have nice day da."
Omg Joanna is freaking me out. She's looked thru all my friends to find photos of me. And then she's asking about stuff on my MySpace which I haven't even logged on in like a year. :/,ham,Omg Joanna is freaking me out. She's looked thru all my friends to find photos of me. And then she's asking about stuff on my MySpace which I haven't even logged on in like a year. :/
I have many dependents,ham,I have many dependents
Allo! We have braved the buses and taken on the trains and triumphed. I mean were in bham. Have a jolly good rest of week,ham,Allo! We have braved the buses and taken on the trains and triumphed. I mean were in bham. Have a jolly good rest of week
Great. So should i send you my account number.,ham,Great. So should i send you my account number.
I anything lor.,ham,I anything lor.
Here got ur favorite oyster... N got my favorite sashimi... Ok lar i dun say already... Wait ur stomach start rumbling...,ham,Here got ur favorite oyster... N got my favorite sashimi... Ok lar i dun say already... Wait ur stomach start rumbling...
somewhere out there beneath the pale moon light someone think in of u some where out there where dreams come true... goodnite &amp; sweet dreams,ham,somewhere out there beneath the pale moon light someone think in of u some where out there where dreams come true... goodnite &amp; sweet dreams
Jus finished avatar nigro,ham,Jus finished avatar nigro
I was gonna ask you lol but i think its at 7,ham,I was gonna ask you lol but i think its at 7
Hello my little party animal! I just thought I'd buzz you as you were with your friends ...*grins*... Reminding you were loved and send a naughty adoring kiss,ham,Hello my little party animal! I just thought I'd buzz you as you were with your friends ...*grins*... Reminding you were loved and send a naughty adoring kiss
Dad says hurry the hell up,ham,Dad says hurry the hell up
Do you mind if I ask what happened? You dont have to say if it is uncomfortable.,ham,Do you mind if I ask what happened? You dont have to say if it is uncomfortable.
Nan sonathaya soladha. Why boss?,ham,Nan sonathaya soladha. Why boss?
"Single line with a big meaning::::: \Miss anything 4 ur \""Best Life\"" but",ham,"Single line with a big meaning::::: \Miss anything 4 ur \""Best Life\"" but"
R u meeting da ge at nite tmr?,ham,R u meeting da ge at nite tmr?
"Mila, age23, blonde, new in UK. I look sex with UK guys. if u like fun with me. Text MTALK to 69866.18 . 30pp/txt 1st 5free. 1.50 increments. Help08718728876",spam,"Mila, age23, blonde, n e w in UK. I look s e x wi th UK guys. if u l ike f u n w i t h me. T e x t MTALK to 69866.18 . 30pp/txt 1st 5free. 1.50 increments. Help08718728876"
But i have to. I like to have love and arrange.,ham,But i have to. I like to have love and arrange.
Will it help if we propose going back again tomorrow,ham,Will it help if we propose going back again tomorrow
Oh you got many responsibilities.,ham,Oh you got many responsibilities.
"Yeah, where's your class at?",ham,"Yeah, where's your class at?"
So that means you still think of teju,ham,So that means you still think of teju
"Motivate Behind every darkness, there is a shining light waiting for you to find it... Behind every best friend, there is always trust and love... BSLVYL",ham,"Motivate Behind every darkness, there is a shining light waiting for you to find it... Behind every best friend, there is always trust and love... BSLVYL"
Thought praps you meant another one. Goodo! I'll look tomorrow,ham,Thought praps you meant another one. Goodo! I'll look tomorrow
Babe ? I lost you ... :-(,ham,Babe ? I lost you ... :-(
"We know someone who you know that fancies you. Call 09058097218 to find out who. POBox 6, LS15HB 150p",spam,"We k now some one who y o u kn ow th at fancies y o u. C a l l 09058097218 to f i n d o u t who. P OBox 6, LS15HB 1 50p"
Loans for any purpose even if you have Bad Credit! Tenants Welcome. Call NoWorriesLoans.com on 08717111821,spam,Loans for any purpose even if y o u h ave Bad C r e d i t! Tenants W e l c o m e. Ca ll NoWorriesLoans.com on 08717111821
How would my ip address test that considering my computer isn't a minecraft server,ham,How would my ip address test that considering my computer isn't a minecraft server
I was slept that time.you there?,ham,I was slept that time.you there?
An excellent thought by a misundrstud frnd: I knw u hate me bt the day wen u'll knw the truth u'll hate urself:-( Gn:-),ham,An excellent thought by a misundrstud frnd: I knw u hate me bt the day wen u'll knw the truth u'll hate urself:-( Gn:-)
Yes but I don't care cause I know its there!,ham,Yes but I don't care cause I know its there!
Would me smoking you out help us work through this difficult time,ham,Would me smoking you out help us work through this difficult time
Yup... Ok i go home look at the timings then i msg _ again... Xuhui going to learn on 2nd may too but her lesson is at 8am,ham,Yup... Ok i go home look at the timings then i msg _ again... Xuhui going to learn on 2nd may too but her lesson is at 8am
"Just got some gas money, any chance you and the gang want to go on a grand nature adventure?",ham,"Just got some gas money, any chance you and the gang want to go on a grand nature adventure?"
Lol I have to take it. member how I said my aunt flow didn't visit for 6 months? It's cause I developed ovarian cysts. Bc is the only way to shrink them.,ham,Lol I have to take it. member how I said my aunt flow didn't visit for 6 months? It's cause I developed ovarian cysts. Bc is the only way to shrink them.
Your opinion about me? 1. Over 2. Jada 3. Kusruthi 4. Lovable 5. Silent 6. Spl character 7. Not matured 8. Stylish 9. Simple Pls reply..,ham,Your opinion about me? 1. Over 2. Jada 3. Kusruthi 4. Lovable 5. Silent 6. Spl character 7. Not matured 8. Stylish 9. Simple Pls reply..
Oh k. . I will come tomorrow,ham,Oh k. . I will come tomorrow
"Urgent -call 09066649731from Landline. Your complimentary 4* Ibiza Holiday or 10,000 cash await collection SAE T&Cs PO BOX 434 SK3 8WP 150ppm 18+",spam,"Ur gent -c a l l 09066649731from L a n d l i n e. Yo ur c o m p l i m e n t a r y 4* Ibiza H o l i d a y or 10,000 c a s h awa it c o l l e c t i o n SAE T&Cs PO BOX 434 SK3 8WP 1 50ppm 18+"
You unbelievable faglord,ham,You unbelievable faglord
Nice line said by a broken heart- Plz don't cum 1 more times infront of me... Other wise once again I ll trust U... Good 9t:),ham,Nice line said by a broken heart- Plz don't cum 1 more times infront of me... Other wise once again I ll trust U... Good 9t:)
It certainly puts things into perspective when something like this happens,ham,It certainly puts things into perspective when something like this happens
"Oh... Haha... Den we shld had went today too... Gee, nvm la... Kaiez, i dun mind goin jazz oso... Scared hiphop open cant catch up...",ham,"Oh... Haha... Den we shld had went today too... Gee, nvm la... Kaiez, i dun mind goin jazz oso... Scared hiphop open cant catch up..."
"Set a place for me in your heart and not in your mind, as the mind easily forgets but the heart will always remember. Wish you Happy Valentines Day!",ham,"Set a place for me in your heart and not in your mind, as the mind easily forgets but the heart will always remember. Wish you Happy Valentines Day!"
"Ya ok, then had dinner?",ham,"Ya ok, then had dinner?"
"He said that he had a right giggle when he saw u again! You would possibly be the first person2die from NVQ, but think how much you could for!",ham,"He said that he had a right giggle when he saw u again! You would possibly be the first person2die from NVQ, but think how much you could for!"
Gam gone after outstanding innings.,ham,Gam gone after outstanding innings.
Nt yet chikku..simple habba..hw abt u?,ham,Nt yet chikku..simple habba..hw abt u?
Should I head straight there or what,ham,Should I head straight there or what
"Sorry, my battery died, I can come by but I'm only getting a gram for now, where's your place?",ham,"Sorry, my battery died, I can come by but I'm only getting a gram for now, where's your place?"
"Loan for any purpose 500 - 75,000. Homeowners + Tenants welcome. Have you been previously refused? We can still help. Call Free 0800 1956669 or text back 'help'",spam,"L o a n for any purpose 500 - 75,000. Homeowners + Tenants wel come. H a v e y o u b een previously refused? We can s till h e l p. C a l l F ree 08 00 1956669 or t e x t b a c k 'he lp'"
Why didn't u call on your lunch?,ham,Why didn't u call on your lunch?
WHITE FUDGE OREOS ARE IN STORES,ham,WHITE FUDGE OREOS ARE IN STORES
Are you driving or training?,ham,Are you driving or training?
You are awarded a SiPix Digital Camera! call 09061221061 from landline. Delivery within 28days. T Cs Box177. M221BP. 2yr warranty. 150ppm. 16 . p p3.99,spam,Y o u are a w a r d e d a SiP ix D i g i t a l C amera! c a l l 09061221061 fr om landl ine. Delive ry w i t h i n 28days. T Cs Box177. M221BP. 2yr warranty. 1 5 0 p pm. 16 . p p3.99
We took hooch for a walk toaday and i fell over! Splat! Grazed my knees and everything! Should have stayed at home! See you tomorrow!,ham,We took hooch for a walk toaday and i fell over! Splat! Grazed my knees and everything! Should have stayed at home! See you tomorrow!
Panasonic & BluetoothHdset FREE. Nokia FREE. Motorola FREE & DoubleMins & DoubleTxt on Orange contract. Call MobileUpd8 on 08000839402 or call 2optout,spam,Panasonic & BluetoothHdset F R E E. N o k i a F R E E. Motoro la F REE & DoubleMins & DoubleTxt on Ora nge contract. C a l l M o b i l e U p d 8 on 080008 39402 or c a l l 2 o p t o u t
Congratulations U can claim 2 VIP row A Tickets 2 C Blu in concert in November or Blu gift guaranteed Call 09061104276 to claim TS&Cs  cost3.75max,spam,C o n g r a t u l a t i o n s U can cla im 2 V I P row A Tickets 2 C Blu in concert in November or Blu g i f t gu aranteed C a l l 09061104276 to cl a i m TS&Cs  cost3.75max
"Good afternoon, my love. How goes your day ? What are you up to ? I woke early and am online waiting for you ... Hmmm ... Italian boy is online I see . *grins*",ham,"Good afternoon, my love. How goes your day ? What are you up to ? I woke early and am online waiting for you ... Hmmm ... Italian boy is online I see . *grins*"
Rofl betta invest in some anti aging products,ham,Rofl betta invest in some anti aging products
I dont know exactly could you ask chechi.,ham,I dont know exactly could you ask chechi.
Am going to take bath ill place the key in window:-),ham,Am going to take bath ill place the key in window:-)
"Erm _ ill pick you up at about 6.45pm. That'll give enough time to get there, park and that.",ham,"Erm _ ill pick you up at about 6.45pm. That'll give enough time to get there, park and that."
You won't believe it but it's true. It's Incredible Txts! Reply G now to learn truly amazing things that will blow your mind. From O2FWD only 18p/txt,spam,Y o u won't believe it but it's true. It's Incredible T x t s! R eply G n o w to learn truly amazing things t h a t w i l l blow y o u r mind. F r o m O2FWD o nly 18p/txt
Yeah that'd pretty much be the best case scenario,ham,Yeah that'd pretty much be the best case scenario
"Hi , where are you? We're at and they're not keen to go out i kind of am but feel i shouldn't so can we go out tomo, don't mind do you?",ham,"Hi , where are you? We're at and they're not keen to go out i kind of am but feel i shouldn't so can we go out tomo, don't mind do you?"
"FREE NOKIA Or Motorola with upto 12mths 1/2price linerental, 500 FREE x-net mins&100txt/mth FREE B'tooth*. Call Mobileupd8 on 08001950382 or call 2optout/D3WV",spam,"FR EE N O K I A Or M otorola w i t h upto 12mths 1/2price linerental, 500 F R E E x-n e t m i n s&100txt/mth F REE B'tooth*. C a l l M o b i l e u p d 8 on 08001950382 or c a l l 2 o p t o u t/D3WV"
Just send a text. We'll skype later.,ham,Just send a text. We'll skype later.
Hope you are having a good week. Just checking in,ham,Hope you are having a good week. Just checking in
Hey u still at the gym?,ham,Hey u still at the gym?
Still otside le..u come 2morrow maga..,ham,Still otside le..u come 2morrow maga..
Saw Guys and Dolls last night with Patrick Swayze it was great,ham,Saw Guys and Dolls last night with Patrick Swayze it was great
Me too watching surya movie only. . .after 6 pm vijay movie POKKIRI,ham,Me too watching surya movie only. . .after 6 pm vijay movie POKKIRI
"Auction round 4. The highest bid is now 54. Next maximum bid is 71. To bid, send BIDS e. g. 10 (to bid 10) to 83383. Good luck.",spam,"A u c t i o n round 4. The highest bid is n o w 54. Ne xt maximum bid is 71. To bid, s end BIDS e. g. 10 (to bid 10) to 83383. G o o d luck."
Customer service annoncement. You have a New Years delivery waiting for you. Please call 07046744435 now to arrange delivery,spam,C u s t o m e r servi ce annoncement. Y o u h a v e a N e w Years d e l i v e r y w aiting for y o u. P l e a s e c a l l 07046744435 n o w to arrange d e l i v e r y
Wish u many many returns of the day.. Happy birthday vikky..,ham,Wish u many many returns of the day.. Happy birthday vikky..
"Sorry, I can't text &amp; drive coherently, see you in twenty",ham,"Sorry, I can't text &amp; drive coherently, see you in twenty"
I'll talk to the others and probably just come early tomorrow then,ham,I'll talk to the others and probably just come early tomorrow then
"Shop till u Drop, IS IT YOU, either 10K, 5K, 500 Cash or 100 Travel voucher, Call now, 09064011000. NTT PO Box CR01327BT fixedline Cost 150ppm mobile vary",spam,"S h o p till u Drop, IS IT Y O U, e i t h e r 10K, 5K, 500 C ash or 100 Travel v oucher, C a l l n o w, 09064011000. NTT PO Box CR01327BT fixedline C o s t 1 50ppm mobi le v ary"
Nothin comes to my mind.  help me buy hanger lor. Ur laptop not heavy?,ham,Nothin comes to my mind.  help me buy hanger lor. Ur laptop not heavy?
"Congrats 2 mobile 3G Videophones R yours. call 09063458130 now! videochat wid ur mates, play java games, Dload polypH music, noline rentl. bx420. ip4. 5we. 150p",spam,"C o n g r a t s 2 mobi le 3G Videophones R y o u r s. c a l l 09063458130 n o w! videochat wid ur ma tes, p l a y java ga mes, Dload polypH m u s i c, noline rentl. bx 420. ip4. 5we. 1 5 0 p"
"Sorry, I guess whenever I can get a hold of my connections, maybe an hour or two? I'll text you",ham,"Sorry, I guess whenever I can get a hold of my connections, maybe an hour or two? I'll text you"
I'm hungry buy smth home...,ham,I'm hungry buy smth home...
Will you be here for food,ham,Will you be here for food
Wat r u doing?,ham,Wat r u doing?
Ok.,ham,Ok.
+123 Congratulations - in this week's competition draw u have won the 1450 prize to claim just call 09050002311 b4280703. T&Cs/stop SMS 08718727868. Over 18 only 150ppm,spam,+123 C o n g r a t u l a t i o n s - in t h i s we ek's competition d r a w u ha ve won the 1450 p r i z e to c l a i m j u s t c a l l 09050002311 b4280703. T&Cs/s top S M S 08718727868. Ov er 18 on ly 15 0ppm
"Fighting with the world is easy, u either win or lose bt fightng with some1 who is close to u is dificult if u lose - u lose if u win - u still lose.",ham,"Fighting with the world is easy, u either win or lose bt fightng with some1 who is close to u is dificult if u lose - u lose if u win - u still lose."
"They can try! They can get lost, in fact. Tee hee",ham,"They can try! They can get lost, in fact. Tee hee"
"Goodmorning, today i am late for &lt;DECIMAL&gt; min.",ham,"Goodmorning, today i am late for &lt;DECIMAL&gt; min."
Want 2 get laid tonight? Want real Dogging locations sent direct 2 ur Mob? Join the UK's largest Dogging Network by txting MOAN to 69888Nyt. ec2a. 31p.msg@150p,spam,W a n t 2 g e t laid tonight? Wa nt r e a l Do gging locations s ent d i r e c t 2 ur Mob? Jo in the UK's largest Do gging Netwo rk by txti ng MOAN to 69888Nyt. ec2a. 31p.msg@15 0p
"Al he does is moan at me if n e thin goes wrong its my fault&al de arguments r my fault&fed up of him of himso y bother? Hav 2go, thanx.xx",ham,"Al he does is moan at me if n e thin goes wrong its my fault&al de arguments r my fault&fed up of him of himso y bother? Hav 2go, thanx.xx"
We walked from my moms. Right on stagwood pass right on winterstone left on victors hill. Address is &lt;#&gt;,ham,We walked from my moms. Right on stagwood pass right on winterstone left on victors hill. Address is &lt;#&gt;
Im good! I have been thinking about you...,ham,Im good! I have been thinking about you...
Got it. Seventeen pounds for seven hundred ml  hope ok.,ham,Got it. Seventeen pounds for seven hundred ml  hope ok.
I'm not sure if its still available though,ham,I'm not sure if its still available though
"Had your mobile 10 mths? Update to the latest Camera/Video phones for FREE. KEEP UR SAME NUMBER, Get extra free mins/texts. Text YES for a call",spam,"Had y o u r mobi le 10 mths? U p d a t e to the l a t e s t C a m era/Vid eo p h o n e s for F R E E. K EEP UR SAME NUM BER, G e t e x t r a f r e e m i n s/tex ts. T ext Y E S for a c a l l"
DO NOT B LATE LOVE MUM,ham,DO NOT B LATE LOVE MUM
That sucks. So what do you got planned for your yo valentine? I am your yo valentine aren't I?,ham,That sucks. So what do you got planned for your yo valentine? I am your yo valentine aren't I?
Ok then u tell me wat time u coming later lor.,ham,Ok then u tell me wat time u coming later lor.
Congratulations ur awarded either a yrs supply of CDs from Virgin Records or a Mystery Gift GUARANTEED Call 09061104283 Ts&Cs  1.50pm approx 3mins,spam,Congratulati ons ur a w a r d e d eith er a yrs supply of CDs f r o m Virgin Records or a Mystery G i f t GUARANT EED C a l l 09061104283 Ts&Cs  1.50pm approx 3mins
"G says you never answer your texts, confirm/deny",ham,"G says you never answer your texts, confirm/deny"
Welcome! Please reply with your AGE and GENDER to begin. e.g 24M,spam,W e l c o m e! P l e a s e r e p l y w ith y our A G E and GENDER to begin. e.g 24M
Hi mom we might be back later than &lt;#&gt;,ham,Hi mom we might be back later than &lt;#&gt;
We're done...,ham,We're done...
What time. Im out until prob 3 or so,ham,What time. Im out until prob 3 or so
"Sorry, I'll call later In meeting.",ham,"Sorry, I'll call later In meeting."
"Call 09094100151 to use ur mins! Calls cast 10p/min (mob vary). Service provided by AOM, just GBP5/month. AOM Box61,M60 1ER until u stop. Ages 18+ only!",spam,"C a l l 09094100151 to use ur m i n s! Cal ls cast 10p/min (mob v a r y). Ser vice provided by AOM, ju st GBP5/month. AOM Box61,M60 1ER until u s t o p. Ages 18+ o n l y!"
"I'm in a meeting, call me later at",ham,"I'm in a meeting, call me later at"
"I noe la... U wana pei bf oso rite... K lor, other days den...",ham,"I noe la... U wana pei bf oso rite... K lor, other days den..."
"HOT LIVE FANTASIES call now 08707509020 Just 20p per min NTT Ltd, PO Box 1327 Croydon CR9 5WB 0870..k",spam,"H O T LI VE FANTASIES c a l l n o w 08707509020 J u s t 20p p e r min NTT Ltd, PO Box 1 3 2 7 C r o y d o n CR9 5WB 0 870..k"
"Looks like you found something to do other than smoke, great job!",ham,"Looks like you found something to do other than smoke, great job!"
K..k..i'm also fine:)when will you complete the course?,ham,K..k..i'm also fine:)when will you complete the course?
"Ooh, 4got, i'm gonna start belly dancing in moseley weds 6.30 if u want 2 join me, they have a cafe too.",ham,"Ooh, 4got, i'm gonna start belly dancing in moseley weds 6.30 if u want 2 join me, they have a cafe too."
Dear Voucher holder Have your next meal on us. Use the following link on your pc 2 enjoy a 2 4 1 dining experience,spam,D ear V oucher h o l d e r H a v e y our ne xt meal on us. Use the following link on y o u r pc 2 enj oy a 2 4 1 dining experience
"Hmm... Dunno leh, mayb a bag 4 goigng out dat is not too small. Or jus anything except perfume, smth dat i can keep.",ham,"Hmm... Dunno leh, mayb a bag 4 goigng out dat is not too small. Or jus anything except perfume, smth dat i can keep."
It only does simple arithmetic not percentages.,ham,It only does simple arithmetic not percentages.
"Dear Voucher Holder, To claim this weeks offer, at you PC please go to  Ts&Cs apply.",spam,"D e a r V o u c h e r H o l d e r, To c l a i m th is w e e k s o ffer, at y o u PC p l e a s e go to  Ts&Cs a pply."
Please reserve ticket on saturday eve from chennai to thirunelvali and again from tirunelvali to chennai on sunday eve...i already see in net..no ticket available..i want to book ticket through tackle ..,ham,Please reserve ticket on saturday eve from chennai to thirunelvali and again from tirunelvali to chennai on sunday eve...i already see in net..no ticket available..i want to book ticket through tackle ..
"I wonder how you got online, my love ? Had you gone to the net cafe ? Did you get your phone recharged ? Were you on a friends net ? I think of you, boytoy",ham,"I wonder how you got online, my love ? Had you gone to the net cafe ? Did you get your phone recharged ? Were you on a friends net ? I think of you, boytoy"
Yes ammae....life takes lot of turns you can only sit and try to hold the steering...,ham,Yes ammae....life takes lot of turns you can only sit and try to hold the steering...
What you doing?how are you?,ham,What you doing?how are you?
Then we wait 4 u lor... No need 2 feel bad lar...,ham,Then we wait 4 u lor... No need 2 feel bad lar...
100 dating service cal;l 09064012103 box334sk38ch,spam,100 d a t i n g s ervice cal;l 09064012103 box334sk38ch
it's really getting me down just hanging around.,ham,it's really getting me down just hanging around.
Hello which the site to download songs its urgent pls,ham,Hello which the site to download songs its urgent pls
Some are lasting as much as 2 hours. You might get lucky.,ham,Some are lasting as much as 2 hours. You might get lucky.
What makes you most happy?,ham,What makes you most happy?
But i'm surprised she still can guess right lor...,ham,But i'm surprised she still can guess right lor...
S.this will increase the chance of winning.,ham,S.this will increase the chance of winning.
A little. Meds say take once every 8 hours. It's only been 5 but pain is back. So I took another. Hope I don't die,ham,A little. Meds say take once every 8 hours. It's only been 5 but pain is back. So I took another. Hope I don't die
I will be outside office take all from there,ham,I will be outside office take all from there
"Aight text me when you're back at mu and I'll swing by, need somebody to get the door for me",ham,"Aight text me when you're back at mu and I'll swing by, need somebody to get the door for me"
Am on the uworld site. Am i buying the qbank only or am i buying it with the self assessment also?,ham,Am on the uworld site. Am i buying the qbank only or am i buying it with the self assessment also?
My uncles in Atlanta. Wish you guys a great semester.,ham,My uncles in Atlanta. Wish you guys a great semester.
Teach me apps da. When you come to college.,ham,Teach me apps da. When you come to college.
Actually i deleted my old website..now i m blogging at magicalsongs.blogspot.com,ham,Actually i deleted my old website..now i m blogging at magicalsongs.blogspot.com
Huh? 6 also cannot? Then only how many mistakes?,ham,Huh? 6 also cannot? Then only how many mistakes?
Sad story of a Man - Last week was my b'day. My Wife did'nt wish me. My Parents forgot n so did my Kids . I went to work. Even my Colleagues did not wish.,ham,Sad story of a Man - Last week was my b'day. My Wife did'nt wish me. My Parents forgot n so did my Kids . I went to work. Even my Colleagues did not wish.
Gain the rights of a wife.dont demand it.i am trying as husband too.Lets see,ham,Gain the rights of a wife.dont demand it.i am trying as husband too.Lets see
"You are being contacted by our dating service by someone you know! To find out who it is, call from a land line 09050000928. PoBox45W2TG150P",spam,"Y o u are being contacted by o u r d a t i n g s ervice by s o m e o n e y o u k n o w! To f i n d o u t who it is, c a l l f r o m a l and li ne 09050000928. PoBox45W2TG150P"
Hey what how about your project. Started aha da.,ham,Hey what how about your project. Started aha da.
Ok. There may be a free gym about.,ham,Ok. There may be a free gym about.
They finally came to fix the ceiling.,ham,They finally came to fix the ceiling.
Still i have not checked it da. . .,ham,Still i have not checked it da. . .
Aight ill get on fb in a couple minutes,ham,Aight ill get on fb in a couple minutes
Hey i booked the kb on sat already... what other lessons are we going for ah? Keep your sat night free we need to meet and confirm our lodging,ham,Hey i booked the kb on sat already... what other lessons are we going for ah? Keep your sat night free we need to meet and confirm our lodging
S.s:)i thinl role is like sachin.just standing. Others have to hit.,ham,S.s:)i thinl role is like sachin.just standing. Others have to hit.
"Hi Chikku, send some nice msgs",ham,"Hi Chikku, send some nice msgs"
This pay is &lt;DECIMAL&gt; lakhs:),ham,This pay is &lt;DECIMAL&gt; lakhs:)
 eatin later but i'm eatin wif my frens now lei...  going home first?,ham, eatin later but i'm eatin wif my frens now lei...  going home first?
WHO ARE YOU SEEING?,ham,WHO ARE YOU SEEING?
Yes:)here tv is always available in work place..,ham,Yes:)here tv is always available in work place..
"New Theory: Argument wins d SITUATION, but loses the PERSON. So dont argue with ur friends just.. . . . kick them &amp; say, I'm always correct.!",ham,"New Theory: Argument wins d SITUATION, but loses the PERSON. So dont argue with ur friends just.. . . . kick them &amp; say, I'm always correct.!"
"I think we're going to finn's now, come",ham,"I think we're going to finn's now, come"
"Awesome, think we can get an 8th at usf some time tonight?",ham,"Awesome, think we can get an 8th at usf some time tonight?"
Its a part of checking IQ,ham,Its a part of checking IQ
I calls you later. Afternoon onwords mtnl service get problem in south mumbai. I can hear you but you cann't listen me.,ham,I calls you later. Afternoon onwords mtnl service get problem in south mumbai. I can hear you but you cann't listen me.
U r too much close to my heart. If u go away i will be shattered. Plz stay with me.,ham,U r too much close to my heart. If u go away i will be shattered. Plz stay with me.
I accidentally brought em home in the box,ham,I accidentally brought em home in the box
Ok but knackered. Just came home and went to sleep! Not good at this full time work lark.,ham,Ok but knackered. Just came home and went to sleep! Not good at this full time work lark.
Good afternoon my boytoy. How goes that walking here and there day ? Did you get that police abstract? Are you still out and about? I wake and miss you babe,ham,Good afternoon my boytoy. How goes that walking here and there day ? Did you get that police abstract? Are you still out and about? I wake and miss you babe
25p 4 alfie Moon's Children in need song on ur mob. Tell ur m8s. Txt Tone charity to 8007 for Nokias or Poly charity for polys: zed 08701417012 profit 2 charity.,spam,25p 4 alfie Moon's Children in n e e d song on ur mob. T e l l ur m8s. Txt T o n e c h a r i t y to 8 007 for Nokias or P o l y c h a r i t y for p o l y s: zed 08701417012 p r o f i t 2 c h a r i t y.
Ur cash-balance is currently 500 pounds - to maximize ur cash-in now send GO to 86688 only 150p/msg. CC: 08718720201 PO BOX 114/14 TCR/W1,spam,Ur ca sh-balance is c u r r e n t l y 500 p o u n d s - to maximize ur c a s h-in n o w s e n d GO to 8 6688 o n l y 15 0p/msg. CC: 08718720201 PO BOX 114/14 TCR/W1
Todays Voda numbers ending 5226 are selected to receive a ?350 award. If you hava a match please call 08712300220 quoting claim code 1131 standard rates app,spam,T o d a y s Voda n u m b e r s ending 5226 are s e l e c t e d to rece ive a ?350 a w a r d. If y o u hava a match plea se ca ll 08712300220 quoting c l a i m c ode 1131 standard r a t e s a p p
"Nah, Wednesday. When should I bring the mini cheetos bag over?",ham,"Nah, Wednesday. When should I bring the mini cheetos bag over?"
Ok. No wahala. Just remember that a friend in need ...,ham,Ok. No wahala. Just remember that a friend in need ...
Hi im having the most relaxing time ever! we have to get up at 7am every day! was the party good the other night? I get home tomorrow at 5ish.,ham,Hi im having the most relaxing time ever! we have to get up at 7am every day! was the party good the other night? I get home tomorrow at 5ish.
Carlos is taking his sweet time as usual so let me know when you and patty are done/want to smoke and I'll tell him to haul ass,ham,Carlos is taking his sweet time as usual so let me know when you and patty are done/want to smoke and I'll tell him to haul ass
Good night my dear.. Sleepwell&amp;Take care,ham,Good night my dear.. Sleepwell&amp;Take care
"Geeee ... I miss you already, you know ? Your all I can think about. Fuck, I can't wait till next year when we will be together ... *loving kiss*",ham,"Geeee ... I miss you already, you know ? Your all I can think about. Fuck, I can't wait till next year when we will be together ... *loving kiss*"
No need to buy lunch for me.. I eat maggi mee..,ham,No need to buy lunch for me.. I eat maggi mee..
"I av a new number, . Wil u only use this one,ta.",ham,"I av a new number, . Wil u only use this one,ta."
It didnt work again oh. Ok goodnight then. I.ll fix and have it ready by the time you wake up. You are very dearly missed have a good night sleep.,ham,It didnt work again oh. Ok goodnight then. I.ll fix and have it ready by the time you wake up. You are very dearly missed have a good night sleep.
K..k...from tomorrow onwards started ah?,ham,K..k...from tomorrow onwards started ah?
Ok. Not sure what time tho as not sure if can get to library before class. Will try. See you at some point! Have good eve.,ham,Ok. Not sure what time tho as not sure if can get to library before class. Will try. See you at some point! Have good eve.
No 1 POLYPHONIC tone 4 ur mob every week! Just txt PT2 to 87575. 1st Tone FREE ! so get txtin now and tell ur friends. 150p/tone. 16 reply HL 4info,spam,No 1 POLYPHONIC t o n e 4 ur mob e v e r y we ek! Ju st txt PT2 to 87575. 1st To ne FR EE ! so g e t txtin n o w and t e l l ur friends. 1 5 0 p/t o n e. 16 r e p l y HL 4info
LOL ... No just was busy,ham,LOL ... No just was busy
Is it your yahoo boys that bring in the perf? Or legal.,ham,Is it your yahoo boys that bring in the perf? Or legal.
"Yeah I should be able to, I'll text you when I'm ready to meet up",ham,"Yeah I should be able to, I'll text you when I'm ready to meet up"
say thanks2.,ham,say thanks2.
 log off 4 wat. It's sdryb8i,ham, log off 4 wat. It's sdryb8i
Spending new years with my brother and his family. Lets plan to meet next week. Are you ready to be spoiled? :),ham,Spending new years with my brother and his family. Lets plan to meet next week. Are you ready to be spoiled? :)
Sunshine Quiz Wkly Q! Win a top Sony DVD player if u know which country Liverpool played in mid week? Txt ansr to 82277. 1.50 SP:Tyrone,spam,S u n s h i n e Q u i z W kly Q! W i n a t o p So ny DVD p l a y e r if u k n o w w hich country Liverpool played in mid w e e k? Txt ansr to 8 2 2 7 7. 1.50 SP:Tyrone
Fancy a shag? I do.Interested? sextextuk.com txt XXUK SUZY to 69876. Txts cost 1.50 per msg. TnCs on website. X,spam,F a n c y a shag? I do.Interested? sextextuk.com txt XXUK SUZY to 69876. Tx ts c o s t 1.50 p e r msg. TnCs on website. X
Ok thanx...,ham,Ok thanx...
4mths half price Orange line rental & latest camera phones 4 FREE. Had your phone 11mths ? Call MobilesDirect free on 08000938767 to update now! or2stoptxt,spam,4mths h a l f p rice O range l i n e re ntal & la test c a m e r a ph ones 4 F R E E. Had y o u r pho ne 11mths ? Ca ll MobilesDirect f r e e on 08000938767 to u p d a t e n o w! or2stoptxt
"Awesome, text me when you're restocked",ham,"Awesome, text me when you're restocked"
Wot u up 2 u weirdo?,ham,Wot u up 2 u weirdo?
He didn't see his shadow. We get an early spring yay,ham,He didn't see his shadow. We get an early spring yay
What time is ur flight tmr?,ham,What time is ur flight tmr?
At home by the way,ham,At home by the way
"\OH FUCK. JUSWOKE UP IN A BED ON A BOATIN THE DOCKS. SLEPT WID 25 YEAR OLD. SPINOUT! GIV U DA GOSSIP L8R. XXX\""""",ham,"\OH FUCK. JUSWOKE UP IN A BED ON A BOATIN THE DOCKS. SLEPT WID 25 YEAR OLD. SPINOUT! GIV U DA GOSSIP L8R. XXX\"""""
Urgent Please call 09066612661 from landline. 5000 cash or a luxury 4* Canary Islands Holiday await collection. T&Cs SAE award. 20M12AQ. 150ppm. 16+ ,spam,Urg ent P l e a s e c a l l 09066612661 f rom landl ine. 5 0 0 0 c ash or a luxury 4* Canary Islands H o l i d a y a w a i t collec tion. T&Cs SAE a ward. 20M12AQ. 1 50p pm. 16+ 
I got it before the new year cos yetunde said she wanted to surprise you with it but when i didnt see money i returned it mid january before the &lt;#&gt; day return period ended.,ham,I got it before the new year cos yetunde said she wanted to surprise you with it but when i didnt see money i returned it mid january before the &lt;#&gt; day return period ended.
I have lost 10 kilos as of today!,ham,I have lost 10 kilos as of today!
YES! The only place in town to meet exciting adult singles is now in the UK. Txt CHAT to 86688 now! 150p/Msg.,spam,Y E S! The o n l y place in town to m e e t exciting adult singles is n o w in the UK. Txt C HAT to 8 6 6 8 8 n o w! 15 0p/Msg.
Those cocksuckers. If it makes you feel better ipads are worthless garbage novelty items and you should feel bad for even wanting one,ham,Those cocksuckers. If it makes you feel better ipads are worthless garbage novelty items and you should feel bad for even wanting one
Ok...,ham,Ok...
"U've been selected to stay in 1 of 250 top British hotels - FOR NOTHING! Holiday valued at 350! Dial 08712300220 to claim - National Rate Call. Bx526, SW73SS",spam,"U've be en sel ected to stay in 1 of 250 t o p British hotels - FOR NOTHING! H o l i d a y v a l u e d at 350! Dial 08712300220 to cl a i m - N a t i o n a l R ate C a l l. Bx526, SW73SS"
Just sleeping..and surfing,ham,Just sleeping..and surfing
"The &lt;#&gt; g that i saw a few days ago, the guy wants sell wifi only for &lt;#&gt; and with 3g for &lt;#&gt; . That's why i blanked him.",ham,"The &lt;#&gt; g that i saw a few days ago, the guy wants sell wifi only for &lt;#&gt; and with 3g for &lt;#&gt; . That's why i blanked him."
He says hi and to get your ass back to south tampa (preferably at a kegger),ham,He says hi and to get your ass back to south tampa (preferably at a kegger)
Aslamalaikkum....insha allah tohar beeen muht albi mufti mahfuuz...meaning same here....,ham,Aslamalaikkum....insha allah tohar beeen muht albi mufti mahfuuz...meaning same here....
Might ax well im there.,ham,Might ax well im there.
I need to come home and give you some good lovin...,ham,I need to come home and give you some good lovin...
No no. I will check all rooms befor activities,ham,No no. I will check all rooms befor activities
Yo dude guess who just got arrested the other day,ham,Yo dude guess who just got arrested the other day
Yeah sure I'll leave in a min,ham,Yeah sure I'll leave in a min
Yo im right by yo work,ham,Yo im right by yo work
Mmm thats better now i got a roast down me! id b better if i had a few drinks down me 2! Good indian?,ham,Mmm thats better now i got a roast down me! id b better if i had a few drinks down me 2! Good indian?
Thats cool. i liked your photos. You are very sexy!,ham,Thats cool. i liked your photos. You are very sexy!
Shall i send that exe to your mail id.,ham,Shall i send that exe to your mail id.
&lt;#&gt; w jetton ave if you forgot,ham,&lt;#&gt; w jetton ave if you forgot
"Yo, I'm at my parents' gettin cash. Good news: we picked up a downstem",ham,"Yo, I'm at my parents' gettin cash. Good news: we picked up a downstem"
"No shit, but I wasn't that surprised, so I went and spent the evening with that french guy I met in town here and we fooled around a bit but I didn't let him fuck me",ham,"No shit, but I wasn't that surprised, so I went and spent the evening with that french guy I met in town here and we fooled around a bit but I didn't let him fuck me"
Bugis oso near wat...,ham,Bugis oso near wat...
SMS. ac Sptv: The New Jersey Devils and the Detroit Red Wings play Ice Hockey. Correct or Incorrect? End? Reply END SPTV,spam,S M S. ac Sptv: The N e w Jersey Devils and the Detroit Red Wings pl ay Ice Hockey. Correct or Incorrect? End? R e p l y END SPTV
Gud mrng dear hav a nice day,ham,Gud mrng dear hav a nice day
Is there a reason we've not spoken this year? Anyways have a great week and all the best in your exam,ham,Is there a reason we've not spoken this year? Anyways have a great week and all the best in your exam
"House-Maid is the murderer, coz the man was murdered on &lt;#&gt; th January.. As public holiday all govt.instituitions are closed,including post office..understand?",ham,"House-Maid is the murderer, coz the man was murdered on &lt;#&gt; th January.. As public holiday all govt.instituitions are closed,including post office..understand?"
Carlos says he'll be at mu in &lt;#&gt; minutes,ham,Carlos says he'll be at mu in &lt;#&gt; minutes
"Dear friends, sorry for the late information. Today is the birthday of our loving Ar.Praveesh. for more details log on to face book and see. Its his number + &lt;#&gt; . Dont miss a delicious treat.",ham,"Dear friends, sorry for the late information. Today is the birthday of our loving Ar.Praveesh. for more details log on to face book and see. Its his number + &lt;#&gt; . Dont miss a delicious treat."
So is there anything specific I should be doing with regards to jaklin or what because idk what the fuck,ham,So is there anything specific I should be doing with regards to jaklin or what because idk what the fuck
Ok... The theory test? when are _ going to book? I think it's on 21 may. Coz thought wanna go out with jiayin. But she isnt free,ham,Ok... The theory test? when are _ going to book? I think it's on 21 may. Coz thought wanna go out with jiayin. But she isnt free
"You've won tkts to the EURO2004 CUP FINAL or 800 CASH, to collect CALL 09058099801 b4190604, POBOX 7876150ppm",spam,"Y o u've won tkts to the EURO2004 CUP F I N A L or 800 C ASH, to c o l l e c t C A L L 09058099801 b4190604, POB OX 7876150ppm"
Hai priya are you right. What doctor said pa. Where are you.,ham,Hai priya are you right. What doctor said pa. Where are you.
Fuck cedar key and fuck her (come over anyway tho),ham,Fuck cedar key and fuck her (come over anyway tho)
Thanks chikku..:-) gud nyt:-*,ham,Thanks chikku..:-) gud nyt:-*
No go. No openings for that room 'til after thanksgiving without an upcharge.,ham,No go. No openings for that room 'til after thanksgiving without an upcharge.
"She is our sister.. She belongs 2 our family.. She is d hope of tomorrow.. Pray 4 her,who was fated 4 d Shoranur train incident. Lets hold our hands together &amp; fuelled by love &amp; concern prior 2 her grief &amp; pain. Pls join in dis chain &amp; pass it. STOP VIOLENCE AGAINST WOMEN.",ham,"She is our sister.. She belongs 2 our family.. She is d hope of tomorrow.. Pray 4 her,who was fated 4 d Shoranur train incident. Lets hold our hands together &amp; fuelled by love &amp; concern prior 2 her grief &amp; pain. Pls join in dis chain &amp; pass it. STOP VIOLENCE AGAINST WOMEN."
"Thank you, winner notified by sms. Good Luck! No future marketing reply STOP to 84122 customer services 08450542832",spam,"Thank y o u, wi nner notified by s m s. Go od Luck! No future marketing rep ly S TOP to 84122 c u s t o m e r s ervices 08450542832"
U sleeping now.. Or you going to take? Haha.. I got spys wat.. Me online checking n replying mails lor..,ham,U sleeping now.. Or you going to take? Haha.. I got spys wat.. Me online checking n replying mails lor..
Compliments to you. Was away from the system. How your side.,ham,Compliments to you. Was away from the system. How your side.
Oh... Okie lor...We go on sat...,ham,Oh... Okie lor...We go on sat...
Otherwise had part time job na-tuition..,ham,Otherwise had part time job na-tuition..
&lt;#&gt; great loxahatchee xmas tree burning update: you can totally see stars here,ham,&lt;#&gt; great loxahatchee xmas tree burning update: you can totally see stars here
How i noe... She's in da car now... Later then c lar... I'm wearing shorts...,ham,How i noe... She's in da car now... Later then c lar... I'm wearing shorts...
-PLS STOP bootydelious (32/F) is inviting you to be her friend. Reply YES-434 or NO-434 See her:  STOP? Send STOP FRND to 62468,spam,-PLS S TOP bootydelious (32/F) is inviting y o u to be h e r f r i e n d. Re ply Y E S-434 or NO-434 S e e h e r:  S T O P? S e n d S TOP FRND to 62468
Y _ wan to go there? C doctor?,ham,Y _ wan to go there? C doctor?
"U wake up already? Wat u doing? U picking us up later rite? I'm taking sq825, reaching ard 7 smth 8 like dat. U can check e arrival time. C ya soon...",ham,"U wake up already? Wat u doing? U picking us up later rite? I'm taking sq825, reaching ard 7 smth 8 like dat. U can check e arrival time. C ya soon..."
Sad story of a Man - Last week was my b'day. My Wife did'nt wish me. My Parents forgot n so did my Kids . I went to work. Even my Colleagues did not wish.,ham,Sad story of a Man - Last week was my b'day. My Wife did'nt wish me. My Parents forgot n so did my Kids . I went to work. Even my Colleagues did not wish.
Eh den sat u book e kb liao huh...,ham,Eh den sat u book e kb liao huh...
Hey sathya till now we dint meet not even a single time then how can i saw the situation sathya.,ham,Hey sathya till now we dint meet not even a single time then how can i saw the situation sathya.
She went to attend another two rounds today..but still did't reach home..,ham,She went to attend another two rounds today..but still did't reach home..
"Sir, I have been late in paying rent for the past few months and had to pay a $ &lt;#&gt; charge. I felt it would be inconsiderate of me to nag about something you give at great cost to yourself and that's why i didnt speak up. I however am in a recession and wont be able to pay the charge this month hence my askin well ahead of month's end. Can you please help. Thanks",ham,"Sir, I have been late in paying rent for the past few months and had to pay a $ &lt;#&gt; charge. I felt it would be inconsiderate of me to nag about something you give at great cost to yourself and that's why i didnt speak up. I however am in a recession and wont be able to pay the charge this month hence my askin well ahead of month's end. Can you please help. Thanks"
"Lets use it next week, princess :)",ham,"Lets use it next week, princess :)"
Got meh... When?,ham,Got meh... When?
I want to be inside you every night...,ham,I want to be inside you every night...
:-) yeah! Lol. Luckily i didn't have a starring role like you!,ham,:-) yeah! Lol. Luckily i didn't have a starring role like you!
I can ask around but there's not a lot in terms of mids up here,ham,I can ask around but there's not a lot in terms of mids up here
Is ur paper today in e morn or aft?,ham,Is ur paper today in e morn or aft?
Thanks for your message. I really appreciate your sacrifice. I'm not sure of the process of direct pay but will find out on my way back from the test tomorrow. I'm in class now. Do have a wonderful day.,ham,Thanks for your message. I really appreciate your sacrifice. I'm not sure of the process of direct pay but will find out on my way back from the test tomorrow. I'm in class now. Do have a wonderful day.
"Last Chance! Claim ur 150 worth of discount vouchers today! Text SHOP to 85023 now! SavaMob, offers mobile! T Cs SavaMob POBOX84, M263UZ. 3.00 Sub. 16",spam,"L a s t C h a n c e! Cla im ur 150 wor th of discou nt vouc hers t o d a y! T e x t SH OP to 8 5 0 2 3 n o w! S a v a M o b, o f f e r s mob ile! T Cs S a v a M o b P O B O X 8 4, M263UZ. 3.00 Sub. 16"
At home watching tv lor.,ham,At home watching tv lor.
It just seems like weird timing that the night that all you and g want is for me to come smoke is the same day as when a shitstorm is attributed to me always coming over and making everyone smoke,ham,It just seems like weird timing that the night that all you and g want is for me to come smoke is the same day as when a shitstorm is attributed to me always coming over and making everyone smoke
"Under the sea, there lays a rock. In the rock, there is an envelope. In the envelope, there is a paper. On the paper, there are 3 words... '",ham,"Under the sea, there lays a rock. In the rock, there is an envelope. In the envelope, there is a paper. On the paper, there are 3 words... '"
Be sure to check your yahoo email. We sent photos yesterday,ham,Be sure to check your yahoo email. We sent photos yesterday
No de. But call me after some time. Ill tell you k,ham,No de. But call me after some time. Ill tell you k
"Happy or sad , one thing about past is- \Its no more\"" GOOD MORNING :-):-).""",ham,"Happy or sad , one thing about past is- \Its no more\"" GOOD MORNING :-):-)."""
Your opinion about me? 1. Over 2. Jada 3. Kusruthi 4. Lovable 5. Silent 6. Spl character 7. Not matured 8. Stylish 9. Simple Pls reply..,ham,Your opinion about me? 1. Over 2. Jada 3. Kusruthi 4. Lovable 5. Silent 6. Spl character 7. Not matured 8. Stylish 9. Simple Pls reply..
Thanks for your subscription to Ringtone UK your mobile will be charged 5/month Please confirm by replying YES or NO. If you reply NO you will not be charged,spam,T h a n k s for y our subscription to R i n g t o n e UK y our m o b i l e w ill be char ged 5/month Plea se confirm by replying Y E S or NO. If y o u r e p l y NO y o u wi ll not be c h a r g e d
"Good FRIENDS CaRE for each Other.. CLoSE Friends UNDERSTaND each Other... and TRUE Friends STaY forever beyond words, beyond time. Gud ni8",ham,"Good FRIENDS CaRE for each Other.. CLoSE Friends UNDERSTaND each Other... and TRUE Friends STaY forever beyond words, beyond time. Gud ni8"
Great! I shoot big loads so get ready!,ham,Great! I shoot big loads so get ready!
I'm gonna say no. Sorry. I would but as normal am starting to panic about time. Sorry again! Are you seeing on Tuesday?,ham,I'm gonna say no. Sorry. I would but as normal am starting to panic about time. Sorry again! Are you seeing on Tuesday?
If You mean the website. Yes.,ham,If You mean the website. Yes.
Just seeing your missed call my dear brother. Do have a gr8 day.,ham,Just seeing your missed call my dear brother. Do have a gr8 day.
"URGENT! Your Mobile No. was awarded 2000 Bonus Caller Prize on 5/9/03 This is our final try to contact U! Call from Landline 09064019788 BOX42WR29C, 150PPM",spam,"U R G E N T! Y o u r Mobi le No. was awa rded 2 0 0 0 Bo nus C aller Pri ze on 5/9/03 T his is o u r f i n a l t r y to c o n t a c t U! C a l l f r o m L a n d l i n e 09064019788 BOX42WR29C, 15 0PPM"
Dont think you need yellow card for uk travel. Ask someone that has gone before. If you do its just &lt;#&gt; bucks,ham,Dont think you need yellow card for uk travel. Ask someone that has gone before. If you do its just &lt;#&gt; bucks
Well she's in for a big surprise!,ham,Well she's in for a big surprise!
I hope you arnt pissed off but id would really like to see you tomorrow. Love me xxxxxxxxxxxxxX,ham,I hope you arnt pissed off but id would really like to see you tomorrow. Love me xxxxxxxxxxxxxX
We're finally ready fyi,ham,We're finally ready fyi
Jus came back fr lunch wif my sis only. U leh?,ham,Jus came back fr lunch wif my sis only. U leh?
She's fine. Good to hear from you. How are you my dear? Happy new year oh.,ham,She's fine. Good to hear from you. How are you my dear? Happy new year oh.
Well done ENGLAND! Get the official poly ringtone or colour flag on yer mobile! text TONE or FLAG to 84199 NOW! Opt-out txt ENG STOP. Box39822 W111WX 1.50,spam,Well done ENG LAND! G e t the official p oly r i n g t o n e or colo ur fl ag on yer mobi le! t e x t T O N E or F L A G to 84199 N O W! O p t-o u t txt ENG ST OP. Box39822 W111WX 1.50
Happy new years melody!,ham,Happy new years melody!
How come?,ham,How come?
"Yeah, probably earlier than that",ham,"Yeah, probably earlier than that"
Aiyah then i wait lor. Then u entertain me. Hee...,ham,Aiyah then i wait lor. Then u entertain me. Hee...
This weekend is fine (an excuse not to do too much decorating),ham,This weekend is fine (an excuse not to do too much decorating)
"Nothing, smsing u n xy lor. Sorry lor da guys neva c u in person but they sort of know u lor. So u wan 2 meet them xy ask me 2 bring u along 4 our next meeting.",ham,"Nothing, smsing u n xy lor. Sorry lor da guys neva c u in person but they sort of know u lor. So u wan 2 meet them xy ask me 2 bring u along 4 our next meeting."
"FREE MESSAGE Activate your 500 FREE Text Messages by replying to this message with the word FREE For terms & conditions, visit ",spam,"FR EE M E S S A G E Activate y our 500 F R E E T e x t Mes sages by replying to th is m e s s a g e w i t h the w ord FR EE For t e r m s & conditions, v i s i t "
"HOT LIVE FANTASIES call now 08707509020 Just 20p per min NTT Ltd, PO Box 1327 Croydon CR9 5WB 0870 is a national rate call",spam,"H O T L I V E FANTASIES c a l l n o w 08707509020 J ust 20p p e r min NTT Ltd, PO Box 1 3 2 7 Croy don CR9 5WB 0 870 is a n a t i o n a l r a t e ca ll"
"I wasn't well babe, i have swollen glands at my throat ... What did you end up doing ?",ham,"I wasn't well babe, i have swollen glands at my throat ... What did you end up doing ?"
No just send to you. Bec you in temple na.,ham,No just send to you. Bec you in temple na.
"Thanks again for your reply today. When is ur visa coming in. And r u still buying the gucci and bags. My sister things are not easy, uncle john also has his own bills so i really need to think about how to make my own money. Later sha.",ham,"Thanks again for your reply today. When is ur visa coming in. And r u still buying the gucci and bags. My sister things are not easy, uncle john also has his own bills so i really need to think about how to make my own money. Later sha."
Well i know Z will take care of me. So no worries.,ham,Well i know Z will take care of me. So no worries.
HI DARLIN I HOPE YOU HAD A NICE NIGHT I WISH I HAD COME CANT WAIT TO SEE YOU LOVE FRAN PS I WANT DIRTY ANAL SEX AND I WANT A 10 MAN GANG BANG,ham,HI DARLIN I HOPE YOU HAD A NICE NIGHT I WISH I HAD COME CANT WAIT TO SEE YOU LOVE FRAN PS I WANT DIRTY ANAL SEX AND I WANT A 10 MAN GANG BANG
Dunno lei... I might b eatin wif my frens... If _ wan to eat then i wait 4 _ lar,ham,Dunno lei... I might b eatin wif my frens... If _ wan to eat then i wait 4 _ lar
RGENT! This is the 2nd attempt to contact U!U have WON 1250 CALL 09071512433 b4 050703 T&CsBCM4235WC1N3XX. callcost 150ppm mobilesvary. max7. 50,spam,RGENT! Th is is the 2nd a t t e m p t to c o n t a c t U!U ha ve WON 1250 CA LL 09071512433 b4 050703 T&CsBCM4235WC1N3XX. callcost 15 0ppm mobilesvary. max7. 50
Goodmorning sleeping ga.,ham,Goodmorning sleeping ga.
Yoyyooo u know how to change permissions for a drive in mac. My usb flash drive,ham,Yoyyooo u know how to change permissions for a drive in mac. My usb flash drive
Hope you are having a good week. Just checking in,ham,Hope you are having a good week. Just checking in
"Aight, I'm chillin in a friend's room so text me when you're on the way",ham,"Aight, I'm chillin in a friend's room so text me when you're on the way"
HI ITS JESS I DONT KNOW IF YOU ARE AT WORK BUT CALL ME WHEN U CAN IM AT HOME ALL EVE. XXX,ham,HI ITS JESS I DONT KNOW IF YOU ARE AT WORK BUT CALL ME WHEN U CAN IM AT HOME ALL EVE. XXX
"I hav almost reached. Call, i m unable to connect u.",ham,"I hav almost reached. Call, i m unable to connect u."
Think + da. You wil do.,ham,Think + da. You wil do.
She left it very vague. She just said she would inform the person in accounting about the delayed rent and that i should discuss with the housing agency about my renting another place. But checking online now and all places around usc are &lt;#&gt; and up,ham,She left it very vague. She just said she would inform the person in accounting about the delayed rent and that i should discuss with the housing agency about my renting another place. But checking online now and all places around usc are &lt;#&gt; and up
If i start sending blackberry torch to nigeria will you find buyer for me?like 4a month. And tell dad not to buy bb from anyone oh.,ham,If i start sending blackberry torch to nigeria will you find buyer for me?like 4a month. And tell dad not to buy bb from anyone oh.
URGENT! We are trying to contact you. Last weekends draw shows that you have won a 900 prize GUARANTEED. Call 09061701939. Claim code S89. Valid 12hrs only,spam,U RGENT! We are tr ying to co ntact y o u. L a s t weekends d raw s h o w s t h a t y o u h a v e won a 900 p r i z e G U A R A N T E E D. Ca ll 09061701939. C l a i m c o d e S89. V alid 12 hrs o nly
"Sunshine Hols. To claim ur med holiday send a stamped self address envelope to Drinks on Us UK, PO Box 113, Bray, Wicklow, Eire. Quiz Starts Saturday! Unsub Stop",spam,"Su nshine Hols. To c l a i m ur m e d h o l i d a y se nd a stamped self address envelope to Drinks on Us UK, PO Box 113, Bray, Wicklow, Eire. Q u i z Starts Satur day! Un sub S t o p"
"K, I'll work something out",ham,"K, I'll work something out"
Hi - this is your Mailbox Messaging SMS alert. You have 40 matches. Please call back on 09056242159 to retrieve your messages and matches cc100p/min,spam,Hi - t his is yo ur Mailbox Messaging S M S alert. Y o u h ave 40 matc hes. P l e a s e c a l l ba ck on 09056242159 to retrieve y o u r me ssages and ma tches cc100p/min
"Come round, it's .",ham,"Come round, it's ."
I keep ten rs in my shelf:) buy two egg.,ham,I keep ten rs in my shelf:) buy two egg.
"I'd say that's a good sign but, well, you know my track record at reading women",ham,"I'd say that's a good sign but, well, you know my track record at reading women"
money!!! you r a lucky winner ! 2 claim your prize text money 2 88600 over 1million to give away ! ppt150x3+normal text rate box403 w1t1jy,spam,m o n e y!!! y o u r a lu cky w i n n e r ! 2 cla im yo ur p rize t e x t m o n e y 2 88600 o v e r 1million to gi ve away ! ppt150x3+normal t ext r ate box403 w1t1jy
No b4 Thursday,ham,No b4 Thursday
I've told him that i've returned it. That should i re order it.,ham,I've told him that i've returned it. That should i re order it.
Yes fine,ham,Yes fine
"Multiply the numbers independently and count decimal points then, for the division, push the decimal places like i showed you.",ham,"Multiply the numbers independently and count decimal points then, for the division, push the decimal places like i showed you."
"I jus hope its true that missin me cos i'm really missin him! You haven't done anything to feel guilty about, yet.",ham,"I jus hope its true that missin me cos i'm really missin him! You haven't done anything to feel guilty about, yet."
7 lor... Change 2 suntec... Wat time u coming?,ham,7 lor... Change 2 suntec... Wat time u coming?
I jus reached home. I go bathe first. But my sis using net tell u when she finishes k...,ham,I jus reached home. I go bathe first. But my sis using net tell u when she finishes k...
No. Did you multimedia message them or e-mail?,ham,No. Did you multimedia message them or e-mail?
Hi good mornin.. Thanku wish u d same..,ham,Hi good mornin.. Thanku wish u d same..
Po de :-):):-):-):-). No need job aha.,ham,Po de :-):):-):-):-). No need job aha.
That is wondar full flim.,ham,That is wondar full flim.
"Sounds gd... Haha... Can... Wah, u yan jiu so fast liao...",ham,"Sounds gd... Haha... Can... Wah, u yan jiu so fast liao..."
"naughty little thought: 'its better to flirt, flirt n flirt, rather than loving someone n gettin hurt, hurt n hurt...:-) Gud nyt",ham,"naughty little thought: 'its better to flirt, flirt n flirt, rather than loving someone n gettin hurt, hurt n hurt...:-) Gud nyt"
"Dear all, as we know &lt;#&gt; th is the &lt;#&gt; th birthday of our loving Gopalettan. We are planning to give a small gift on that day. Those who like to participate in that you are welcome. Please contact our admin team for more details",ham,"Dear all, as we know &lt;#&gt; th is the &lt;#&gt; th birthday of our loving Gopalettan. We are planning to give a small gift on that day. Those who like to participate in that you are welcome. Please contact our admin team for more details"
Tell my bad character which u Dnt lik in me. I'll try to change in &lt;#&gt; . I ll add tat 2 my new year resolution. Waiting for ur reply.Be frank...good morning.,ham,Tell my bad character which u Dnt lik in me. I'll try to change in &lt;#&gt; . I ll add tat 2 my new year resolution. Waiting for ur reply.Be frank...good morning.
"Loan for any purpose 500 - 75,000. Homeowners + Tenants welcome. Have you been previously refused? We can still help. Call Free 0800 1956669 or text back 'help'",spam,"L o a n for any purpose 500 - 75,000. Homeowners + Tenants we lcome. H a v e y o u b e e n previously refused? We can st ill h e l p. C a l l F r e e 0 800 1956669 or t ext b a c k 'he lp'"
As per your request 'Maangalyam (Alaipayuthe)' has been set as your callertune for all Callers. Press *9 to copy your friends Callertune,ham,As per your request 'Maangalyam (Alaipayuthe)' has been set as your callertune for all Callers. Press *9 to copy your friends Callertune
"Yup, no need. I'll jus wait 4 e rain 2 stop.",ham,"Yup, no need. I'll jus wait 4 e rain 2 stop."
There the size of elephant tablets & u shove um up ur ass!!,ham,There the size of elephant tablets & u shove um up ur ass!!
U still going to the mall?,ham,U still going to the mall?
"I can. But it will tell quite long, cos i haven't finish my film yet...",ham,"I can. But it will tell quite long, cos i haven't finish my film yet..."
"Abeg, make profit. But its a start. Are you using it to get sponsors for the next event?",ham,"Abeg, make profit. But its a start. Are you using it to get sponsors for the next event?"
Err... Cud do. I'm going to at 8pm. I haven't got a way to contact him until then.,ham,Err... Cud do. I'm going to at 8pm. I haven't got a way to contact him until then.
Aight sorry I take ten years to shower. What's the plan?,ham,Aight sorry I take ten years to shower. What's the plan?
I dont. Can you send it to me. Plus how's mode.,ham,I dont. Can you send it to me. Plus how's mode.
Great NEW Offer - DOUBLE Mins & DOUBLE Txt on best Orange tariffs AND get latest camera phones 4 FREE! Call MobileUpd8 free on 08000839402 NOW! or 2stoptxt T&Cs,spam,G reat N E W O f f e r - DOUB LE M i n s & DOU BLE Txt on b e s t Ora nge tari ffs AND g e t l atest c a m e r a p hones 4 F R E E! C a l l Mobil eUpd8 fr ee on 08 000839402 N O W! or 2stoptxt T&Cs
Check Out Choose Your Babe Videos @ sms.shsex.netUN fgkslpoPW fgkslpo,spam,Check O u t Choo se Y o u r Babe Videos @ s m s.shsex.netUN fgkslpoPW fgkslpo
I'm at work. Please call,ham,I'm at work. Please call
As per your request 'Maangalyam (Alaipayuthe)' has been set as your callertune for all Callers. Press *9 to copy your friends Callertune,ham,As per your request 'Maangalyam (Alaipayuthe)' has been set as your callertune for all Callers. Press *9 to copy your friends Callertune
"That's very rude, you on campus?",ham,"That's very rude, you on campus?"
"Welcome to Select, an O2 service with added benefits. You can now call our specially trained advisors FREE from your mobile by dialling 402.",spam,"Wel come to Select, an O2 s e r v i c e w i t h added benefits. Y o u can n o w ca ll o u r speci ally trained advisors F REE f r o m y o u r m o b i l e by dialling 402."
"Probably gonna be here for a while, see you later tonight &lt;)",ham,"Probably gonna be here for a while, see you later tonight &lt;)"
"Sure, if I get an acknowledgement from you that it's astoundingly tactless and generally faggy to demand a blood oath fo",ham,"Sure, if I get an acknowledgement from you that it's astoundingly tactless and generally faggy to demand a blood oath fo"
"Yeah work is fine, started last week, all the same stuff as before, dull but easy and guys are fun!",ham,"Yeah work is fine, started last week, all the same stuff as before, dull but easy and guys are fun!"
Ok... I din get ur msg...,ham,Ok... I din get ur msg...
Camera - You are awarded a SiPix Digital Camera! call 09061221066 fromm landline. Delivery within 28 days,spam,Came ra - Y o u are a w a r d ed a S i P i x D igital C a m era! c a l l 09061221066 fromm l a n d l i n e. Deli very w i t h i n 28 da ys
HI DARLIN IM MISSIN U HOPE YOU ARE HAVING A GOOD TIME. WHEN ARE U BACK AND WHAT TIME IF U CAN GIVE ME A CALL AT HOME. JESS XX,ham,HI DARLIN IM MISSIN U HOPE YOU ARE HAVING A GOOD TIME. WHEN ARE U BACK AND WHAT TIME IF U CAN GIVE ME A CALL AT HOME. JESS XX
\For the most sparkling shopping breaks from 45 per person; call 0121 2025050 or visit ,spam,\For the most sparkling shopping breaks f r o m 45 p e r person; ca ll 0121 2025050 or v i s i t 
"Thanks da thangam, i feel very very happy dear. I also miss you da.",ham,"Thanks da thangam, i feel very very happy dear. I also miss you da."
Unni thank you dear for the recharge..Rakhesh,ham,Unni thank you dear for the recharge..Rakhesh
So i'm doing a list of buyers.,ham,So i'm doing a list of buyers.
So can collect ur laptop?,ham,So can collect ur laptop?
Hi kindly give us back our documents which we submitted for loan from STAPATI,ham,Hi kindly give us back our documents which we submitted for loan from STAPATI
"You are guaranteed the latest Nokia Phone, a 40GB iPod MP3 player or a 500 prize! Txt word: COLLECT to No: 83355! IBHltd LdnW15H 150p/Mtmsgrcvd18+",spam,"Y o u are guaran teed the late st Nok ia Ph one, a 40GB i Pod MP3 p l a y e r or a 500 pr ize! Txt w o r d: C O L L E C T to No: 83355! IBHltd LdnW15H 1 5 0 p/Mtmsgrcvd18+"
Ok i msg u b4 i leave my house.,ham,Ok i msg u b4 i leave my house.
No. It's not pride. I'm almost &lt;#&gt; years old and shouldn't be takin money from my kid. You're not supposed to have to deal with this stuff. This is grownup stuff--why i don't tell you.,ham,No. It's not pride. I'm almost &lt;#&gt; years old and shouldn't be takin money from my kid. You're not supposed to have to deal with this stuff. This is grownup stuff--why i don't tell you.
"Sir, hope your day is going smoothly. i really hoped i wont have to bother you about this. I have some bills that i can't settle this month. I am out of all extra cash. I know this is a challenging time for you also but i have to let you know.",ham,"Sir, hope your day is going smoothly. i really hoped i wont have to bother you about this. I have some bills that i can't settle this month. I am out of all extra cash. I know this is a challenging time for you also but i have to let you know."
Oh thats late! Well have a good night and i will give u a call tomorrow. Iam now going to go to sleep night night,ham,Oh thats late! Well have a good night and i will give u a call tomorrow. Iam now going to go to sleep night night
Oh oh... Wasted... Den muz chiong on sat n sun liao...,ham,Oh oh... Wasted... Den muz chiong on sat n sun liao...
You have 1 new voicemail. Please call 08719181513.,spam,Y o u h ave 1 n e w voicemail. Ple ase c a l l 08719181513.
Message from . I am at Truro Hospital on ext. You can phone me here. as I have a phone by my side,ham,Message from . I am at Truro Hospital on ext. You can phone me here. as I have a phone by my side
I cant pick the phone right now. Pls send a message,ham,I cant pick the phone right now. Pls send a message
"New Tones This week include: 1)McFly-All Ab.., 2) Sara Jorge-Shock.. 3) Will Smith-Switch.. To order follow instructions on next message",spam,"N e w T o n e s Th is we ek include: 1)McFly-A l l Ab.., 2) Sara Jorge-Shock.. 3) W i l l Smith-Switch.. To o r d e r follow instructions on n e x t m e s s a g e"
Stupid.its not possible,ham,Stupid.its not possible
Ahhh. Work. I vaguely remember that! What does it feel like? Lol,ham,Ahhh. Work. I vaguely remember that! What does it feel like? Lol
Are you willing to go for aptitude class.,ham,Are you willing to go for aptitude class.
K:)k:)what are detail you want to transfer?acc no enough?,ham,K:)k:)what are detail you want to transfer?acc no enough?
"Beautiful Truth against Gravity.. Read carefully: \Our heart feels light when someone is in it.. But it feels very heavy when someone leaves it..\"" GOOD NIGHT""",ham,"Beautiful Truth against Gravity.. Read carefully: \Our heart feels light when someone is in it.. But it feels very heavy when someone leaves it..\"" GOOD NIGHT"""
"UpgrdCentre Orange customer, you may now claim your FREE CAMERA PHONE upgrade for your loyalty. Call now on 0207 153 9153. Offer ends 26th July. T&C's apply. Opt-out available",spam,"UpgrdCentre O r a n g e c u s t o m e r, y o u may n o w c l a i m y o u r FR EE C A M E R A P HONE upgrade for y o u r loyalty. C a l l n o w on 0207 153 9153. O f f e r ends 26th July. T&C's a p p l y. O p t-o u t available"
Can you call me plz. Your number shows out of coveragd area. I have urgnt call in vasai &amp; have to reach before 4'o clock so call me plz,ham,Can you call me plz. Your number shows out of coveragd area. I have urgnt call in vasai &amp; have to reach before 4'o clock so call me plz
How was txting and driving,ham,How was txting and driving
I thought slide is enough.,ham,I thought slide is enough.
Is that what time you want me to come?,ham,Is that what time you want me to come?
Hmm...Bad news...Hype park plaza $700 studio taken...Only left 2 bedrm-$900...,ham,Hmm...Bad news...Hype park plaza $700 studio taken...Only left 2 bedrm-$900...
"For you information, IKEA is spelled with all caps. That is not yelling. when you thought i had left you, you were sitting on the bed among the mess when i came in. i said we were going after you got home from class. please don't try and bullshit me. It makes me want to listen to you less.",ham,"For you information, IKEA is spelled with all caps. That is not yelling. when you thought i had left you, you were sitting on the bed among the mess when i came in. i said we were going after you got home from class. please don't try and bullshit me. It makes me want to listen to you less."
But if she.s drinkin i'm ok.,ham,But if she.s drinkin i'm ok.
Of course ! Don't tease me ... You know I simply must see ! *grins* ... Do keep me posted my prey ... *loving smile* *devouring kiss*,ham,Of course ! Don't tease me ... You know I simply must see ! *grins* ... Do keep me posted my prey ... *loving smile* *devouring kiss*
I'm at work. Please call,ham,I'm at work. Please call
Do well :)all will for little time. Thing of good times ahead:,ham,Do well :)all will for little time. Thing of good times ahead:
Wow didn't think it was that common. I take it all back ur not a freak! Unless u chop it off:-),ham,Wow didn't think it was that common. I take it all back ur not a freak! Unless u chop it off:-)
hi baby im cruisin with my girl friend what r u up 2? give me a call in and hour at home if thats alright or fone me on this fone now love jenny xxx,ham,hi baby im cruisin with my girl friend what r u up 2? give me a call in and hour at home if thats alright or fone me on this fone now love jenny xxx
"Storming msg: Wen u lift d phne, u say \HELLO\"" Do u knw wt is d real meaning of HELLO?? . . . It's d name of a girl..! . . . Yes.. And u knw who is dat girl?? \""Margaret Hello\"" She is d girlfrnd f Grahmbell who invnted telphone... . . . . Moral:One can 4get d name of a person",ham,"Storming msg: Wen u lift d phne, u say \HELLO\"" Do u knw wt is d real meaning of HELLO?? . . . It's d name of a girl..! . . . Yes.. And u knw who is dat girl?? \""Margaret Hello\"" She is d girlfrnd f Grahmbell who invnted telphone... . . . . Moral:One can 4get d name of a person"
Want 2 get laid tonight? Want real Dogging locations sent direct 2 ur mob? Join the UK's largest Dogging Network bt Txting GRAVEL to 69888! Nt. ec2a. 31p.msg@150p,spam,W a n t 2 g e t laid tonight? W ant r e a l Dogg ing locations s ent d irect 2 ur mob? Jo in the UK's largest D o g g i n g N etwork bt T xting GRAVEL to 69888! Nt. ec2a. 31p.msg@1 5 0 p
"Do you know why god created gap between your fingers..? So that, One who is made for you comes &amp; fills those gaps by holding your hand with LOVE..!",ham,"Do you know why god created gap between your fingers..? So that, One who is made for you comes &amp; fills those gaps by holding your hand with LOVE..!"
Guess who spent all last night phasing in and out of the fourth dimension,ham,Guess who spent all last night phasing in and out of the fourth dimension
"Nice. Wait...should you be texting right now? I'm not gonna pay your ticket, ya know!",ham,"Nice. Wait...should you be texting right now? I'm not gonna pay your ticket, ya know!"
Short But Cute: \Be a good person,ham,Short But Cute: \Be a good person
"Sorry light turned green, I meant another friend wanted &lt;#&gt; worth but he may not be around",ham,"Sorry light turned green, I meant another friend wanted &lt;#&gt; worth but he may not be around"
Where's mummy's boy ? Is he being good or bad ? Is he being positive or negative ? Why is mummy being made to wait? Hmmmm?,ham,Where's mummy's boy ? Is he being good or bad ? Is he being positive or negative ? Why is mummy being made to wait? Hmmmm?
CHEERS LOU! YEAH WAS A GOODNITE SHAME U NEVA CAME! C YA GAILxx,ham,CHEERS LOU! YEAH WAS A GOODNITE SHAME U NEVA CAME! C YA GAILxx
Hey happy birthday...,ham,Hey happy birthday...
Oops sorry. Just to check that you don't mind picking me up tomo at half eight from station. Would that be ok?,ham,Oops sorry. Just to check that you don't mind picking me up tomo at half eight from station. Would that be ok?
Y de asking like this.,ham,Y de asking like this.
U have a Secret Admirer who is looking 2 make contact with U-find out who they R*reveal who thinks UR so special-call on 09065171142-stopsms-08718727870150ppm,spam,U h a v e a S e c r e t Admi rer who is looki ng 2 ma ke c o n t a c t w i t h U-f i n d o u t who t h e y R*reve al who t hinks UR so spec ial-c a l l on 09065171142-stopsms-08718727870150ppm
PS U no ur a grown up now right?,ham,PS U no ur a grown up now right?
How dare you stupid. I wont tell anything to you. Hear after i wont talk to you:-.,ham,How dare you stupid. I wont tell anything to you. Hear after i wont talk to you:-.
"Oh... Icic... K lor, den meet other day...",ham,"Oh... Icic... K lor, den meet other day..."
Hi. || Do u want | to join me with sts later? || Meeting them at five. || Call u after class.,ham,Hi. || Do u want | to join me with sts later? || Meeting them at five. || Call u after class.
Ur cash-balance is currently 500 pounds - to maximize ur cash-in now send GO to 86688 only 150p/msg. CC 08718720201 HG/Suite342/2Lands Row/W1J6HL,spam,Ur ca sh-balance is c u r r e n t l y 500 p o u n d s - to maximize ur ca sh-in n o w s e n d GO to 8 6 6 8 8 on ly 1 5 0 p/msg. CC 08718720201 HG/S uite342/2 L a n d s Row/W1J6HL
Feel like trying kadeem again? :V,ham,Feel like trying kadeem again? :V
"\NOT ENUFCREDEIT TOCALL.SHALL ILEAVE UNI AT 6 +GET A BUS TO YOR HOUSE?\""""",ham,"\NOT ENUFCREDEIT TOCALL.SHALL ILEAVE UNI AT 6 +GET A BUS TO YOR HOUSE?\"""""
Did u got that persons story,ham,Did u got that persons story
Reading gud habit.. Nan bari hudgi yorge pataistha ertini kano:-),ham,Reading gud habit.. Nan bari hudgi yorge pataistha ertini kano:-)
PRIVATE! Your 2003 Account Statement for 07808247860 shows 800 un-redeemed S. I. M. points. Call 08719899229 Identifier Code: 40411 Expires 06/11/04,spam,PRIV ATE! Y o u r 2 003 A c c o u n t Statem ent for 07808247860 sh ows 800 un-redee med S. I. M. p o i n t s. C a l l 08719899229 Identi fier C o d e: 40411 E x p i r e s 06/11/04
"Okay. No no, just shining on. That was meant to be signing, but that sounds better.",ham,"Okay. No no, just shining on. That was meant to be signing, but that sounds better."
"YOU VE WON! Your 4* Costa Del Sol Holiday or 5000 await collection. Call 09050090044 Now toClaim. SAE, TC s, POBox334, Stockport, SK38xh, Cost1.50/pm, Max10mins",spam,"Y O U VE WON! Y o u r 4* Co sta Del Sol Holid ay or 5 0 0 0 aw ait c o l l e c t i o n. C a l l 090500900 44 N o w t oClaim. SAE, TC s, P O B o x 3 3 4, S tockport, S K 3 8 x h, C o s t 1.50/pm, M a x 1 0 m i n s"
Santa calling! Would your little ones like a call from Santa Xmas Eve? Call 09077818151 to book you time. Calls1.50ppm last 3mins 30s T&C ,spam,Santa c alling! Would y our little ones l ike a ca ll f rom Santa Xm as Eve? Ca ll 09077818151 to b o o k y o u t i m e. Calls1.50ppm l a s t 3mins 30s T&C 
Hey so whats the plan this sat?,ham,Hey so whats the plan this sat?
C movie is juz last minute decision mah. Juz watch 2 lar but i tot _ not interested.,ham,C movie is juz last minute decision mah. Juz watch 2 lar but i tot _ not interested.
With my sis lor... We juz watched italian job.,ham,With my sis lor... We juz watched italian job.
"As I entered my cabin my PA said, '' Happy B'day Boss !!''. I felt special. She askd me 4 lunch. After lunch she invited me to her apartment. We went there.",ham,"As I entered my cabin my PA said, '' Happy B'day Boss !!''. I felt special. She askd me 4 lunch. After lunch she invited me to her apartment. We went there."
Pls go ahead with watts. I just wanted to be sure. Do have a great weekend. Abiola,ham,Pls go ahead with watts. I just wanted to be sure. Do have a great weekend. Abiola
Not getting anywhere with this damn job hunting over here!,ham,Not getting anywhere with this damn job hunting over here!
Hi. Happy New Year. I dont mean to intrude but can you pls let me know how much tuition you paid last semester and how much this semester is. Thanks,ham,Hi. Happy New Year. I dont mean to intrude but can you pls let me know how much tuition you paid last semester and how much this semester is. Thanks
Knock Knock Txt whose there to 80082 to enter r weekly draw 4 a 250 gift voucher 4 a store of yr choice. T&Cs  age16 to stoptxtstop1.50/week,spam,Knock Knock Txt whose th ere to 80082 to e n t e r r wee kly dr aw 4 a 250 g i f t vo ucher 4 a store of yr choice. T&Cs  age16 to stoptxtstop1.50/w eek
I cant pick the phone right now. Pls send a message,ham,I cant pick the phone right now. Pls send a message
Also maaaan are you missing out,ham,Also maaaan are you missing out
Ok Chinese food on its way. When I get fat you're paying for my lipo.,ham,Ok Chinese food on its way. When I get fat you're paying for my lipo.
"Thursday night? Yeah, sure thing, we'll work it out then",ham,"Thursday night? Yeah, sure thing, we'll work it out then"
I am in bus on the way to calicut,ham,I am in bus on the way to calicut
Missed your call cause I was yelling at scrappy. Miss u. Can't wait for u to come home. I'm so lonely today.,ham,Missed your call cause I was yelling at scrappy. Miss u. Can't wait for u to come home. I'm so lonely today.
No no:)this is kallis home ground.amla home town is durban:),ham,No no:)this is kallis home ground.amla home town is durban:)
Is that seriously how you spell his name?,ham,Is that seriously how you spell his name?
I plane to give on this month end.,ham,I plane to give on this month end.
Okay. I've seen it. So i should pick it on friday?,ham,Okay. I've seen it. So i should pick it on friday?
Huh so fast... Dat means u havent finished painting?,ham,Huh so fast... Dat means u havent finished painting?
I though we shd go out n have some fun so bar in town or something  sound ok?,ham,I though we shd go out n have some fun so bar in town or something  sound ok?
Pls tell nelson that the bb's are no longer comin. The money i was expecting aint coming,ham,Pls tell nelson that the bb's are no longer comin. The money i was expecting aint coming
"Ha. You dont know either. I did a a clever but simple thing with pears the other day, perfect for christmas.",ham,"Ha. You dont know either. I did a a clever but simple thing with pears the other day, perfect for christmas."
Lol you won't feel bad when I use her money to take you out to a steak dinner =D,ham,Lol you won't feel bad when I use her money to take you out to a steak dinner =D
"Aight, you close by or still down around alex's place?",ham,"Aight, you close by or still down around alex's place?"
That's y u haf 2 keep me busy...,ham,That's y u haf 2 keep me busy...
Of course. I guess god's just got me on hold right now.,ham,Of course. I guess god's just got me on hold right now.
I come n pick _ up... Come out immediately aft ur lesson...,ham,I come n pick _ up... Come out immediately aft ur lesson...
Dear where you will be when i reach there,ham,Dear where you will be when i reach there
From someone not to smoke when every time I've smoked in the last two weeks is because of you calling or texting me that you wanted to smoke,ham,From someone not to smoke when every time I've smoked in the last two weeks is because of you calling or texting me that you wanted to smoke
No i'm not gonna be able to. || too late notice. || i'll be home in a few weeks anyway. || what are the plans,ham,No i'm not gonna be able to. || too late notice. || i'll be home in a few weeks anyway. || what are the plans
Message:some text missing* Sender:Name Missing* *Number Missing *Sent:Date missing *Missing U a lot thats y everything is missing sent via fullonsms.com,ham,Message:some text missing* Sender:Name Missing* *Number Missing *Sent:Date missing *Missing U a lot thats y everything is missing sent via fullonsms.com
Or just do that 6times,ham,Or just do that 6times
Esplanade lor. Where else...,ham,Esplanade lor. Where else...
I'm done...,ham,I'm done...
Ok i also wan 2 watch e 9 pm show...,ham,Ok i also wan 2 watch e 9 pm show...
U should make a fb list,ham,U should make a fb list
Nothing just getting msgs by dis name wit different no's..,ham,Nothing just getting msgs by dis name wit different no's..
Is ur lecture over?,ham,Is ur lecture over?
I.ll post her out l8r. In class,ham,I.ll post her out l8r. In class
Yo guess what I just dropped,ham,Yo guess what I just dropped
wamma get laid?want real doggin locations sent direct to your mobile? join the UKs largest dogging network. txt dogs to 69696 now!nyt. ec2a. 3lp 1.50/msg.,spam,wamma g e t laid?w a n t r e a l doggin locations s ent d i r e c t to yo ur mob ile? j o i n the UKs largest dogg ing n e t w o r k. txt dogs to 69696 n o w!nyt. ec2a. 3lp 1.50/msg.
Get me out of this dump heap. My mom decided to come to lowes. BORING.,ham,Get me out of this dump heap. My mom decided to come to lowes. BORING.
"Well imma definitely need to restock before thanksgiving, I'll let you know when I'm out",ham,"Well imma definitely need to restock before thanksgiving, I'll let you know when I'm out"
I not at home now lei...,ham,I not at home now lei...
"Yeah go on then, bored and depressed sittin waitin for phone to ring... Hope the wind drops though, scary",ham,"Yeah go on then, bored and depressed sittin waitin for phone to ring... Hope the wind drops though, scary"
"Okey dokey, ill be over in a bit just sorting some stuff out.",ham,"Okey dokey, ill be over in a bit just sorting some stuff out."
Hello. We need some posh birds and chaps to user trial prods for champneys. Can i put you down? I need your address and dob asap. Ta r,spam,Hello. We ne ed some posh birds and chaps to u s e r t r i a l prods for champneys. Can i put y o u down? I n e e d y o u r address and dob asap. Ta r
"Aight will do, thanks again for comin out",ham,"Aight will do, thanks again for comin out"
Where @,ham,Where @
How to Make a girl Happy? It's not at all difficult to make girls happy. U only need to be... 1. A friend 2. Companion 3. Lover 4. Chef . . . &lt;#&gt; . Good listener &lt;#&gt; . Organizer &lt;#&gt; . Good boyfriend &lt;#&gt; . Very clean &lt;#&gt; . Sympathetic &lt;#&gt; . Athletic &lt;#&gt; . Warm . . . &lt;#&gt; . Courageous &lt;#&gt; . Determined &lt;#&gt; . True &lt;#&gt; . Dependable &lt;#&gt; . Intelligent . . . &lt;#&gt; . Psychologist &lt;#&gt; . Pest exterminator &lt;#&gt; . Psychiatrist &lt;#&gt; . Healer . . &lt;#&gt; . Stylist &lt;#&gt; . Driver . . Aaniye pudunga venaam..,ham,How to Make a girl Happy? It's not at all difficult to make girls happy. U only need to be... 1. A friend 2. Companion 3. Lover 4. Chef . . . &lt;#&gt; . Good listener &lt;#&gt; . Organizer &lt;#&gt; . Good boyfriend &lt;#&gt; . Very clean &lt;#&gt; . Sympathetic &lt;#&gt; . Athletic &lt;#&gt; . Warm . . . &lt;#&gt; . Courageous &lt;#&gt; . Determined &lt;#&gt; . True &lt;#&gt; . Dependable &lt;#&gt; . Intelligent . . . &lt;#&gt; . Psychologist &lt;#&gt; . Pest exterminator &lt;#&gt; . Psychiatrist &lt;#&gt; . Healer . . &lt;#&gt; . Stylist &lt;#&gt; . Driver . . Aaniye pudunga venaam..
Home so we can always chat,ham,Home so we can always chat
haha but no money leh... Later got to go for tuition... Haha and looking for empty slots for driving lessons,ham,haha but no money leh... Later got to go for tuition... Haha and looking for empty slots for driving lessons
Pls pls find out from aunt nike.,ham,Pls pls find out from aunt nike.
"Aight, see you in a bit",ham,"Aight, see you in a bit"
You said to me before i went back to bed that you can't sleep for anything.,ham,You said to me before i went back to bed that you can't sleep for anything.
Only saturday and sunday holiday so its very difficult:),ham,Only saturday and sunday holiday so its very difficult:)
I always chat with you. In fact i need money can you raise me?,ham,I always chat with you. In fact i need money can you raise me?
Lol I know! Hey someone did a great inpersonation of flea on the forums. I love it!,ham,Lol I know! Hey someone did a great inpersonation of flea on the forums. I love it!
God's love has no limit. God's grace has no measure. God's power has no boundaries. May u have God's endless blessings always in ur life...!! Gud ni8,ham,God's love has no limit. God's grace has no measure. God's power has no boundaries. May u have God's endless blessings always in ur life...!! Gud ni8
How dare you change my ring,ham,How dare you change my ring
"Dear Matthew please call 09063440451 from a landline, your complimentary 4*Lux Tenerife holiday or 1000 CASH await collection. ppm150 SAE T&Cs Box334 SK38XH.",spam,"De ar Matthew p l e a s e c a l l 09063440451 f rom a l a n d l i n e, y o u r c o m p l i m e n t a r y 4*Lux Te nerife holid ay or 1 000 C ASH a wait c o l l e c t i o n. ppm150 SAE T&Cs Box334 S K38XH."
The bus leaves at &lt;#&gt;,ham,The bus leaves at &lt;#&gt;
Thnx dude. u guys out 2nite?,ham,Thnx dude. u guys out 2nite?
Pls help me tell Ashley that i cant find her number oh,ham,Pls help me tell Ashley that i cant find her number oh
"If you want to mapquest it or something look up \usf dogwood drive\""",ham,"If you want to mapquest it or something look up \usf dogwood drive\"""
Boooo you always work. Just quit.,ham,Boooo you always work. Just quit.
Take us out shopping and Mark will distract Isaiah.=D,ham,Take us out shopping and Mark will distract Isaiah.=D
"Hello from Orange. For 1 month's free access to games, news and sport, plus 10 free texts and 20 photo messages, reply YES. Terms apply: ",spam,"Hello f rom O range. For 1 month's f r e e a c c e s s to ga mes, n e w s and sport, p l u s 10 f r e e t e x t s and 20 photo mess ages, r eply Y E S. T e r m s a p p l y: "
WHEN THE FIRST STRIKE IS A RED ONE. THE BIRD + ANTELOPE BEGIN TOPLAY IN THE FIELDOF SELFINDEPENDENCE BELIEVE THIS + THE FLOWER OF CONTENTION WILL GROW.RANDOM!,ham,WHEN THE FIRST STRIKE IS A RED ONE. THE BIRD + ANTELOPE BEGIN TOPLAY IN THE FIELDOF SELFINDEPENDENCE BELIEVE THIS + THE FLOWER OF CONTENTION WILL GROW.RANDOM!
Cramps stopped. Going back to sleep,ham,Cramps stopped. Going back to sleep
Your bill at 3 is 33.65 so thats not bad!,ham,Your bill at 3 is 33.65 so thats not bad!
The new deus ex game comin early next yr,ham,The new deus ex game comin early next yr
"Mostly sports type..lyk footbl,crckt..",ham,"Mostly sports type..lyk footbl,crckt.."
Raji..pls do me a favour. Pls convey my Birthday wishes to Nimya. Pls. Today is her birthday.,ham,Raji..pls do me a favour. Pls convey my Birthday wishes to Nimya. Pls. Today is her birthday.
Anyway holla at me whenever you're around because I need an excuse to go creep on people in sarasota,ham,Anyway holla at me whenever you're around because I need an excuse to go creep on people in sarasota
"House-Maid is the murderer, coz the man was murdered on &lt;#&gt; th January.. As public holiday all govt.instituitions are closed,including post office..understand?",ham,"House-Maid is the murderer, coz the man was murdered on &lt;#&gt; th January.. As public holiday all govt.instituitions are closed,including post office..understand?"
"Goodmorning,my grandfather expired..so am on leave today.",ham,"Goodmorning,my grandfather expired..so am on leave today."
Thanks for looking out for me. I really appreciate.,ham,Thanks for looking out for me. I really appreciate.
Ok no prob... I'll come after lunch then...,ham,Ok no prob... I'll come after lunch then...
S s..first time..dhoni rocks...,ham,S s..first time..dhoni rocks...
"I don't have anybody's number, I still haven't thought up a tactful way to ask alex",ham,"I don't have anybody's number, I still haven't thought up a tactful way to ask alex"
"Sorry, it's a lot of friend-of-a-friend stuff, I'm just now about to talk to the actual guy who wants to buy",ham,"Sorry, it's a lot of friend-of-a-friend stuff, I'm just now about to talk to the actual guy who wants to buy"
"Babe, I need your advice",ham,"Babe, I need your advice"
"K, wait chikku..il send aftr &lt;#&gt; mins",ham,"K, wait chikku..il send aftr &lt;#&gt; mins"
Ok lor... But buy wat?,ham,Ok lor... But buy wat?
No my mum went 2 dentist.,ham,No my mum went 2 dentist.
Tessy..pls do me a favor. Pls convey my birthday wishes to Nimya..pls dnt forget it. Today is her birthday Shijas,ham,Tessy..pls do me a favor. Pls convey my birthday wishes to Nimya..pls dnt forget it. Today is her birthday Shijas
Understand. his loss is my gain :) so do you work? School?,ham,Understand. his loss is my gain :) so do you work? School?
Hi. Hope you had a good day. Have a better night.,ham,Hi. Hope you had a good day. Have a better night.
What does the dance river do?,ham,What does the dance river do?
Hey. For me there is no leave on friday. Wait i will ask my superior and tell you..,ham,Hey. For me there is no leave on friday. Wait i will ask my superior and tell you..
No screaming means shouting..,ham,No screaming means shouting..
Please leave this topic..sorry for telling that..,ham,Please leave this topic..sorry for telling that..
"Hello, hello, hi lou sorry it took so long 2 reply- I left mobile at friends in Lancaster, just got it bak Neway im sorry I couldnt make ur bday 2 hun!",ham,"Hello, hello, hi lou sorry it took so long 2 reply- I left mobile at friends in Lancaster, just got it bak Neway im sorry I couldnt make ur bday 2 hun!"
Webpage s not available!,ham,Webpage s not available!
Well boy am I glad G wasted all night at applebees for nothing,ham,Well boy am I glad G wasted all night at applebees for nothing
I went to ur hon lab but no one is there.,ham,I went to ur hon lab but no one is there.
You lifted my hopes with the offer of money. I am in need. Especially when the end of the month approaches and it hurts my studying. Anyways have a gr8 weekend,ham,You lifted my hopes with the offer of money. I am in need. Especially when the end of the month approaches and it hurts my studying. Anyways have a gr8 weekend
I dont have any of your file in my bag..i was in work when you called me.i 'll tell you if i find anything in my room.,ham,I dont have any of your file in my bag..i was in work when you called me.i 'll tell you if i find anything in my room.
But am going to college pa. What to do. are else ill come there it self. Pa.,ham,But am going to college pa. What to do. are else ill come there it self. Pa.
Pls send me your address sir.,ham,Pls send me your address sir.
"As usual..iam fine, happy &amp; doing well..:)",ham,"As usual..iam fine, happy &amp; doing well..:)"
If I was I wasn't paying attention,ham,If I was I wasn't paying attention
But I'm on a diet. And I ate 1 too many slices of pizza yesterday. Ugh I'm ALWAYS on a diet.,ham,But I'm on a diet. And I ate 1 too many slices of pizza yesterday. Ugh I'm ALWAYS on a diet.
Pls give her prometazine syrup. 5mls then &lt;#&gt; mins later feed.,ham,Pls give her prometazine syrup. 5mls then &lt;#&gt; mins later feed.
"SMS SERVICES. for your inclusive text credits, pls goto  login= ***** unsubscribe with STOP. no extra charge. help:08700469649. PO BOX420. IP4 5WE",spam,"S M S S E R V I C E S. for y o u r inclusive t e x t c redits, pls goto  login= ***** u n s u b s c r i b e wi th S TOP. no ex tra charge. h e l p:08700469649. PO BOX420. IP4 5WE"
Congrats. That's great. I wanted to tell you not to tell me your score cos it might make me relax. But its motivating me so thanks for sharing,ham,Congrats. That's great. I wanted to tell you not to tell me your score cos it might make me relax. But its motivating me so thanks for sharing
"Damn, poor zac doesn't stand a chance",ham,"Damn, poor zac doesn't stand a chance"
And is there a way you can send shade's stuff to her. And she has been wonderful too.,ham,And is there a way you can send shade's stuff to her. And she has been wonderful too.
"You have come into my life and brought the sun ..Shiny down on me, warming my heart. Putting a constant smile on my face ... Making me feel loved and cared for",ham,"You have come into my life and brought the sun ..Shiny down on me, warming my heart. Putting a constant smile on my face ... Making me feel loved and cared for"
Just nw i came to hme da..,ham,Just nw i came to hme da..
Good sleep is about rhythm. The person has to establish a rhythm that the body will learn and use. If you want to know more :-),ham,Good sleep is about rhythm. The person has to establish a rhythm that the body will learn and use. If you want to know more :-)
Good Morning my Dear Shijutta........... Have a great &amp; successful day.,ham,Good Morning my Dear Shijutta........... Have a great &amp; successful day.
"XXXMobileMovieClub: To use your credit, click the WAP link in the next txt message or click here>>  xxxmobilemovieclub.com?n=QJKGIGHJJGCBL",spam,"XXXMobileMovieClub: To use y o u r c redit, c l i c k the WAP link in the n e x t txt m essage or c l i c k here>>  xxxmobilemovieclub.com?n=QJKGIGHJJGCBL"
"Ok. Not much to do here though. H&M Friday, cant wait. Dunno wot the hell im gonna do for another 3 weeks! Become a slob- oh wait, already done that!",ham,"Ok. Not much to do here though. H&M Friday, cant wait. Dunno wot the hell im gonna do for another 3 weeks! Become a slob- oh wait, already done that!"
Its a great day. Do have yourself a beautiful one.,ham,Its a great day. Do have yourself a beautiful one.
"By march ending, i should be ready. But will call you for sure. The problem is that my capital never complete. How far with you. How's work and the ladies",ham,"By march ending, i should be ready. But will call you for sure. The problem is that my capital never complete. How far with you. How's work and the ladies"
None of that's happening til you get here though,ham,None of that's happening til you get here though
Going to join tomorrow.,ham,Going to join tomorrow.
That day you asked about anand number. Why:-),ham,That day you asked about anand number. Why:-)
Otherwise had part time job na-tuition..,ham,Otherwise had part time job na-tuition..
Ok not a problem will get them a taxi. C ing tomorrow and tuesday. On tuesday think we r all going to the cinema.,ham,Ok not a problem will get them a taxi. C ing tomorrow and tuesday. On tuesday think we r all going to the cinema.
"Yeah sure, give me a couple minutes to track down my wallet",ham,"Yeah sure, give me a couple minutes to track down my wallet"
"Night has ended for another day, morning has come in a special way. May you smile like the sunny rays and leaves your worries at the blue blue bay. Gud mrng",ham,"Night has ended for another day, morning has come in a special way. May you smile like the sunny rays and leaves your worries at the blue blue bay. Gud mrng"
Or _ go buy wif him then i meet _ later can?,ham,Or _ go buy wif him then i meet _ later can?
Just wanted to say holy shit you guys weren't kidding about this bud,ham,Just wanted to say holy shit you guys weren't kidding about this bud
"7 wonders in My WORLD 7th You 6th Ur style 5th Ur smile 4th Ur Personality 3rd Ur Nature 2nd Ur SMS and 1st \Ur Lovely Friendship\""... good morning dear""",ham,"7 wonders in My WORLD 7th You 6th Ur style 5th Ur smile 4th Ur Personality 3rd Ur Nature 2nd Ur SMS and 1st \Ur Lovely Friendship\""... good morning dear"""
"came to look at the flat, seems ok, in his 50s? * Is away alot wiv work. Got woman coming at 6.30 too.",ham,"came to look at the flat, seems ok, in his 50s? * Is away alot wiv work. Got woman coming at 6.30 too."
"Just so that you know,yetunde hasn't sent money yet. I just sent her a text not to bother sending. So its over, you dont have to involve yourself in anything. I shouldn't have imposed anything on you in the first place so for that, i apologise.",ham,"Just so that you know,yetunde hasn't sent money yet. I just sent her a text not to bother sending. So its over, you dont have to involve yourself in anything. I shouldn't have imposed anything on you in the first place so for that, i apologise."
I will spoil you in bed as well :),ham,I will spoil you in bed as well :)
Okey dokey swashbuckling stuff what oh.,ham,Okey dokey swashbuckling stuff what oh.
"Isn't frnd a necesity in life? imagine urself witout a frnd.. hw'd u feel at ur colleg? wat'll u do wth ur cell? wat abt functions? thnk abt events espe'll cared, missed &amp; irritated u? 4wrd it to all those dear-loving frnds wthout whom u cant live.. I jst did it.. Takecare..:) GOODMORNING",ham,"Isn't frnd a necesity in life? imagine urself witout a frnd.. hw'd u feel at ur colleg? wat'll u do wth ur cell? wat abt functions? thnk abt events espe'll cared, missed &amp; irritated u? 4wrd it to all those dear-loving frnds wthout whom u cant live.. I jst did it.. Takecare..:) GOODMORNING"
Did you stitch his trouser,ham,Did you stitch his trouser
Be happy there. I will come after noon,ham,Be happy there. I will come after noon
"Just sent you an email  to an address with incomm in it, is that right?",ham,"Just sent you an email  to an address with incomm in it, is that right?"
Shall call now dear having food,ham,Shall call now dear having food
"Aight, I should be there by 8 at the latest, probably closer to 7. Are jay and tyler down or should we just do two trips?",ham,"Aight, I should be there by 8 at the latest, probably closer to 7. Are jay and tyler down or should we just do two trips?"
Please call our customer service representative on 0800 169 6031 between 10am-9pm as you have WON a guaranteed 1000 cash or 5000 prize!,spam,P l e a s e c a l l o u r cus tomer s e r v i c e r e p r e s e n t a t i v e on 0 800 169 6031 b e t w e e n 1 0 a m-9pm as y o u h ave WON a guarante ed 1 000 c a s h or 5 0 0 0 p r i z e!
"Indians r poor but India is not a poor country. Says one of the swiss bank directors. He says that \ &lt;#&gt; lac crore\"" of Indian money is deposited in swiss banks which can be used for 'taxless' budget for &lt;#&gt; yrs. Can give &lt;#&gt; crore jobs to all Indians. From any village to Delhi 4 lane roads. Forever free power suply to more than &lt;#&gt; social projects. Every citizen can get monthly &lt;#&gt; /- for &lt;#&gt; yrs. No need of World Bank &amp; IMF loan. Think how our money is blocked by rich politicians. We have full rights against corrupt politicians. Itna forward karo ki pura INDIA padhe.g.m.\""""",ham,"Indians r poor but India is not a poor country. Says one of the swiss bank directors. He says that \ &lt;#&gt; lac crore\"" of Indian money is deposited in swiss banks which can be used for 'taxless' budget for &lt;#&gt; yrs. Can give &lt;#&gt; crore jobs to all Indians. From any village to Delhi 4 lane roads. Forever free power suply to more than &lt;#&gt; social projects. Every citizen can get monthly &lt;#&gt; /- for &lt;#&gt; yrs. No need of World Bank &amp; IMF loan. Think how our money is blocked by rich politicians. We have full rights against corrupt politicians. Itna forward karo ki pura INDIA padhe.g.m.\"""""
I'm still looking for a car to buy. And have not gone 4the driving test yet.,ham,I'm still looking for a car to buy. And have not gone 4the driving test yet.
IM FINE BABES AINT BEEN UP 2 MUCH THO! SAW SCARY MOVIE YEST ITS QUITE FUNNY! WANT 2MRW AFTERNOON? AT TOWN OR MALL OR SUMTHIN?xx,ham,IM FINE BABES AINT BEEN UP 2 MUCH THO! SAW SCARY MOVIE YEST ITS QUITE FUNNY! WANT 2MRW AFTERNOON? AT TOWN OR MALL OR SUMTHIN?xx
"pdate_Now - Double mins and 1000 txts on Orange tariffs. Latest Motorola, SonyEricsson & Nokia & Bluetooth FREE! Call MobileUpd8 on 08000839402 or call2optout/!YHL",spam,"pdate_Now - D ouble mi ns and 1 0 0 0 t x t s on Oran ge t a r i f f s. L a t e s t M o t o r o l a, SonyEricsson & N o k i a & Bluetooth F R E E! C a l l M obileUpd8 on 08000 839402 or call2optout/!YHL"
K.k:)advance happy pongal.,ham,K.k:)advance happy pongal.
Wait.i will come out.. &lt;#&gt; min:),ham,Wait.i will come out.. &lt;#&gt; min:)
Someone has contacted our dating service and entered your phone because they fancy you! To find out who it is call from a landline 09111032124 . PoBox12n146tf150p,spam,Some one has contacted o u r dat ing s e r v i c e and ent ered yo ur p h o n e because t hey f a n c y y o u! To fi nd o u t who it is c a l l f rom a l a n d l i n e 09111032124 . PoBox12n146tf150p
"Get 3 Lions England tone, reply lionm 4 mono or lionp 4 poly. 4 more go 2  the original n best. Tones 3GBP network operator rates apply.",spam,"G e t 3 Lions Engl and to ne, r e p l y lionm 4 mono or lionp 4 p o l y. 4 mo re go 2  the original n b e s t. To nes 3GBP n e t w o r k opera tor r a t e s a pply."
Anytime lor...,ham,Anytime lor...
Tell where you reached,ham,Tell where you reached
Yo come over carlos will be here soon,ham,Yo come over carlos will be here soon
"Urgent! Please call 09066612661 from your landline, your complimentary 4* Lux Costa Del Sol holiday or 1000 CASH await collection. ppm 150 SAE T&Cs James 28, EH74RR",spam,"Urg ent! Pl ease ca ll 09066612661 f rom yo ur landli ne, y our com plimentary 4* Lux Cos ta Del Sol h o l i d a y or 1 0 0 0 C A S H a w a i t co llection. ppm 150 SAE T&Cs James 28, EH74RR"
My superior telling that friday is leave for all other department except ours:)so it will be leave for you:)any way call waheed fathima hr and conform it:),ham,My superior telling that friday is leave for all other department except ours:)so it will be leave for you:)any way call waheed fathima hr and conform it:)
How much are we getting?,ham,How much are we getting?
Wat makes some people dearer is not just de happiness dat u feel when u meet them but de pain u feel when u miss dem!!!,ham,Wat makes some people dearer is not just de happiness dat u feel when u meet them but de pain u feel when u miss dem!!!
I'm vivek:)i got call from your number.,ham,I'm vivek:)i got call from your number.
Why she wants to talk to me,ham,Why she wants to talk to me
"House-Maid is the murderer, coz the man was murdered on &lt;#&gt; th January.. As public holiday all govt.instituitions are closed,including post office..",ham,"House-Maid is the murderer, coz the man was murdered on &lt;#&gt; th January.. As public holiday all govt.instituitions are closed,including post office.."
"Total disappointment, when I texted you was the craziest shit got :(",ham,"Total disappointment, when I texted you was the craziest shit got :("
Takin a shower now but yeah I'll leave when I'm done,ham,Takin a shower now but yeah I'll leave when I'm done
"Today's Offer! Claim ur 150 worth of discount vouchers! Text YES to 85023 now! SavaMob, member offers mobile! T Cs 08717898035. 3.00 Sub. 16 . Unsub reply X",spam,"T o d a y's O f f e r! C l a i m ur 150 w o r t h of d i s c o u n t v o u c h e r s! T e x t Y E S to 8 5 0 2 3 n o w! S a v a M o b, m e m b e r o f f ers mo bile! T Cs 08717898035. 3.00 Sub. 16 . U n s u b rep ly X"
"Sorry im getting up now, feel really bad- totally rejected that kinda me thing.",ham,"Sorry im getting up now, feel really bad- totally rejected that kinda me thing."
network operator. The service is free. For T & C's visit 80488.biz,spam,n e t w o r k o p e r a t o r. The servi ce is f ree. For T & C's v i s i t 80488.b i z
Ok...,ham,Ok...
I'm working technical support :)voice process.networking field.,ham,I'm working technical support :)voice process.networking field.
Collect your VALENTINE'S weekend to PARIS inc Flight & Hotel + 200 Prize guaranteed! Text: PARIS to No: 69101. ,spam,Colle ct y o u r VALENTINE'S w e e k end to PARIS i n c Flight & Hotel + 200 Pri ze g u a r a n t e e d! T e x t: PARIS to No: 69101. 
I know you are serving. I mean what are you doing now.,ham,I know you are serving. I mean what are you doing now.
Yup,ham,Yup
Goodnight da thangam I really miss u dear.,ham,Goodnight da thangam I really miss u dear.
"I'm in solihull, | do you want anything?",ham,"I'm in solihull, | do you want anything?"
Die... Now i have e toot fringe again...,ham,Die... Now i have e toot fringe again...
\ER,ham,\ER
Yar i wanted 2 scold u yest but late already... I where got zhong se qing you? If u ask me b4 he ask me then i'll go out w u all lor. N u still can act so real.,ham,Yar i wanted 2 scold u yest but late already... I where got zhong se qing you? If u ask me b4 he ask me then i'll go out w u all lor. N u still can act so real.
Should I have picked up a receipt or something earlier,ham,Should I have picked up a receipt or something earlier
"09066362231 URGENT! Your mobile No 07xxxxxxxxx won a 2,000 bonus caller prize on 02/06/03! this is the 2nd attempt to reach YOU! call 09066362231 ASAP!",spam,"09066362231 U RGENT! Yo ur mob ile No 07xxxxxxxxx won a 2,000 b onus call er p r i z e on 02/06/03! t his is the 2nd a t t e m p t to reach Y O U! c a l l 09066362231 ASAP!"
I will once i get home,ham,I will once i get home
"you are sweet as well, princess. Please tell me your likes and dislikes in bed...",ham,"you are sweet as well, princess. Please tell me your likes and dislikes in bed..."
Jokin only lar... :-) depends on which phone my father can get lor...,ham,Jokin only lar... :-) depends on which phone my father can get lor...
Wewa is 130. Iriver 255. All 128 mb.,ham,Wewa is 130. Iriver 255. All 128 mb.
Only 2% students solved this CAT question in 'xam... 5+3+2= &lt;#&gt; 9+2+4= &lt;#&gt; 8+6+3= &lt;#&gt; then 7+2+5=????? Tell me the answer if u r brilliant...1thing.i got d answr.,ham,Only 2% students solved this CAT question in 'xam... 5+3+2= &lt;#&gt; 9+2+4= &lt;#&gt; 8+6+3= &lt;#&gt; then 7+2+5=????? Tell me the answer if u r brilliant...1thing.i got d answr.
"Hiya, probably coming home * weekend after next",ham,"Hiya, probably coming home * weekend after next"
I am 6 ft. We will be a good combination!,ham,I am 6 ft. We will be a good combination!
And smile for me right now as you go and the world will wonder what you are smiling about and think your crazy and keep away from you ... *grins*,ham,And smile for me right now as you go and the world will wonder what you are smiling about and think your crazy and keep away from you ... *grins*
Kent vale lor...  wait 4 me there ar?,ham,Kent vale lor...  wait 4 me there ar?
Future is not what we planned for tomorrow.....! it is the result of what we do today...! Do the best in present... enjoy the future.,ham,Future is not what we planned for tomorrow.....! it is the result of what we do today...! Do the best in present... enjoy the future.
"Wan2 win a Meet+Greet with Westlife 4 U or a m8? They are currently on what tour? 1)Unbreakable, 2)Untamed, 3)Unkempt. Text 1,2 or 3 to 83049. Cost 50p +std text",spam,"Wan2 w i n a M e e t+Greet wi th Westlife 4 U or a m8? T h e y are cu rrently on w h a t tour? 1)Unbreakable, 2)Untamed, 3)Unkempt. T ext 1,2 or 3 to 83049. C o s t 50p +std t e x t"
Pls confirm the time to collect the cheque.,ham,Pls confirm the time to collect the cheque.
"Well, i'm glad you didn't find it totally disagreeable ... Lol",ham,"Well, i'm glad you didn't find it totally disagreeable ... Lol"
2/2 146tf150p,spam,2/2 146tf150p
Do you think i can move &lt;#&gt; in a week,ham,Do you think i can move &lt;#&gt; in a week
87077: Kick off a new season with 2wks FREE goals & news to ur mobile! Txt ur club name to 87077 eg VILLA to 87077,spam,8 7 0 7 7: Kick o f f a n e w season w i t h 2wks FR EE goals & n e w s to ur mob ile! Txt ur c lub n ame to 8 7 0 7 7 eg VILLA to 8 7 0 7 7
Watching tv lor...,ham,Watching tv lor...
"Goodmorning, today i am late for 1hr.",ham,"Goodmorning, today i am late for 1hr."
Hi msg me:)i'm in office..,ham,Hi msg me:)i'm in office..
Ya just telling abt tht incident..,ham,Ya just telling abt tht incident..
"Actually nvm, got hella cash, we still on for &lt;#&gt; ish?",ham,"Actually nvm, got hella cash, we still on for &lt;#&gt; ish?"
I was about to do it when i texted. I finished a long time ago and showered and er'ything!,ham,I was about to do it when i texted. I finished a long time ago and showered and er'ything!
"1000's flirting NOW! Txt GIRL or BLOKE & ur NAME & AGE, eg GIRL ZOE 18 to 8007 to join and get chatting!",spam,"10 00's flirting N O W! Txt GIRL or BLOKE & ur NA ME & A G E, eg GIRL ZOE 18 to 80 07 to jo in and g e t chatting!"
Then any special there?,ham,Then any special there?
Okie... Thanx...,ham,Okie... Thanx...
"Dear relieved of westonzoyland, all going to plan this end too!",ham,"Dear relieved of westonzoyland, all going to plan this end too!"
Is ur paper in e morn or aft tmr?,ham,Is ur paper in e morn or aft tmr?
U call me alter at 11 ok.,ham,U call me alter at 11 ok.
I think asking for a gym is the excuse for lazy people. I jog.,ham,I think asking for a gym is the excuse for lazy people. I jog.
Well i will watch shrek in 3D!!B),ham,Well i will watch shrek in 3D!!B)
I will treasure every moment we spend together...,ham,I will treasure every moment we spend together...
Hows the champ just leaving glasgow!,ham,Hows the champ just leaving glasgow!
I'm aight. Wat's happening on your side.,ham,I'm aight. Wat's happening on your side.
You have won a Nokia 7250i. This is what you get when you win our FREE auction. To take part send Nokia to 86021 now. HG/Suite342/2Lands Row/W1JHL 16+,spam,Y o u ha ve won a No kia 7250i. Th is is w hat y o u g e t wh en y o u w i n o u r F R E E a u c t i o n. To t a k e p art s e n d N okia to 8 6 0 2 1 n o w. HG/Suit e342/2L ands Row/W1JHL 16+
"Well the general price is &lt;#&gt; /oz, let me know if/when/how much you want",ham,"Well the general price is &lt;#&gt; /oz, let me know if/when/how much you want"
Jos ask if u wana meet up?,ham,Jos ask if u wana meet up?
Or remind me in a few hrs.,ham,Or remind me in a few hrs.
Well. Balls. Time to make calls,ham,Well. Balls. Time to make calls
I don't want you to leave. But i'm barely doing what i can to stay sane. fighting with you constantly isn't helping.,ham,I don't want you to leave. But i'm barely doing what i can to stay sane. fighting with you constantly isn't helping.
Tomarrow final hearing on my laptop case so i cant.,ham,Tomarrow final hearing on my laptop case so i cant.
Are you ok. What happen to behave like this,ham,Are you ok. What happen to behave like this
My sister going to earn more than me da.,ham,My sister going to earn more than me da.
I fetch yun or u fetch?,ham,I fetch yun or u fetch?
"FREE2DAY sexy St George's Day pic of Jordan!Txt PIC to 89080 dont miss out, then every wk a saucy celeb!4 more pics c PocketBabe.co.uk 0870241182716 3/wk",spam,"FREE2DAY s e x y St George's Day pic of Jordan!Txt PIC to 89080 d o n t m i s s o u t, t h e n eve ry wk a saucy celeb!4 mo re p i c s c PocketBabe.co.uk 0870241182716 3/wk"
Hi. I'm sorry i missed your call. Can you pls call back.,ham,Hi. I'm sorry i missed your call. Can you pls call back.
Hey ! Don't forget ... You are MINE ... For ME ... My possession ... MY property ... MMM ... *childish smile* ...,ham,Hey ! Don't forget ... You are MINE ... For ME ... My possession ... MY property ... MMM ... *childish smile* ...
Where r e meeting tmr?,ham,Where r e meeting tmr?
Hey tmr maybe can meet you at yck,ham,Hey tmr maybe can meet you at yck
Alex says he's not ok with you not being ok with it,ham,Alex says he's not ok with you not being ok with it
If india win or level series means this is record:),ham,If india win or level series means this is record:)
Dnt worry...use ice pieces in a cloth pack.also take 2 tablets.,ham,Dnt worry...use ice pieces in a cloth pack.also take 2 tablets.
Ranjith cal drpd Deeraj and deepak 5min hold,ham,Ranjith cal drpd Deeraj and deepak 5min hold
"If i let you do this, i want you in the house by 8am.",ham,"If i let you do this, i want you in the house by 8am."
No da. . Vijay going to talk in jaya tv,ham,No da. . Vijay going to talk in jaya tv
"u r subscribed 2 TEXTCOMP 250 wkly comp. 1st wk?s free question follows, subsequent wks charged@150p/msg.2 unsubscribe txt STOP 2 84128,custcare 08712405020",spam,"u r subscribed 2 TEXTCOMP 250 wk ly co mp. 1st wk?s f r e e q u e s t i o n follows, subsequent wks charg ed@15 0p/msg.2 u n s u b s c r i b e txt S T O P 2 84128,c u s t c a r e 08712405020"
Pls dont restrict her from eating anythin she likes for the next two days.,ham,Pls dont restrict her from eating anythin she likes for the next two days.
"Okies... I'll go yan jiu too... We can skip ard oso, go cine den go mrt one, blah blah blah...",ham,"Okies... I'll go yan jiu too... We can skip ard oso, go cine den go mrt one, blah blah blah..."
"Urgh, coach hot, smells of chip fat! Thanks again, especially for the duvet (not a predictive text word).",ham,"Urgh, coach hot, smells of chip fat! Thanks again, especially for the duvet (not a predictive text word)."
Yun buying... But school got offer 2000 plus only...,ham,Yun buying... But school got offer 2000 plus only...
True dear..i sat to pray evening and felt so.so i sms'd you in some time...,ham,True dear..i sat to pray evening and felt so.so i sms'd you in some time...
Hope ur head doesn't hurt 2 much ! Am ploughing my way through a pile of ironing ! Staying in with a chinky tonight come round if you like.,ham,Hope ur head doesn't hurt 2 much ! Am ploughing my way through a pile of ironing ! Staying in with a chinky tonight come round if you like.
Okie,ham,Okie
"Sorry, I'll call later",ham,"Sorry, I'll call later"
She's fine. Sends her greetings,ham,She's fine. Sends her greetings
"Come to mu, we're sorting out our narcotics situation",ham,"Come to mu, we're sorting out our narcotics situation"
\CHA QUITEAMUZING THATSCOOL BABE,ham,\CHA QUITEAMUZING THATSCOOL BABE
Whatsup there. Dont u want to sleep,ham,Whatsup there. Dont u want to sleep
WHAT TIME U WRKIN?,ham,WHAT TIME U WRKIN?
"We are at grandmas. Oh dear, u still ill? I felt Shit this morning but i think i am just hungover! Another night then. We leave on sat.",ham,"We are at grandmas. Oh dear, u still ill? I felt Shit this morning but i think i am just hungover! Another night then. We leave on sat."
Reply to win 100 weekly! Where will the 2006 FIFA World Cup be held? Send STOP to 87239 to end service,spam,R e p l y to w i n 100 wee kly! Where w i l l the 2006 FIFA World Cup be held? S e n d ST OP to 87239 to end s e r v i c e
We tried to call you re your reply to our sms for a video mobile 750 mins UNLIMITED TEXT free camcorder Reply or call now 08000930705 Del Thurs,spam,We tri ed to c a l l y o u re yo ur r e p l y to o u r s m s for a vid eo m o b i l e 750 m i n s U N L I M I T E D T EXT f r e e camco rder R e p l y or c a l l n o w 0 8 0 0 0 9 3 0 7 0 5 Del Thurs
"Go until jurong point, crazy.. Available only in bugis n great world la e buffet... Cine there got amore wat...",ham,"Go until jurong point, crazy.. Available only in bugis n great world la e buffet... Cine there got amore wat..."
Howz pain?hope u r fine..,ham,Howz pain?hope u r fine..
Aiyah e rain like quite big leh. If drizzling i can at least run home.,ham,Aiyah e rain like quite big leh. If drizzling i can at least run home.
No..jst change tat only..,ham,No..jst change tat only..
\SHIT BABE.. THASA BIT MESSED UP.YEH,ham,\SHIT BABE.. THASA BIT MESSED UP.YEH
Then cant get da laptop? My matric card wif _ lei...,ham,Then cant get da laptop? My matric card wif _ lei...
Good Morning my Dear........... Have a great &amp; successful day.,ham,Good Morning my Dear........... Have a great &amp; successful day.
"Single line with a big meaning::::: \Miss anything 4 ur \""Best Life\"" but",ham,"Single line with a big meaning::::: \Miss anything 4 ur \""Best Life\"" but"
"wiskey Brandy Rum Gin Beer Vodka Scotch Shampain Wine \KUDI\""yarasu dhina vaazhthukkal. ..""",ham,"wiskey Brandy Rum Gin Beer Vodka Scotch Shampain Wine \KUDI\""yarasu dhina vaazhthukkal. .."""
HI BABE IM AT HOME NOW WANNA DO SOMETHING? XX,ham,HI BABE IM AT HOME NOW WANNA DO SOMETHING? XX
A link to your picture has been sent. You can also use ,spam,A link to y our picture has b een s e n t. Y o u can also use 
From tomorrow onwards eve 6 to 3 work.,ham,From tomorrow onwards eve 6 to 3 work.
"And stop wondering \wow is she ever going to stop tm'ing me ?!\"" because I will tm you whenever I want because you are MINE ... *laughs*""",ham,"And stop wondering \wow is she ever going to stop tm'ing me ?!\"" because I will tm you whenever I want because you are MINE ... *laughs*"""
I'm home...,ham,I'm home...
Macha dont feel upset.i can assume your mindset.believe me one evening with me and i have some wonderful plans for both of us.LET LIFE BEGIN AGAIN.call me anytime,ham,Macha dont feel upset.i can assume your mindset.believe me one evening with me and i have some wonderful plans for both of us.LET LIFE BEGIN AGAIN.call me anytime
True lov n care wil nevr go unrecognized. though somone often makes mistakes when valuing it. but they will definitly undrstnd once when they start missing it.,ham,True lov n care wil nevr go unrecognized. though somone often makes mistakes when valuing it. but they will definitly undrstnd once when they start missing it.
I wont get concentration dear you know you are my mind and everything :-),ham,I wont get concentration dear you know you are my mind and everything :-)
Can not use foreign stamps in this country. Good lecture .,ham,Can not use foreign stamps in this country. Good lecture .
Oh k k:)but he is not a big hitter.anyway good,ham,Oh k k:)but he is not a big hitter.anyway good
He like not v shock leh. Cos telling shuhui is like telling leona also. Like dat almost all know liao. He got ask me abt ur reaction lor.,ham,He like not v shock leh. Cos telling shuhui is like telling leona also. Like dat almost all know liao. He got ask me abt ur reaction lor.
Hahaha..use your brain dear,ham,Hahaha..use your brain dear
Its sarcasm.. .nt scarcasim,ham,Its sarcasm.. .nt scarcasim
K..give back my thanks.,ham,K..give back my thanks.
"Jus chillaxin, what up",ham,"Jus chillaxin, what up"
Can you please send me my aunty's number,ham,Can you please send me my aunty's number
It took Mr owl 3 licks,ham,It took Mr owl 3 licks
Sunshine Quiz Wkly Q! Win a top Sony DVD player if u know which country Liverpool played in mid week? Txt ansr to 82277. 1.50 SP:Tyrone,spam,S u n s h i n e Q u i z Wk ly Q! W i n a t o p S o n y DVD pla yer if u k n o w wh ich country Liverpool played in mid w eek? Txt ansr to 8 2 2 7 7. 1.50 SP:Tyrone
I wnt to buy a BMW car urgently..its vry urgent.but hv a shortage of &lt;#&gt; Lacs.there is no source to arng dis amt. &lt;#&gt; lacs..thats my prob,ham,I wnt to buy a BMW car urgently..its vry urgent.but hv a shortage of &lt;#&gt; Lacs.there is no source to arng dis amt. &lt;#&gt; lacs..thats my prob
R _ comin back for dinner?,ham,R _ comin back for dinner?
What * u wearing?,ham,What * u wearing?
Guess what! Somebody you know secretly fancies you! Wanna find out who it is? Give us a call on 09065394973 from Landline DATEBox1282EssexCM61XN 150p/min 18,spam,Guess w hat! Somebody y o u k n o w secretly fancies y o u! Wanna fi nd o u t who it is? G ive us a c a l l on 09065394973 f r o m L a n d l i n e DATEBox1282EssexCM61XN 1 5 0 p/min 18
"Waqt se pehle or naseeb se zyada kisi ko kuch nahi milta,Zindgi wo nahi he jo hum sochte hai Zindgi wo hai jo ham jeetey hai..........",ham,"Waqt se pehle or naseeb se zyada kisi ko kuch nahi milta,Zindgi wo nahi he jo hum sochte hai Zindgi wo hai jo ham jeetey hai.........."
"It's not that you make me cry. It's just that when all our stuff happens on top of everything else, it pushes me over the edge. You don't underdtand how often i cry over my sorry, sorry life.",ham,"It's not that you make me cry. It's just that when all our stuff happens on top of everything else, it pushes me over the edge. You don't underdtand how often i cry over my sorry, sorry life."
As if i wasn't having enough trouble sleeping.,ham,As if i wasn't having enough trouble sleeping.
UR awarded a City Break and could WIN a 200 Summer Shopping spree every WK. Txt STORE to 88039.SkilGme.TsCs087147403231Winawk!Age16+1.50perWKsub,spam,UR awa rded a City Break and could W I N a 200 Summer Shopping spree eve ry WK. Txt STORE to 88039.SkilGme.TsCs087147403231Winawk!Age16+1.50perWKsub
Play w computer? Aiyah i tok 2 u lor?,ham,Play w computer? Aiyah i tok 2 u lor?
Shall I bring us a bottle of wine to keep us amused? Only joking! Ill bring one anyway,ham,Shall I bring us a bottle of wine to keep us amused? Only joking! Ill bring one anyway
Ok i am on the way to railway,ham,Ok i am on the way to railway
"Babe, have you got enough money to pick up bread and milk ? And I'll give you it back when you get home ?",ham,"Babe, have you got enough money to pick up bread and milk ? And I'll give you it back when you get home ?"
Ok... Take ur time n enjoy ur dinner...,ham,Ok... Take ur time n enjoy ur dinner...
"I want to show you the world, princess :) how about europe?",ham,"I want to show you the world, princess :) how about europe?"
"I know you are thinkin malaria. But relax, children cant handle malaria. She would have been worse and its gastroenteritis. If she takes enough to replace her loss her temp will reduce. And if you give her malaria meds now she will just vomit. Its a self limiting illness she has which means in a few days it will completely stop",ham,"I know you are thinkin malaria. But relax, children cant handle malaria. She would have been worse and its gastroenteritis. If she takes enough to replace her loss her temp will reduce. And if you give her malaria meds now she will just vomit. Its a self limiting illness she has which means in a few days it will completely stop"
"When people see my msgs, They think Iam addicted to msging... They are wrong, Bcoz They don\'t know that Iam addicted to my sweet Friends..!! BSLVYL",ham,"When people see my msgs, They think Iam addicted to msging... They are wrong, Bcoz They don\'t know that Iam addicted to my sweet Friends..!! BSLVYL"
"URGENT! Last weekend's draw shows that you have won 1000 cash or a Spanish holiday! CALL NOW 09050000332 to claim. T&C: RSTM, SW7 3SS. 150ppm",spam,"U R G E N T! L a s t weeke nd's dr aw s hows t h a t y o u h a v e won 1 000 ca sh or a Spanish h o l i d a y! C A L L N O W 09050000332 to cl a i m. T&C: RSTM, SW7 3SS. 1 50ppm"
Ard 515 like dat. Y?,ham,Ard 515 like dat. Y?
Oh god..taken the teeth?is it paining,ham,Oh god..taken the teeth?is it paining
This message is brought to you by GMW Ltd. and is not connected to the,spam,T his mes sage is brought to y o u by GMW Ltd. and is not connected to the
Hmm...my uncle just informed me that he's paying the school directly. So pls buy food.,ham,Hmm...my uncle just informed me that he's paying the school directly. So pls buy food.
Today i'm not workin but not free oso... Gee... Thgt u workin at ur fren's shop ?,ham,Today i'm not workin but not free oso... Gee... Thgt u workin at ur fren's shop ?
Dude im no longer a pisces. Im an aquarius now.,ham,Dude im no longer a pisces. Im an aquarius now.
What's nannys address?,ham,What's nannys address?
"Love isn't a decision, it's a feeling. If we could decide who to love, then, life would be much simpler, but then less magical",ham,"Love isn't a decision, it's a feeling. If we could decide who to love, then, life would be much simpler, but then less magical"
Raviyog Peripherals bhayandar east,ham,Raviyog Peripherals bhayandar east
Your brother is a genius,ham,Your brother is a genius
"Mah b, I'll pick it up tomorrow",ham,"Mah b, I'll pick it up tomorrow"
Yup i'm still having coffee wif my frens... My fren drove she'll give me a lift...,ham,Yup i'm still having coffee wif my frens... My fren drove she'll give me a lift...
&lt;#&gt; ISH MINUTES WAS 5 MINUTES AGO. WTF.,ham,&lt;#&gt; ISH MINUTES WAS 5 MINUTES AGO. WTF.
"Hello baby, did you get back to your mom's ? Are you setting up the computer now ? Filling your belly ? How goes it loverboy ? I miss you already ... *sighs*",ham,"Hello baby, did you get back to your mom's ? Are you setting up the computer now ? Filling your belly ? How goes it loverboy ? I miss you already ... *sighs*"
"Dear Hero,i am leaving to qatar tonite for an apt opportunity.pls do keep in touch at &lt;EMAIL&gt; ,kerala",ham,"Dear Hero,i am leaving to qatar tonite for an apt opportunity.pls do keep in touch at &lt;EMAIL&gt; ,kerala"
yay! finally lol. i missed our cinema trip last week :-(,ham,yay! finally lol. i missed our cinema trip last week :-(
"No idea, I guess we'll work that out an hour after we're supposed to leave since as usual nobody has any interest in figuring shit out before the last second",ham,"No idea, I guess we'll work that out an hour after we're supposed to leave since as usual nobody has any interest in figuring shit out before the last second"
Finished class where are you.,ham,Finished class where are you.
"That way transport is less problematic than on sat night. By the way, if u want to ask n to join my bday, feel free. But need to know definite nos as booking on fri.",ham,"That way transport is less problematic than on sat night. By the way, if u want to ask n to join my bday, feel free. But need to know definite nos as booking on fri."
"YOUR CHANCE TO BE ON A REALITY FANTASY SHOW call now = 08707509020 Just 20p per min NTT Ltd, PO Box 1327 Croydon CR9 5WB 0870 is a national = rate call",spam,"Y O U R CH ANCE TO BE ON A REALITY FANTASY SHOW c a l l n o w = 08707509020 Ju st 20p p e r min NTT Ltd, PO Box 1 327 C r o y d o n CR9 5WB 0 870 is a n a t i o n a l = ra te ca ll"
"Oh! Shit, I thought that was your trip! Loooooool ... That just makes SO much more sense now ... *grins* and the sofa reference was ... The \sleep on a couch\"" link you sent me ... Wasn't that how you went on your trip ? Oh ... And didn't your babe go with you for that celebration with your rents?""",ham,"Oh! Shit, I thought that was your trip! Loooooool ... That just makes SO much more sense now ... *grins* and the sofa reference was ... The \sleep on a couch\"" link you sent me ... Wasn't that how you went on your trip ? Oh ... And didn't your babe go with you for that celebration with your rents?"""
"Honeybee Said: *I'm d Sweetest in d World* God Laughed &amp; Said: *Wait,U Havnt Met d Person Reading This Msg* MORAL: Even GOD Can Crack Jokes! GM+GN+GE+GN:)",ham,"Honeybee Said: *I'm d Sweetest in d World* God Laughed &amp; Said: *Wait,U Havnt Met d Person Reading This Msg* MORAL: Even GOD Can Crack Jokes! GM+GN+GE+GN:)"
Free video camera phones with Half Price line rental for 12 mths and 500 cross ntwk mins 100 txts. Call MobileUpd8 08001950382 or Call2OptOut/674,spam,F ree v i d e o c amera p h o n e s w ith H a l f Pr ice l i n e rent al for 12 mths and 500 cross ntwk m ins 100 t x t s. C a l l M o b i l e U p d 8 08001950382 or Call2OptOut/674
Still i have not checked it da. . .,ham,Still i have not checked it da. . .
I probably won't eat at all today. I think I'm gonna pop. How was your weekend? Did u miss me?,ham,I probably won't eat at all today. I think I'm gonna pop. How was your weekend? Did u miss me?
"Hey , is * rite u put 10 evey mnth is that all?",ham,"Hey , is * rite u put 10 evey mnth is that all?"
K go and sleep well. Take rest:-).,ham,K go and sleep well. Take rest:-).
"Sorry, I'll call later",ham,"Sorry, I'll call later"
Let's pool our money together and buy a bunch of lotto tickets. If we win I get &lt;#&gt; % u get &lt;#&gt; %. Deal?,ham,Let's pool our money together and buy a bunch of lotto tickets. If we win I get &lt;#&gt; % u get &lt;#&gt; %. Deal?
"If we hit it off, you can move in with me :)",ham,"If we hit it off, you can move in with me :)"
"You aren't coming home between class, right? I need to work out and shower!",ham,"You aren't coming home between class, right? I need to work out and shower!"
Still chance there. If you search hard you will get it..let have a try :),ham,Still chance there. If you search hard you will get it..let have a try :)
Sorry da..today i wont come to play..i have driving clas..,ham,Sorry da..today i wont come to play..i have driving clas..
IMPORTANT MESSAGE. This is a final contact attempt. You have important messages waiting out our customer claims dept. Expires 13/4/04. Call 08717507382 NOW!,spam,IMPOR TANT M E S S A G E. T his is a f inal con tact atte mpt. Y o u h a v e imp ortant m e s s a g e s wait ing o u t o u r cu stomer claims dept. E x p i r e s 13/4/04. Ca ll 08717507382 N O W!
"Ill call u 2mrw at ninish, with my address that icky American freek wont stop callin me 2 bad Jen k eh?",ham,"Ill call u 2mrw at ninish, with my address that icky American freek wont stop callin me 2 bad Jen k eh?"
We're on the opposite side from where we dropped you off,ham,We're on the opposite side from where we dropped you off
At 4. Let's go to bill millers,ham,At 4. Let's go to bill millers
Get ready for &lt;#&gt; inches of pleasure...,ham,Get ready for &lt;#&gt; inches of pleasure...
Today am going to college so am not able to atten the class.,ham,Today am going to college so am not able to atten the class.
Hiya do u like the hlday pics looked horrible in them so took mo out! Hows the camp Amrca thing? Speak soon Serena:),ham,Hiya do u like the hlday pics looked horrible in them so took mo out! Hows the camp Amrca thing? Speak soon Serena:)
Oh ok no prob..,ham,Oh ok no prob..
Okie,ham,Okie
No plans yet. What are you doing ?,ham,No plans yet. What are you doing ?
"I know dat feelin had it with Pete! Wuld get with em , nuther place nuther time mayb?",ham,"I know dat feelin had it with Pete! Wuld get with em , nuther place nuther time mayb?"
Yes I started to send requests to make it but pain came back so I'm back in bed. Double coins at the factory too. I gotta cash in all my nitros.,ham,Yes I started to send requests to make it but pain came back so I'm back in bed. Double coins at the factory too. I gotta cash in all my nitros.
Check with nuerologist.,ham,Check with nuerologist.
When u wana see it then,ham,When u wana see it then
"Free Msg: get Gnarls Barkleys \Crazy\"" ringtone TOTALLY FREE just reply GO to this message right now!""",spam,"F ree Msg: g e t Gnarls Barkleys \Crazy\"" r ingtone TOTALLY F R E E j u s t rep ly GO to t his m e s s a g e right n o w!"""
Not heard from U4 a while. Call 4 rude chat private line 01223585334 to cum. Wan 2C pics of me gettin shagged then text PIX to 8552. 2End send STOP 8552 SAM xxx,spam,Not heard fr om U4 a while. Ca ll 4 rude c h a t pr ivate l i n e 01223585334 to cum. Wan 2C p ics of me gettin shagged t hen te xt PIX to 8552. 2End se nd S TOP 8552 SAM xxx
SMS. ac sun0819 posts HELLO:\You seem cool,spam,S M S. ac sun0819 posts HELLO:\Y o u seem cool
Cos i was out shopping wif darren jus now n i called him 2 ask wat present he wan lor. Then he started guessing who i was wif n he finally guessed darren lor.,ham,Cos i was out shopping wif darren jus now n i called him 2 ask wat present he wan lor. Then he started guessing who i was wif n he finally guessed darren lor.
In sch but neva mind u eat 1st lor..,ham,In sch but neva mind u eat 1st lor..
Can you open the door?,ham,Can you open the door?
"(No promises on when though, haven't even gotten dinner yet)",ham,"(No promises on when though, haven't even gotten dinner yet)"
Ya very nice. . .be ready on thursday,ham,Ya very nice. . .be ready on thursday
happened here while you were adventuring,ham,happened here while you were adventuring
U 447801259231 have a secret admirer who is looking 2 make contact with U-find out who they R*reveal who thinks UR so special-call on 09058094597,spam,U 447801259231 ha ve a s e c r e t admi rer who is loo king 2 ma ke con tact w i t h U-fi nd o u t who t hey R*r e v e a l who t h i n k s UR so s p e c i a l-c a l l on 09058094597
Can _ all decide faster cos my sis going home liao..,ham,Can _ all decide faster cos my sis going home liao..
They have a thread on the wishlist section of the forums where ppl post nitro requests. Start from the last page and collect from the bottom up.,ham,They have a thread on the wishlist section of the forums where ppl post nitro requests. Start from the last page and collect from the bottom up.
R we going with the &lt;#&gt; bus?,ham,R we going with the &lt;#&gt; bus?
"Hello, yeah i've just got out of the bath and need to do my hair so i'll come up when i'm done, yeah?",ham,"Hello, yeah i've just got out of the bath and need to do my hair so i'll come up when i'm done, yeah?"
"LOL .. *grins* .. I'm not babe, but thanks for thinking of me!",ham,"LOL .. *grins* .. I'm not babe, but thanks for thinking of me!"
You still coming tonight?,ham,You still coming tonight?
"Hey. What happened? U switch off ur cell d whole day. This isnt good. Now if u do care, give me a call tomorrow.",ham,"Hey. What happened? U switch off ur cell d whole day. This isnt good. Now if u do care, give me a call tomorrow."
The Xmas story is peace.. The Xmas msg is love.. The Xmas miracle is jesus.. Hav a blessed month ahead &amp; wish U Merry Xmas...,ham,The Xmas story is peace.. The Xmas msg is love.. The Xmas miracle is jesus.. Hav a blessed month ahead &amp; wish U Merry Xmas...
"Hmph. Go head, big baller.",ham,"Hmph. Go head, big baller."
Huh means computational science... Y they like dat one push here n there...,ham,Huh means computational science... Y they like dat one push here n there...
Did you show him and wot did he say or could u not c him 4 dust?,ham,Did you show him and wot did he say or could u not c him 4 dust?
U free on sat rite? U wan 2 watch infernal affairs wif me n darren n mayb xy?,ham,U free on sat rite? U wan 2 watch infernal affairs wif me n darren n mayb xy?
Yar lor... How u noe? U used dat route too?,ham,Yar lor... How u noe? U used dat route too?
"Ya ok, vikky vl c witin &lt;#&gt; mins and il reply u..",ham,"Ya ok, vikky vl c witin &lt;#&gt; mins and il reply u.."
Yes... I trust u to buy new stuff ASAP so I can try it out,ham,Yes... I trust u to buy new stuff ASAP so I can try it out
I want to go to perumbavoor,ham,I want to go to perumbavoor
I dunno until when... Lets go learn pilates...,ham,I dunno until when... Lets go learn pilates...
"Sorry, I'll call later",ham,"Sorry, I'll call later"
And you! Will expect you whenever you text! Hope all goes well tomo,ham,And you! Will expect you whenever you text! Hope all goes well tomo
India have to take lead:),ham,India have to take lead:)
I cant pick the phone right now. Pls send a message,ham,I cant pick the phone right now. Pls send a message
Its too late:)but its k.wish you the same.,ham,Its too late:)but its k.wish you the same.
"accordingly. I repeat, just text the word ok on your mobile phone and send",spam,"accordingly. I repeat, j u s t t e x t the w o r d ok on y o u r m o b i l e p h o n e and s e n d"
Yeah confirmed for you staying at that weekend,ham,Yeah confirmed for you staying at that weekend
"Had your contract mobile 11 Mnths? Latest Motorola, Nokia etc. all FREE! Double Mins & Text on Orange tariffs. TEXT YES for callback, no to remove from records",spam,"Had y o u r contract mobi le 11 Mnths? L a t e s t M o t o r o l a, N o k i a etc. a l l F REE! D o u b l e M i n s & T e x t on O r a n g e ta riffs. T E X T Y E S for callback, no to remove f r o m records"
"sry can't talk on phone, with parents",ham,"sry can't talk on phone, with parents"
"Cool, text me when you head out",ham,"Cool, text me when you head out"
"\Speak only when you feel your words are better than the silence...\"" Gud mrng:-)""",ham,"\Speak only when you feel your words are better than the silence...\"" Gud mrng:-)"""
"Good good, billy mates all gone. Just been jogging, again! Did enjoy concert?",ham,"Good good, billy mates all gone. Just been jogging, again! Did enjoy concert?"
Doing project w frens lor.,ham,Doing project w frens lor.
CALL 09090900040 & LISTEN TO EXTREME DIRTY LIVE CHAT GOING ON IN THE OFFICE RIGHT NOW TOTAL PRIVACY NO ONE KNOWS YOUR [sic] LISTENING 60P MIN 24/7MP 0870753331018+,spam,C A L L 09090900040 & LISTEN TO EXTREME DIRTY LI VE C H A T GOING ON IN THE OFFICE RIGHT N O W TOTAL PRIVACY NO ONE KNOWS Y OUR [sic] LISTENING 60P MIN 24/7MP 0870753331018+
What's up. Do you want me to come online?,ham,What's up. Do you want me to come online?
"'Wnevr i wana fal in luv vth my books, My bed fals in luv vth me..!'' . Yen madodu, nav pretsorginta, nammanna pretsovru important alwa....!!:) Gud eveB-).",ham,"'Wnevr i wana fal in luv vth my books, My bed fals in luv vth me..!'' . Yen madodu, nav pretsorginta, nammanna pretsovru important alwa....!!:) Gud eveB-)."
Thats cool. I want to please you...,ham,Thats cool. I want to please you...
I take it the post has come then! You must have 1000s of texts now! Happy reading. My one from wiv hello caroline at the end is my favourite. Bless him,ham,I take it the post has come then! You must have 1000s of texts now! Happy reading. My one from wiv hello caroline at the end is my favourite. Bless him
Finally the match heading towards draw as your prediction.,ham,Finally the match heading towards draw as your prediction.
I don't run away frm u... I walk slowly &amp; it kills me that u don't care enough to stop me...,ham,I don't run away frm u... I walk slowly &amp; it kills me that u don't care enough to stop me...
Love you aathi..love u lot..,ham,Love you aathi..love u lot..
I'm always on yahoo messenger now. Just send the message to me and i.ll get it you may have to send it in the mobile mode sha but i.ll get it. And will reply.,ham,I'm always on yahoo messenger now. Just send the message to me and i.ll get it you may have to send it in the mobile mode sha but i.ll get it. And will reply.
"You are being contacted by our dating service by someone you know! To find out who it is, call from a land line 09050000878. PoBox45W2TG150P",spam,"Y o u are being contacted by o u r da ting s e r v i c e by s o m e o n e y o u k n o w! To f i n d o u t who it is, ca ll f r o m a l a n d l i n e 09050000878. PoBox45W2TG150P"
You made my day. Do have a great day too.,ham,You made my day. Do have a great day too.
"Hey sexy buns ! Have I told you ? I adore you, loverboy. I hope you remember to thank your sister in law for those meatballs *grins* ... i love you, babe",ham,"Hey sexy buns ! Have I told you ? I adore you, loverboy. I hope you remember to thank your sister in law for those meatballs *grins* ... i love you, babe"
And now electricity just went out fml.,ham,And now electricity just went out fml.
Great! How is the office today?,ham,Great! How is the office today?
o turns out i had stereo love on mi phone under the unknown album.,ham,o turns out i had stereo love on mi phone under the unknown album.
"Oh, my love, it's soooo good to hear from you. Omg I missed you so much today. I'm sorry your having problems with the provider but thank you for tming me",ham,"Oh, my love, it's soooo good to hear from you. Omg I missed you so much today. I'm sorry your having problems with the provider but thank you for tming me"
For real when u getting on yo? I only need 2 more tickets and one more jacket and I'm done. I already used all my multis.,ham,For real when u getting on yo? I only need 2 more tickets and one more jacket and I'm done. I already used all my multis.
"Especially since i talk about boston all up in my personal statement, lol! I woulda changed that if i had realized it said nyc! It says boston now.",ham,"Especially since i talk about boston all up in my personal statement, lol! I woulda changed that if i had realized it said nyc! It says boston now."
"Night has ended for another day, morning has come in a special way. May you smile like the sunny rays and leaves your worries at the blue blue bay. Gud mrng",ham,"Night has ended for another day, morning has come in a special way. May you smile like the sunny rays and leaves your worries at the blue blue bay. Gud mrng"
Its hard to believe things like this. All can say lie but think twice before saying anything to me.,ham,Its hard to believe things like this. All can say lie but think twice before saying anything to me.
Hi there. We have now moved in2 our pub . Would be great 2 c u if u cud come up.,ham,Hi there. We have now moved in2 our pub . Would be great 2 c u if u cud come up.
Already am squatting is the new way of walking,ham,Already am squatting is the new way of walking
Desires- u going to doctor 4 liver. And get a bit stylish. Get ur hair managed. Thats it.,ham,Desires- u going to doctor 4 liver. And get a bit stylish. Get ur hair managed. Thats it.
Prabha..i'm soryda..realy..frm heart i'm sory,ham,Prabha..i'm soryda..realy..frm heart i'm sory
Hi 07734396839 IBH Customer Loyalty Offer: The NEW NOKIA6600 Mobile from ONLY 10 at TXTAUCTION!Txt word:START to No:81151 & get Yours Now!4T&,spam,Hi 07734396839 IBH Custo mer Loyalty O f f e r: The N E W NOKIA6600 Mob ile f rom O NLY 10 at TXTAUCTION!Txt wo rd:START to No:81151 & g e t You rs N o w!4T&
 got wat to buy tell us then _ no need to come in again.,ham, got wat to buy tell us then _ no need to come in again.
I will reach ur home in &lt;#&gt; minutes,ham,I will reach ur home in &lt;#&gt; minutes
LOL ... Have you made plans for new years?,ham,LOL ... Have you made plans for new years?
Guess he wants alone time. We could just show up and watch when they do..,ham,Guess he wants alone time. We could just show up and watch when they do..
 still got lessons?  in sch?,ham, still got lessons?  in sch?
Then she dun believe wat?,ham,Then she dun believe wat?
Miserable. They don't tell u that the side effects of birth control are massive gut wrenching cramps for the first 2 months. I didn't sleep at all last night.,ham,Miserable. They don't tell u that the side effects of birth control are massive gut wrenching cramps for the first 2 months. I didn't sleep at all last night.
Did you get any gift? This year i didnt get anything. So bad,ham,Did you get any gift? This year i didnt get anything. So bad
No:-)i got rumour that you going to buy apartment in chennai:-),ham,No:-)i got rumour that you going to buy apartment in chennai:-)
"Sorry, I'll call later",ham,"Sorry, I'll call later"
Well keep in mind I've only got enough gas for one more round trip barring a sudden influx of cash,ham,Well keep in mind I've only got enough gas for one more round trip barring a sudden influx of cash
I dunno they close oredi not...  v ma fan...,ham,I dunno they close oredi not...  v ma fan...
Please CALL 08712404000 immediately as there is an urgent message waiting for you.,spam,Ple ase C A L L 08712404000 immediately as t h e r e is an u rgent m e s s a g e waiti ng for y o u.
Hi juan. Im coming home on fri hey. Of course i expect a welcome party and lots of presents. Ill phone u when i get back. Loads of love nicky x x x x x x x x x,ham,Hi juan. Im coming home on fri hey. Of course i expect a welcome party and lots of presents. Ill phone u when i get back. Loads of love nicky x x x x x x x x x
I am waiting for your call sir.,ham,I am waiting for your call sir.
"Thank you so much. When we skyped wit kz and sura, we didnt get the pleasure of your company. Hope you are good. We've given you ultimatum oh! We are countin down to aburo. Enjoy! This is the message i sent days ago",ham,"Thank you so much. When we skyped wit kz and sura, we didnt get the pleasure of your company. Hope you are good. We've given you ultimatum oh! We are countin down to aburo. Enjoy! This is the message i sent days ago"
Pandy joined 4w technologies today.he got job..,ham,Pandy joined 4w technologies today.he got job..
"Hi babe its Chloe, how r u? I was smashed on saturday night, it was great! How was your weekend? U been missing me? SP visionsms.com Text stop to stop 150p/text",spam,"Hi babe i t s Chloe, how r u? I was smashed on saturd ay nig ht, it was g r e a t! How was y our weeke nd? U b e e n missing me? SP visionsms.com T ext s t o p to st op 1 5 0 p/te xt"
Were gonna go get some tacos,ham,Were gonna go get some tacos
I realise you are a busy guy and i'm trying not to be a bother. I have to get some exams outta the way and then try the cars. Do have a gr8 day,ham,I realise you are a busy guy and i'm trying not to be a bother. I have to get some exams outta the way and then try the cars. Do have a gr8 day
"It's fine, imma get a drink or somethin. Want me to come find you?",ham,"It's fine, imma get a drink or somethin. Want me to come find you?"
Its going good...no problem..but still need little experience to understand american customer voice...,ham,Its going good...no problem..but still need little experience to understand american customer voice...
TaKe CaRE n gET WeLL sOOn,ham,TaKe CaRE n gET WeLL sOOn
Sorry completely forgot * will pop em round this week if your still here?,ham,Sorry completely forgot * will pop em round this week if your still here?
Your right! I'll make the appointment right now.,ham,Your right! I'll make the appointment right now.
What's ur pin?,ham,What's ur pin?
No 1 POLYPHONIC tone 4 ur mob every week! Just txt PT2 to 87575. 1st Tone FREE ! so get txtin now and tell ur friends. 150p/tone. 16 reply HL 4info,spam,No 1 POLYPHONIC t o n e 4 ur mob ev ery we ek! Ju st txt PT2 to 87575. 1st T o n e F R E E ! so g e t txtin n o w and t ell ur friends. 1 5 0 p/t o n e. 16 r eply HL 4info
"My life Means a lot to me, Not because I love my life, But because I love the people in my life, The world calls them friends, I call them my World:-).. Ge:-)..",ham,"My life Means a lot to me, Not because I love my life, But because I love the people in my life, The world calls them friends, I call them my World:-).. Ge:-).."
The 2 oz guy is being kinda flaky but one friend is interested in picking up $ &lt;#&gt; worth tonight if possible,ham,The 2 oz guy is being kinda flaky but one friend is interested in picking up $ &lt;#&gt; worth tonight if possible
ALRITE SAM ITS NIC JUST CHECKIN THAT THIS IS UR NUMBER-SO IS IT?T.B*,ham,ALRITE SAM ITS NIC JUST CHECKIN THAT THIS IS UR NUMBER-SO IS IT?T.B*
"Since when, which side, any fever, any vomitin.",ham,"Since when, which side, any fever, any vomitin."
"Hi, Mobile no. &lt;#&gt; has added you in their contact list on  It s a great place to send free sms to people For more visit fullonsms.com",ham,"Hi, Mobile no. &lt;#&gt; has added you in their contact list on  It s a great place to send free sms to people For more visit fullonsms.com"
Dont you have message offer,ham,Dont you have message offer
Ya very nice. . .be ready on thursday,ham,Ya very nice. . .be ready on thursday
Thanks a lot for your wishes on my birthday. Thanks you for making my birthday truly memorable.,ham,Thanks a lot for your wishes on my birthday. Thanks you for making my birthday truly memorable.
I was just callin to say hi. Take care bruv!,ham,I was just callin to say hi. Take care bruv!
How? Izzit still raining?,ham,How? Izzit still raining?
"Sorry, I'll call later",ham,"Sorry, I'll call later"
"Japanese Proverb: If one Can do it, U too Can do it, If none Can do it,U must do it Indian version: If one Can do it, LET HIM DO it.. If none Can do it,LEAVE it!! And finally Kerala version: If one can do it, Stop him doing it.. If none can do it, Make a strike against it ...",ham,"Japanese Proverb: If one Can do it, U too Can do it, If none Can do it,U must do it Indian version: If one Can do it, LET HIM DO it.. If none Can do it,LEAVE it!! And finally Kerala version: If one can do it, Stop him doing it.. If none can do it, Make a strike against it ..."
No but the bluray player can,ham,No but the bluray player can
Hey i will be late ah... Meet you at 945+,ham,Hey i will be late ah... Meet you at 945+
Well I might not come then...,ham,Well I might not come then...
So how are you really. What are you up to. How's the masters. And so on.,ham,So how are you really. What are you up to. How's the masters. And so on.
I'll text you when I drop x off,ham,I'll text you when I drop x off
"Sorry, I'll call later in meeting",ham,"Sorry, I'll call later in meeting"
"Bill, as in: Are there any letters for me. im expecting one from orange that isnt a bill but may still say orange on it.",ham,"Bill, as in: Are there any letters for me. im expecting one from orange that isnt a bill but may still say orange on it."
I jokin oni lar..  busy then i wun disturb _.,ham,I jokin oni lar..  busy then i wun disturb _.
Where are you ? What do you do ? How can you stand to be away from me ? Doesn't your heart ache without me ? Don't you wonder of me ? Don't you crave me ?,ham,Where are you ? What do you do ? How can you stand to be away from me ? Doesn't your heart ache without me ? Don't you wonder of me ? Don't you crave me ?
Nope... Juz off from work...,ham,Nope... Juz off from work...
Ok... Then r we meeting later?,ham,Ok... Then r we meeting later?
"What are you doing in langport? Sorry, but I'll probably be in bed by 9pm. It sucks being ill at xmas! When do you and go2sri lanka?",ham,"What are you doing in langport? Sorry, but I'll probably be in bed by 9pm. It sucks being ill at xmas! When do you and go2sri lanka?"
Ok lor.,ham,Ok lor.
Does not operate after &lt;#&gt; or what,ham,Does not operate after &lt;#&gt; or what
You have won a Nokia 7250i. This is what you get when you win our FREE auction. To take part send Nokia to 86021 now. HG/Suite342/2Lands Row/W1JHL 16+,spam,Y o u h a v e won a N o k i a 7250i. Th is is w h a t y o u g e t w hen y o u w i n o u r F R E E a u c t i o n. To t ake p a r t se nd N o k i a to 8 6 0 2 1 n o w. HG/S u i t e 3 4 2/2 L a n d s Row/W1JHL 16+
Where are you ? What are you doing ? Are yuou working on getting the pc to your mom's ? Did you find a spot that it would work ? I need you,ham,Where are you ? What are you doing ? Are yuou working on getting the pc to your mom's ? Did you find a spot that it would work ? I need you
HMV BONUS SPECIAL 500 pounds of genuine HMV vouchers to be won. Just answer 4 easy questions. Play Now! Send HMV to 86688 More info:,spam,HMV BON US SPECI AL 500 p o u n d s of genuine HMV vouche rs to be won. J u s t answer 4 e asy questions. Pl ay N o w! Se nd HMV to 866 88 M o r e i nfo:
K..k..any special today?,ham,K..k..any special today?
I sent them. Do you like?,ham,I sent them. Do you like?
Also are you bringing galileo or dobby,ham,Also are you bringing galileo or dobby
I am literally in bed and have been up for like &lt;#&gt; hours,ham,I am literally in bed and have been up for like &lt;#&gt; hours
Ok...,ham,Ok...
"Oh... I was thkin of goin yogasana at 10 den no nd to go at 3 den can rush to parco 4 nb... Okie lor, u call me when ready...",ham,"Oh... I was thkin of goin yogasana at 10 den no nd to go at 3 den can rush to parco 4 nb... Okie lor, u call me when ready..."
URGENT! We are trying to contact U. Todays draw shows that you have won a 2000 prize GUARANTEED. Call 09066358361 from land line. Claim Y87. Valid 12hrs only,spam,U R G E N T! We are t r y i n g to cont a c t U. T odays d raw s h o w s t h a t y o u h a v e won a 2 0 0 0 pri ze G U A R A N T E E D. C a l l 09066358361 f r o m l a n d l i n e. C l a i m Y87. Va lid 1 2 h r s o nly
SMS AUCTION - A BRAND NEW Nokia 7250 is up 4 auction today! Auction is FREE 2 join & take part! Txt NOKIA to 86021 now!,spam,S M S A U C T I O N - A BRAND N E W No kia 7250 is up 4 a uction t o d a y! Auct ion is F R E E 2 jo in & t ake p art! Txt N O K I A to 8 6 0 2 1 n o w!
Oh yah... We never cancel leh... Haha,ham,Oh yah... We never cancel leh... Haha
Sorry. || mail? ||,ham,Sorry. || mail? ||
Thats cool! I am a gentleman and will treat you with dignity and respect.,ham,Thats cool! I am a gentleman and will treat you with dignity and respect.
Mom wants to know where you at,ham,Mom wants to know where you at
No problem. How are you doing?,ham,No problem. How are you doing?
Yes.he have good crickiting mind,ham,Yes.he have good crickiting mind
You can donate 2.50 to UNICEF's Asian Tsunami disaster support fund by texting DONATE to 864233. 2.50 will be added to your next bill,spam,Y o u can donate 2.50 to UNICEF's Asian Tsunami disaster support f u n d by texting DONATE to 864233. 2.50 w ill be added to y o u r n e x t bill
"And how you will do that, princess? :)",ham,"And how you will do that, princess? :)"
Sorry i missed your call. Can you please call back.,ham,Sorry i missed your call. Can you please call back.
Guess who am I?This is the first time I created a web page WWW.ASJESUS.COM read all I wrote. I'm waiting for your opinions. I want to be your friend 1/1,spam,Guess who am I?T h i s is the f irst t i m e I created a w e b page WWW.ASJESUS.COM read a l l I wrote. I'm w a i t i n g for y o u r opinions. I w ant to be y our f r i e n d 1/1
Dont pick up d call when something important is There to tell. Hrishi,ham,Dont pick up d call when something important is There to tell. Hrishi
Sorry me going home first... Daddy come fetch _ later...,ham,Sorry me going home first... Daddy come fetch _ later...
Okay but i thought you were the expert,ham,Okay but i thought you were the expert
The message sent is askin for &lt;#&gt; dollars. Shoul i pay &lt;#&gt; or &lt;#&gt; ?,ham,The message sent is askin for &lt;#&gt; dollars. Shoul i pay &lt;#&gt; or &lt;#&gt; ?
"Hi this is yijue, can i meet u at 11 tmr?",ham,"Hi this is yijue, can i meet u at 11 tmr?"
Shall i start from hear.,ham,Shall i start from hear.
Even u dont get in trouble while convincing..just tel him once or twice and just tel neglect his msgs dont c and read it..just dont reply,ham,Even u dont get in trouble while convincing..just tel him once or twice and just tel neglect his msgs dont c and read it..just dont reply
CDs 4u: Congratulations ur awarded 500 of CD gift vouchers or 125 gift guaranteed & Freeentry 2 100 wkly draw xt MUSIC to 87066 TnCs ,spam,CDs 4u: C o n g r a t u l a t i o n s ur a w a r d e d 500 of CD gi ft vouche rs or 125 gi ft g u a r a n t e e d & Freeentry 2 100 wk ly dr aw xt MU SIC to 87 066 TnCs 
Once free call me sir. I am waiting for you.,ham,Once free call me sir. I am waiting for you.
Where are the garage keys? They aren't on the bookshelf,ham,Where are the garage keys? They aren't on the bookshelf
"\ME 2 BABE I FEEL THE SAME LETS JUST 4GET ABOUT IT+BOTH TRY +CHEER UP+NOT FIT SOO MUCHXXLOVE U LOCAXX\""""",ham,"\ME 2 BABE I FEEL THE SAME LETS JUST 4GET ABOUT IT+BOTH TRY +CHEER UP+NOT FIT SOO MUCHXXLOVE U LOCAXX\"""""
"Awesome, I'll see you in a bit",ham,"Awesome, I'll see you in a bit"
What is this 'hex' place you talk of? Explain!,ham,What is this 'hex' place you talk of? Explain!
"Aight, I'll hit you up when I get some cash",ham,"Aight, I'll hit you up when I get some cash"
Nutter. Cutter. Ctter. Cttergg. Cttargg. Ctargg. Ctagg. ie you,ham,Nutter. Cutter. Ctter. Cttergg. Cttargg. Ctargg. Ctagg. ie you
"Thats the thing with apes, u can fight to the death to keep something, but the minute they have it when u let go, thats it!",ham,"Thats the thing with apes, u can fight to the death to keep something, but the minute they have it when u let go, thats it!"
Change again... It's e one next to escalator...,ham,Change again... It's e one next to escalator...
Hi my email address has changed now it is,ham,Hi my email address has changed now it is
PRIVATE! Your 2004 Account Statement for 078498****7 shows 786 unredeemed Bonus Points. To claim call 08719180219 Identifier Code: 45239 Expires 06.05.05,spam,P RIVATE! Y o u r 2 0 0 4 A c c o u n t S t a t e m e n t for 078498****7 s hows 786 unredeemed B o n u s Poin ts. To c l a i m c a l l 08719180219 Identifi er C ode: 45239 Expir es 06.05.05
 wait 4 me in sch i finish ard 5..,ham, wait 4 me in sch i finish ard 5..
Lol! U drunkard! Just doing my hair at d moment. Yeah still up 4 tonight. Wats the plan?,ham,Lol! U drunkard! Just doing my hair at d moment. Yeah still up 4 tonight. Wats the plan?
"\I;m reaching in another 2 stops.\""""",ham,"\I;m reaching in another 2 stops.\"""""
Or maybe my fat fingers just press all these buttons and it doesn't know what to do.,ham,Or maybe my fat fingers just press all these buttons and it doesn't know what to do.
I can take you at like noon,ham,I can take you at like noon
IM LATE TELLMISS IM ON MY WAY,ham,IM LATE TELLMISS IM ON MY WAY
"Better than bb. If he wont use it, his wife will or them doctor",ham,"Better than bb. If he wont use it, his wife will or them doctor"
Never y lei... I v lazy... Got wat? Dat day _ send me da url cant work one...,ham,Never y lei... I v lazy... Got wat? Dat day _ send me da url cant work one...
"Just arrived, see you in a couple days &lt;3",ham,"Just arrived, see you in a couple days &lt;3"
"Haha awesome, I might need to take you up on that, what you doin tonight?",ham,"Haha awesome, I might need to take you up on that, what you doin tonight?"
I'm very happy for you babe ! Woo hoo party on dude!,ham,I'm very happy for you babe ! Woo hoo party on dude!
You are a winner you have been specially selected to receive 1000 cash or a 2000 award. Speak to a live operator to claim call 087123002209am-7pm. Cost 10p,spam,Y o u are a w i n n e r y o u ha ve be en s p e c i a l l y selec ted to r e c e i v e 1 0 0 0 ca sh or a 2 0 0 0 a w a r d. Spe ak to a li ve o p e r a t o r to c l a i m c a l l 087123002209am-7pm. C o s t 10p
